CPV,1950,7.775,6.984,6.362,6.058,5.874,5.707,5.526,5.327,5.107,4.874,4.657,4.464,4.295,4.151,4.103,3.963,3.82,3.675,3.533,3.397,3.284,3.171,3.055,2.937,2.819,2.706,2.599,2.499,2.405,2.319,2.241,2.172,2.113,2.064,2.023,1.984,1.948,1.915,1.882,1.85,1.814,1.772,1.725,1.672,1.615,1.557,1.498,1.439,1.38,1.32,1.263,1.207,1.154,1.103,1.053,1.004,0.954,0.903,0.852,0.802,0.755,0.714,0.68,0.649,0.593,0.557,0.532,0.507,0.492,0.476,0.459,0.441,0.42,0.397,0.372,0.345,0.316,0.284,0.249,0.215,0.18,0.147,0.115,0.087,0.063,0.045,0.03,0.02,0.012,0.007,0.004,0.002,0.001,0,0,0,0,0,0,0
CPV,1951,7.55,7.22,6.736,6.197,5.939,5.787,5.641,5.474,5.284,5.07,4.841,4.378,4.196,4.041,3.912,3.884,3.764,3.64,3.516,3.393,3.275,3.175,3.071,2.963,2.852,2.738,2.628,2.524,2.424,2.333,2.248,2.172,2.107,2.051,2.006,1.97,1.935,1.904,1.875,1.848,1.822,1.79,1.752,1.711,1.663,1.609,1.556,1.499,1.443,1.386,1.33,1.273,1.218,1.165,1.113,1.063,1.013,0.962,0.91,0.858,0.806,0.758,0.716,0.68,0.649,0.59,0.552,0.526,0.499,0.482,0.462,0.432,0.412,0.39,0.366,0.339,0.31,0.279,0.246,0.212,0.177,0.144,0.113,0.086,0.062,0.044,0.03,0.02,0.012,0.007,0.004,0.002,0.001,0,0,0,0,0,0,0
CPV,1952,7.617,7.027,6.976,6.562,6.077,5.851,5.719,5.587,5.43,5.246,5.037,4.562,4.111,3.942,3.805,3.694,3.685,3.586,3.481,3.376,3.271,3.166,3.076,2.98,2.879,2.771,2.66,2.553,2.449,2.353,2.264,2.181,2.108,2.046,1.994,1.954,1.92,1.89,1.865,1.842,1.82,1.797,1.77,1.738,1.7,1.655,1.607,1.555,1.503,1.449,1.394,1.337,1.281,1.227,1.174,1.122,1.072,1.02,0.968,0.915,0.861,0.808,0.759,0.716,0.678,0.644,0.584,0.545,0.517,0.488,0.467,0.436,0.405,0.384,0.359,0.333,0.305,0.274,0.242,0.209,0.175,0.142,0.111,0.084,0.062,0.044,0.03,0.019,0.012,0.007,0.004,0.002,0.001,0,0,0,0,0,0,0
CPV,1953,7.685,7.092,6.792,6.801,6.433,5.984,5.782,5.664,5.542,5.39,5.212,4.735,4.273,3.837,3.688,3.569,3.481,3.493,3.415,3.332,3.245,3.153,3.06,2.979,2.89,2.791,2.688,2.579,2.475,2.374,2.278,2.191,2.112,2.043,1.985,1.938,1.902,1.874,1.851,1.83,1.812,1.796,1.779,1.756,1.728,1.695,1.653,1.607,1.559,1.508,1.457,1.404,1.348,1.293,1.238,1.184,1.132,1.079,1.026,0.972,0.918,0.863,0.809,0.759,0.713,0.674,0.639,0.577,0.536,0.506,0.475,0.44,0.408,0.377,0.353,0.327,0.299,0.27,0.238,0.206,0.173,0.14,0.109,0.083,0.06,0.042,0.028,0.019,0.012,0.007,0.004,0.002,0.001,0,0,0,0,0,0,0
CPV,1954,7.743,7.159,6.855,6.624,6.671,6.331,5.904,5.717,5.611,5.499,5.352,4.89,4.426,3.982,3.567,3.438,3.343,3.278,3.313,3.256,3.194,3.121,3.043,2.959,2.883,2.799,2.703,2.603,2.498,2.395,2.295,2.202,2.119,2.044,1.978,1.926,1.884,1.855,1.832,1.815,1.8,1.788,1.778,1.766,1.747,1.722,1.694,1.654,1.612,1.566,1.519,1.468,1.416,1.361,1.306,1.25,1.195,1.141,1.086,1.031,0.976,0.921,0.865,0.809,0.757,0.709,0.667,0.632,0.569,0.526,0.493,0.448,0.413,0.38,0.348,0.322,0.295,0.265,0.235,0.203,0.17,0.138,0.109,0.082,0.06,0.042,0.028,0.019,0.012,0.007,0.004,0.002,0.001,0,0,0,0,0,0,0
CPV,1955,7.784,7.216,6.918,6.685,6.498,6.573,6.255,5.846,5.667,5.568,5.459,5.016,4.568,4.123,3.699,3.308,3.204,3.133,3.091,3.149,3.112,3.066,3.007,2.936,2.86,2.79,2.709,2.616,2.518,2.415,2.315,2.217,2.128,2.048,1.979,1.918,1.872,1.835,1.813,1.796,1.785,1.776,1.77,1.765,1.757,1.743,1.722,1.696,1.66,1.621,1.577,1.53,1.482,1.43,1.373,1.318,1.261,1.203,1.147,1.092,1.034,0.978,0.921,0.864,0.807,0.753,0.704,0.66,0.621,0.557,0.512,0.465,0.42,0.384,0.351,0.317,0.29,0.262,0.232,0.2,0.169,0.137,0.108,0.081,0.059,0.042,0.028,0.018,0.012,0.007,0.004,0.002,0.001,0,0,0,0,0,0,0
CPV,1956,8.189,7.174,6.808,6.587,6.345,6.139,6.152,5.847,5.473,5.297,5.195,5.091,4.714,4.336,3.969,3.62,3.299,3.214,3.155,3.119,3.162,3.124,3.074,3.009,2.933,2.848,2.767,2.68,2.584,2.483,2.379,2.28,2.184,2.099,2.024,1.96,1.905,1.862,1.829,1.807,1.793,1.782,1.774,1.769,1.765,1.758,1.742,1.722,1.696,1.659,1.619,1.574,1.525,1.474,1.42,1.36,1.303,1.243,1.184,1.128,1.072,1.014,0.957,0.9,0.842,0.785,0.729,0.679,0.634,0.593,0.532,0.483,0.437,0.391,0.355,0.32,0.286,0.258,0.228,0.198,0.166,0.135,0.106,0.081,0.059,0.042,0.028,0.018,0.012,0.007,0.004,0.002,0.001,0,0,0,0,0,0,0
CPV,1957,8.511,7.573,6.848,6.551,6.303,6.035,5.799,5.744,5.448,5.104,4.928,4.823,4.723,4.411,4.105,3.812,3.54,3.289,3.224,3.177,3.145,3.174,3.134,3.08,3.011,2.929,2.834,2.744,2.65,2.55,2.447,2.343,2.246,2.152,2.07,2.001,1.942,1.891,1.852,1.821,1.802,1.79,1.779,1.772,1.767,1.765,1.758,1.742,1.722,1.695,1.658,1.616,1.569,1.519,1.466,1.409,1.346,1.286,1.225,1.164,1.106,1.049,0.992,0.936,0.877,0.82,0.76,0.706,0.655,0.609,0.565,0.503,0.454,0.407,0.362,0.324,0.289,0.254,0.225,0.195,0.164,0.134,0.106,0.081,0.059,0.042,0.028,0.018,0.011,0.007,0.004,0.002,0.001,0,0,0,0,0,0,0
CPV,1958,8.934,7.933,7.257,6.673,6.344,6.049,5.747,5.471,5.346,5.052,4.737,4.562,4.452,4.355,4.107,3.872,3.655,3.458,3.277,3.233,3.198,3.169,3.185,3.143,3.087,3.014,2.924,2.822,2.722,2.621,2.516,2.411,2.305,2.21,2.118,2.041,1.976,1.923,1.877,1.841,1.814,1.797,1.786,1.776,1.77,1.765,1.763,1.757,1.74,1.721,1.693,1.655,1.613,1.564,1.513,1.457,1.396,1.331,1.268,1.205,1.142,1.084,1.028,0.968,0.912,0.853,0.795,0.737,0.683,0.629,0.583,0.533,0.471,0.423,0.376,0.33,0.293,0.257,0.222,0.193,0.163,0.132,0.104,0.079,0.058,0.041,0.028,0.018,0.011,0.007,0.004,0.002,0.001,0,0,0,0,0,0,0
CPV,1959,9.437,8.391,7.658,7.098,6.547,6.166,5.817,5.471,5.152,4.951,4.659,4.372,4.196,4.081,3.987,3.804,3.639,3.497,3.377,3.265,3.241,3.219,3.194,3.196,3.153,3.093,3.016,2.919,2.809,2.698,2.592,2.481,2.374,2.268,2.176,2.086,2.011,1.95,1.904,1.862,1.83,1.806,1.79,1.781,1.773,1.768,1.763,1.759,1.755,1.738,1.717,1.69,1.652,1.608,1.559,1.506,1.447,1.384,1.314,1.249,1.183,1.119,1.06,1.003,0.944,0.887,0.829,0.771,0.713,0.659,0.605,0.55,0.5,0.44,0.39,0.344,0.299,0.261,0.225,0.19,0.16,0.131,0.103,0.079,0.058,0.04,0.028,0.018,0.011,0.007,0.004,0.002,0.001,0,0,0,0,0,0,0
CPV,1960,9.904,8.924,8.159,7.545,6.989,6.451,6.008,5.597,5.203,4.838,4.56,4.268,4.007,3.829,3.708,3.617,3.499,3.404,3.338,3.294,3.252,3.249,3.238,3.219,3.207,3.162,3.099,3.018,2.914,2.797,2.675,2.562,2.446,2.338,2.231,2.14,2.051,1.981,1.925,1.884,1.847,1.819,1.798,1.785,1.776,1.77,1.764,1.759,1.756,1.751,1.735,1.714,1.686,1.647,1.602,1.552,1.496,1.435,1.369,1.297,1.229,1.16,1.096,1.036,0.978,0.919,0.862,0.804,0.746,0.689,0.635,0.571,0.517,0.467,0.406,0.357,0.31,0.265,0.228,0.192,0.158,0.129,0.102,0.078,0.057,0.04,0.028,0.018,0.011,0.007,0.004,0.002,0.001,0,0,0,0,0,0,0
CPV,1961,8.966,9.314,8.678,7.997,7.434,6.91,6.392,5.963,5.56,5.172,4.809,4.323,4.04,3.792,3.627,3.522,3.447,3.347,3.27,3.219,3.19,3.16,3.164,3.159,3.144,3.135,3.092,3.031,2.951,2.85,2.734,2.613,2.503,2.39,2.285,2.181,2.095,2.011,1.944,1.895,1.857,1.825,1.8,1.783,1.772,1.765,1.762,1.757,1.754,1.752,1.747,1.732,1.71,1.682,1.641,1.596,1.543,1.487,1.422,1.356,1.282,1.213,1.143,1.077,1.017,0.956,0.896,0.838,0.779,0.721,0.662,0.598,0.535,0.481,0.431,0.371,0.322,0.276,0.232,0.194,0.16,0.127,0.101,0.077,0.056,0.04,0.027,0.018,0.011,0.007,0.004,0.002,0.001,0,0,0,0,0,0,0
CPV,1962,9.107,8.485,9.105,8.545,7.913,7.379,6.875,6.368,5.944,5.546,5.158,4.799,4.315,4.032,3.784,3.619,3.514,3.44,3.338,3.262,3.21,3.179,3.146,3.152,3.143,3.127,3.116,3.073,3.011,2.931,2.83,2.715,2.594,2.484,2.37,2.267,2.163,2.076,1.993,1.926,1.877,1.839,1.806,1.782,1.764,1.753,1.745,1.74,1.733,1.73,1.725,1.719,1.703,1.68,1.65,1.607,1.561,1.507,1.45,1.387,1.319,1.244,1.176,1.105,1.038,0.979,0.917,0.857,0.801,0.742,0.684,0.625,0.561,0.499,0.444,0.393,0.335,0.287,0.241,0.198,0.162,0.129,0.1,0.076,0.056,0.04,0.027,0.018,0.011,0.007,0.004,0.002,0.001,0,0,0,0,0,0,0
CPV,1963,9.317,8.634,8.306,8.974,8.458,7.855,7.34,6.844,6.344,5.923,5.524,5.189,4.838,4.36,4.083,3.839,3.677,3.569,3.491,3.388,3.305,3.242,3.2,3.154,3.146,3.125,3.098,3.076,3.026,2.958,2.876,2.773,2.66,2.542,2.438,2.331,2.234,2.136,2.055,1.977,1.916,1.869,1.835,1.805,1.783,1.765,1.753,1.743,1.738,1.728,1.722,1.715,1.706,1.687,1.662,1.631,1.586,1.538,1.484,1.426,1.363,1.295,1.221,1.153,1.082,1.016,0.956,0.895,0.837,0.779,0.721,0.647,0.587,0.524,0.462,0.407,0.357,0.299,0.251,0.207,0.166,0.132,0.102,0.076,0.055,0.04,0.028,0.018,0.011,0.007,0.004,0.002,0.001,0,0,0,0,0,0,0
CPV,1964,9.489,8.842,8.455,8.191,8.887,8.398,7.812,7.306,6.817,6.321,5.9,5.556,5.23,4.886,4.414,4.141,3.898,3.735,3.626,3.543,3.432,3.34,3.266,3.208,3.15,3.129,3.095,3.057,3.027,2.972,2.9,2.818,2.717,2.608,2.496,2.397,2.295,2.205,2.114,2.04,1.968,1.91,1.867,1.835,1.806,1.784,1.766,1.753,1.742,1.735,1.722,1.714,1.704,1.693,1.671,1.643,1.612,1.565,1.516,1.462,1.403,1.339,1.273,1.198,1.13,1.059,0.993,0.934,0.874,0.815,0.758,0.682,0.608,0.549,0.485,0.424,0.368,0.319,0.263,0.216,0.174,0.136,0.104,0.077,0.056,0.04,0.028,0.018,0.011,0.007,0.004,0.002,0.001,0,0,0,0,0,0,0
CPV,1965,9.669,9.012,8.663,8.339,8.113,8.825,8.355,7.78,7.28,6.793,6.298,5.935,5.599,5.282,4.945,4.477,4.205,3.962,3.796,3.681,3.591,3.47,3.364,3.275,3.204,3.132,3.098,3.053,3.007,2.971,2.912,2.839,2.76,2.663,2.559,2.453,2.362,2.266,2.183,2.099,2.031,1.963,1.91,1.869,1.838,1.81,1.787,1.767,1.754,1.741,1.731,1.718,1.705,1.693,1.678,1.655,1.625,1.591,1.544,1.494,1.438,1.381,1.316,1.25,1.176,1.108,1.037,0.971,0.913,0.852,0.794,0.718,0.642,0.569,0.509,0.446,0.384,0.33,0.28,0.226,0.182,0.142,0.107,0.08,0.058,0.04,0.028,0.018,0.012,0.007,0.004,0.002,0.001,0,0,0,0,0,0,0
CPV,1966,9.858,9.194,8.837,8.548,8.261,8.057,8.78,8.319,7.75,7.253,6.768,6.336,5.983,5.658,5.346,5.014,4.549,4.274,4.028,3.857,3.734,3.633,3.498,3.377,3.272,3.187,3.1,3.055,3,2.948,2.908,2.849,2.778,2.703,2.612,2.514,2.416,2.332,2.244,2.167,2.09,2.027,1.964,1.912,1.874,1.844,1.816,1.792,1.771,1.755,1.738,1.726,1.71,1.695,1.681,1.664,1.638,1.606,1.572,1.523,1.473,1.417,1.359,1.294,1.228,1.154,1.087,1.017,0.951,0.892,0.832,0.752,0.676,0.601,0.528,0.469,0.405,0.345,0.291,0.242,0.19,0.149,0.113,0.083,0.06,0.042,0.028,0.019,0.012,0.007,0.004,0.002,0.001,0,0,0,0,0,0,0
CPV,1967,10.06,9.386,9.022,8.724,8.471,8.207,8.016,8.743,8.287,7.723,7.227,6.813,6.391,6.049,5.732,5.424,5.094,4.628,4.35,4.099,3.918,3.782,3.663,3.514,3.375,3.253,3.154,3.054,2.998,2.937,2.88,2.839,2.783,2.715,2.648,2.563,2.474,2.386,2.31,2.229,2.159,2.088,2.03,1.971,1.92,1.883,1.853,1.823,1.798,1.775,1.756,1.738,1.722,1.703,1.686,1.669,1.651,1.621,1.589,1.553,1.504,1.453,1.397,1.34,1.274,1.208,1.134,1.067,0.997,0.931,0.873,0.788,0.71,0.634,0.559,0.486,0.426,0.364,0.304,0.252,0.204,0.157,0.119,0.087,0.062,0.043,0.029,0.019,0.012,0.008,0.005,0.002,0.001,0,0,0,0,0,0,0
CPV,1968,10.289,9.594,9.217,8.911,8.649,8.417,8.165,7.983,8.71,8.257,7.694,7.277,6.875,6.465,6.132,5.821,5.516,5.184,4.716,4.429,4.167,3.973,3.819,3.682,3.513,3.355,3.218,3.104,2.994,2.93,2.864,2.805,2.768,2.715,2.656,2.596,2.521,2.441,2.361,2.295,2.222,2.158,2.094,2.037,1.982,1.933,1.896,1.864,1.833,1.806,1.781,1.759,1.735,1.718,1.696,1.676,1.658,1.637,1.606,1.573,1.536,1.487,1.435,1.379,1.321,1.256,1.189,1.115,1.049,0.978,0.911,0.827,0.743,0.665,0.589,0.515,0.443,0.383,0.322,0.264,0.213,0.168,0.126,0.092,0.066,0.045,0.03,0.02,0.012,0.008,0.005,0.002,0.002,0,0,0,0,0,0,0
CPV,1969,10.546,9.828,9.431,9.109,8.837,8.596,8.376,8.131,7.95,8.677,8.227,7.75,7.346,6.957,6.558,6.23,5.922,5.615,5.281,4.805,4.507,4.229,4.015,3.839,3.682,3.493,3.318,3.166,3.039,2.919,2.85,2.783,2.727,2.694,2.651,2.601,2.551,2.487,2.416,2.347,2.288,2.224,2.165,2.104,2.052,1.997,1.949,1.911,1.877,1.843,1.813,1.786,1.762,1.735,1.713,1.689,1.666,1.645,1.624,1.592,1.558,1.519,1.471,1.42,1.362,1.305,1.238,1.172,1.098,1.031,0.961,0.865,0.781,0.697,0.619,0.543,0.469,0.399,0.339,0.279,0.223,0.176,0.134,0.097,0.069,0.048,0.032,0.021,0.013,0.008,0.005,0.002,0.002,0,0,0,0,0,0,0
CPV,1970,10.843,10.091,9.67,9.327,9.038,8.784,8.555,8.341,8.101,7.92,8.646,8.286,7.823,7.432,7.056,6.662,6.337,6.028,5.718,5.376,4.886,4.572,4.274,4.037,3.839,3.661,3.453,3.262,3.097,2.96,2.835,2.767,2.704,2.653,2.628,2.594,2.555,2.515,2.462,2.403,2.341,2.29,2.232,2.177,2.12,2.068,2.014,1.965,1.925,1.889,1.853,1.822,1.79,1.762,1.732,1.707,1.681,1.655,1.633,1.61,1.577,1.544,1.504,1.454,1.403,1.346,1.288,1.221,1.155,1.08,1.013,0.912,0.817,0.732,0.65,0.572,0.496,0.423,0.354,0.295,0.237,0.185,0.14,0.105,0.073,0.051,0.034,0.022,0.014,0.008,0.005,0.003,0.002,0,0,0,0,0,0,0
CPV,1971,11.159,10.381,9.928,9.562,9.254,8.986,8.747,8.527,8.319,8.082,7.903,8.637,8.279,7.819,7.429,7.053,6.66,6.334,6.025,5.713,5.369,4.877,4.56,4.259,4.021,3.821,3.642,3.433,3.24,3.075,2.938,2.813,2.744,2.683,2.632,2.607,2.574,2.535,2.497,2.445,2.385,2.324,2.274,2.216,2.161,2.103,2.05,1.996,1.945,1.905,1.869,1.831,1.798,1.766,1.737,1.705,1.679,1.651,1.624,1.599,1.574,1.54,1.504,1.463,1.411,1.358,1.3,1.241,1.174,1.107,1.033,0.962,0.862,0.768,0.683,0.6,0.523,0.448,0.376,0.308,0.252,0.197,0.149,0.111,0.08,0.055,0.036,0.024,0.015,0.009,0.005,0.003,0.002,0,0,0,0,0,0,0
CPV,1972,11.471,10.616,10.136,9.738,9.409,9.128,8.881,8.658,8.449,8.249,8.015,7.806,8.526,8.157,7.685,7.285,6.9,6.501,6.173,5.864,5.554,5.212,4.723,4.409,4.114,3.881,3.686,3.515,3.314,3.127,2.969,2.838,2.721,2.658,2.601,2.558,2.538,2.51,2.475,2.441,2.393,2.337,2.279,2.229,2.174,2.119,2.062,2.011,1.958,1.908,1.867,1.831,1.793,1.76,1.728,1.698,1.666,1.638,1.609,1.58,1.554,1.528,1.492,1.455,1.413,1.362,1.307,1.249,1.193,1.125,1.06,0.982,0.91,0.809,0.716,0.632,0.55,0.473,0.399,0.328,0.263,0.209,0.159,0.117,0.083,0.059,0.039,0.025,0.016,0.01,0.005,0.003,0.002,0,0,0,0,0,0,0
CPV,1973,11.665,10.89,10.331,9.907,9.544,9.244,8.986,8.757,8.549,8.351,8.154,7.872,7.644,8.346,7.959,7.472,7.058,6.664,6.262,5.934,5.627,5.321,4.985,4.501,4.195,3.906,3.683,3.499,3.337,3.147,2.969,2.823,2.702,2.595,2.543,2.496,2.461,2.449,2.427,2.4,2.37,2.328,2.276,2.221,2.175,2.122,2.067,2.012,1.963,1.911,1.862,1.824,1.787,1.75,1.717,1.683,1.653,1.622,1.593,1.562,1.534,1.506,1.48,1.443,1.406,1.362,1.311,1.258,1.2,1.144,1.078,1.006,0.927,0.855,0.756,0.662,0.579,0.497,0.421,0.348,0.28,0.219,0.169,0.125,0.089,0.062,0.042,0.027,0.018,0.01,0.006,0.004,0.002,0,0,0,0,0,0,0
CPV,1974,11.813,11.097,10.612,10.106,9.716,9.38,9.103,8.861,8.648,8.452,8.256,8.009,7.71,7.464,8.145,7.742,7.24,6.818,6.421,6.02,5.695,5.393,5.09,4.76,4.283,3.984,3.706,3.493,3.319,3.166,2.986,2.821,2.685,2.576,2.48,2.436,2.399,2.37,2.367,2.351,2.33,2.305,2.268,2.22,2.166,2.122,2.071,2.018,1.965,1.918,1.865,1.818,1.78,1.744,1.707,1.673,1.639,1.609,1.576,1.547,1.516,1.486,1.458,1.43,1.394,1.357,1.313,1.263,1.209,1.153,1.096,1.024,0.952,0.873,0.799,0.699,0.607,0.524,0.444,0.368,0.299,0.234,0.178,0.133,0.096,0.066,0.045,0.03,0.018,0.012,0.007,0.004,0.002,0,0,0,0,0,0,0
CPV,1975,11.973,11.259,10.823,10.388,9.914,9.551,9.237,8.979,8.752,8.549,8.354,8.109,7.844,7.526,7.263,7.925,7.506,6.998,6.571,6.176,5.779,5.457,5.158,4.863,4.539,4.071,3.782,3.514,3.311,3.147,3.005,2.836,2.682,2.558,2.46,2.372,2.338,2.309,2.289,2.29,2.281,2.265,2.245,2.21,2.165,2.115,2.072,2.022,1.971,1.919,1.873,1.823,1.775,1.739,1.701,1.665,1.63,1.596,1.565,1.531,1.503,1.47,1.439,1.411,1.384,1.346,1.308,1.266,1.216,1.163,1.106,1.044,0.971,0.898,0.817,0.741,0.643,0.552,0.469,0.39,0.317,0.251,0.192,0.141,0.103,0.072,0.048,0.032,0.021,0.012,0.007,0.004,0.002,0.001,0,0,0,0,0,0
CPV,1976,12.128,11.224,10.802,10.514,10.151,9.758,9.451,9.174,8.938,8.719,8.538,8.357,8.083,7.783,7.437,7.139,7.605,7.201,6.719,6.301,5.908,5.512,5.182,4.878,4.583,4.267,3.841,3.569,3.318,3.126,2.971,2.84,2.692,2.557,2.452,2.37,2.299,2.272,2.25,2.236,2.238,2.233,2.219,2.2,2.166,2.124,2.073,2.031,1.982,1.93,1.879,1.833,1.782,1.735,1.698,1.659,1.622,1.587,1.554,1.522,1.489,1.459,1.426,1.395,1.366,1.337,1.298,1.26,1.219,1.169,1.117,1.055,0.992,0.917,0.843,0.761,0.683,0.587,0.496,0.415,0.338,0.268,0.207,0.153,0.11,0.078,0.053,0.035,0.023,0.014,0.008,0.004,0.002,0.002,0,0,0,0,0,0
CPV,1977,12.022,11.339,10.77,10.487,10.24,9.937,9.615,9.358,9.118,8.901,8.689,8.528,8.361,8.057,7.722,7.345,7.013,7.285,6.893,6.438,6.029,5.638,5.246,4.907,4.598,4.302,3.994,3.611,3.356,3.122,2.94,2.795,2.675,2.547,2.432,2.346,2.28,2.225,2.206,2.191,2.181,2.185,2.184,2.171,2.154,2.122,2.081,2.032,1.989,1.94,1.889,1.839,1.792,1.74,1.694,1.657,1.617,1.579,1.543,1.511,1.477,1.443,1.415,1.382,1.35,1.32,1.289,1.251,1.213,1.17,1.121,1.067,1.004,0.939,0.863,0.786,0.703,0.625,0.529,0.44,0.36,0.286,0.222,0.167,0.12,0.085,0.058,0.039,0.025,0.015,0.009,0.005,0.002,0.002,0,0,0,0,0,0
CPV,1978,12.022,11.282,10.858,10.46,10.209,9.991,9.74,9.483,9.273,9.066,8.866,8.66,8.52,8.364,8.031,7.661,7.255,6.888,6.963,6.585,6.159,5.758,5.369,4.978,4.632,4.318,4.02,3.722,3.381,3.141,2.925,2.755,2.62,2.511,2.403,2.308,2.239,2.188,2.149,2.141,2.131,2.126,2.133,2.134,2.123,2.108,2.077,2.039,1.99,1.948,1.899,1.847,1.798,1.751,1.7,1.653,1.615,1.574,1.536,1.499,1.467,1.433,1.398,1.37,1.336,1.304,1.272,1.241,1.204,1.165,1.123,1.073,1.017,0.952,0.884,0.806,0.728,0.645,0.566,0.471,0.384,0.308,0.239,0.18,0.132,0.093,0.063,0.042,0.028,0.017,0.01,0.006,0.004,0.002,0,0,0,0,0,0
CPV,1979,12.135,11.343,10.843,10.516,10.186,9.955,9.756,9.551,9.359,9.191,9.015,8.832,8.631,8.511,8.367,8.006,7.599,7.164,6.761,6.642,6.276,5.879,5.486,5.099,4.711,4.358,4.036,3.739,3.449,3.151,2.928,2.73,2.572,2.446,2.347,2.258,2.184,2.131,2.098,2.075,2.075,2.072,2.073,2.081,2.084,2.074,2.062,2.032,1.996,1.948,1.906,1.856,1.805,1.757,1.711,1.66,1.612,1.574,1.531,1.492,1.455,1.423,1.388,1.353,1.324,1.289,1.258,1.224,1.194,1.157,1.117,1.075,1.024,0.965,0.898,0.829,0.749,0.669,0.585,0.506,0.414,0.329,0.258,0.195,0.143,0.103,0.07,0.047,0.03,0.019,0.011,0.006,0.004,0.002,0.001,0,0,0,0,0
CPV,1980,12.268,11.521,10.958,10.533,10.207,9.932,9.713,9.529,9.368,9.235,9.11,8.965,8.799,8.602,8.501,8.37,7.981,7.537,7.072,6.634,6.32,5.967,5.597,5.215,4.831,4.444,4.082,3.756,3.459,3.179,2.922,2.715,2.534,2.386,2.27,2.182,2.114,2.058,2.024,2.007,2.001,2.01,2.013,2.018,2.028,2.034,2.025,2.015,1.987,1.953,1.905,1.865,1.815,1.764,1.715,1.67,1.618,1.57,1.532,1.487,1.447,1.409,1.377,1.341,1.307,1.278,1.243,1.211,1.178,1.146,1.11,1.072,1.027,0.973,0.912,0.842,0.77,0.689,0.61,0.524,0.445,0.356,0.277,0.211,0.156,0.113,0.078,0.053,0.034,0.021,0.013,0.008,0.004,0.002,0.001,0,0,0,0,0
CPV,1981,12.617,11.829,11.299,10.773,10.372,10.066,9.808,9.604,9.433,9.281,9.148,8.977,8.816,8.631,8.418,8.301,8.156,7.757,7.311,6.848,6.412,6.1,5.754,5.389,5.014,4.639,4.261,3.909,3.591,3.303,3.033,2.786,2.588,2.418,2.281,2.173,2.095,2.034,1.987,1.958,1.947,1.946,1.958,1.965,1.971,1.983,1.991,1.982,1.975,1.947,1.914,1.867,1.828,1.778,1.727,1.679,1.634,1.581,1.533,1.495,1.449,1.41,1.374,1.34,1.304,1.27,1.24,1.206,1.173,1.141,1.108,1.065,1.024,0.977,0.92,0.857,0.785,0.711,0.629,0.547,0.463,0.385,0.3,0.228,0.17,0.123,0.086,0.059,0.038,0.024,0.015,0.008,0.004,0.002,0.002,0,0,0,0,0
CPV,1982,12.852,12.188,11.615,11.123,10.621,10.234,9.939,9.688,9.487,9.319,9.171,8.938,8.77,8.608,8.42,8.208,8.091,7.942,7.542,7.096,6.634,6.199,5.89,5.547,5.185,4.817,4.45,4.083,3.744,3.436,3.157,2.895,2.656,2.464,2.301,2.172,2.072,2,1.946,1.906,1.887,1.883,1.892,1.916,1.933,1.949,1.969,1.982,1.979,1.976,1.953,1.922,1.876,1.837,1.786,1.734,1.684,1.636,1.578,1.524,1.48,1.428,1.383,1.34,1.303,1.265,1.229,1.2,1.167,1.138,1.108,1.064,1.018,0.975,0.924,0.864,0.797,0.723,0.647,0.564,0.483,0.4,0.324,0.247,0.184,0.134,0.094,0.065,0.043,0.028,0.017,0.01,0.006,0.003,0.002,0,0,0,0,0
CPV,1983,12.938,12.427,11.975,11.439,10.971,10.486,10.109,9.818,9.571,9.375,9.21,8.963,8.734,8.564,8.399,8.21,7.998,7.88,7.728,7.327,6.883,6.423,5.991,5.684,5.345,4.989,4.63,4.275,3.918,3.588,3.289,3.018,2.764,2.532,2.349,2.193,2.072,1.977,1.91,1.864,1.834,1.825,1.832,1.851,1.885,1.911,1.934,1.96,1.979,1.98,1.981,1.96,1.93,1.884,1.844,1.792,1.737,1.684,1.63,1.567,1.508,1.459,1.402,1.35,1.303,1.264,1.224,1.189,1.161,1.131,1.105,1.064,1.016,0.969,0.921,0.866,0.804,0.735,0.658,0.58,0.497,0.416,0.337,0.267,0.199,0.144,0.103,0.071,0.048,0.031,0.018,0.011,0.006,0.003,0.002,0.001,0,0,0,0
CPV,1984,13.046,12.516,12.21,11.795,11.283,10.83,10.356,9.985,9.699,9.456,9.264,8.996,8.751,8.52,8.349,8.182,7.995,7.779,7.658,7.506,7.106,6.663,6.205,5.778,5.475,5.141,4.796,4.447,4.103,3.757,3.437,3.146,2.884,2.637,2.413,2.236,2.089,1.973,1.885,1.828,1.791,1.77,1.771,1.789,1.821,1.864,1.897,1.928,1.957,1.98,1.987,1.99,1.969,1.939,1.892,1.851,1.795,1.736,1.68,1.62,1.55,1.486,1.43,1.367,1.312,1.262,1.222,1.183,1.15,1.125,1.099,1.061,1.016,0.965,0.914,0.863,0.806,0.74,0.668,0.59,0.51,0.427,0.35,0.276,0.214,0.155,0.11,0.077,0.051,0.034,0.021,0.012,0.007,0.004,0.002,0.001,0,0,0,0
CPV,1985,13.13,12.627,12.296,12.025,11.633,11.137,10.695,10.227,9.861,9.578,9.34,9.042,8.778,8.531,8.298,8.126,7.96,7.77,7.552,7.428,7.278,6.88,6.439,5.985,5.562,5.265,4.94,4.606,4.27,3.936,3.6,3.289,3.006,2.752,2.514,2.297,2.127,1.988,1.878,1.799,1.751,1.724,1.717,1.73,1.758,1.8,1.851,1.891,1.926,1.96,1.986,1.996,1.998,1.978,1.947,1.898,1.855,1.794,1.731,1.669,1.602,1.527,1.457,1.395,1.328,1.271,1.221,1.181,1.144,1.113,1.092,1.054,1.012,0.964,0.911,0.857,0.802,0.741,0.673,0.597,0.518,0.439,0.36,0.287,0.221,0.168,0.119,0.082,0.055,0.037,0.023,0.013,0.007,0.004,0.002,0.001,0,0,0,0
CPV,1986,13.207,12.726,12.41,12.113,11.863,11.486,11,10.564,10.101,9.738,9.46,9.113,8.819,8.553,8.306,8.071,7.899,7.729,7.537,7.319,7.195,7.046,6.649,6.213,5.764,5.346,5.059,4.747,4.424,4.099,3.775,3.448,3.145,2.872,2.627,2.397,2.188,2.024,1.891,1.79,1.721,1.684,1.668,1.673,1.698,1.736,1.787,1.845,1.89,1.93,1.968,1.995,2.005,2.008,1.987,1.953,1.902,1.854,1.79,1.72,1.652,1.578,1.497,1.421,1.357,1.288,1.229,1.18,1.143,1.11,1.082,1.047,1.006,0.962,0.911,0.854,0.796,0.738,0.674,0.601,0.525,0.446,0.369,0.294,0.23,0.174,0.128,0.089,0.06,0.04,0.025,0.015,0.009,0.005,0.002,0.001,0,0,0,0
CPV,1987,13.318,12.822,12.513,12.228,11.951,11.715,11.346,10.867,10.435,9.976,9.618,9.229,8.886,8.591,8.322,8.073,7.841,7.665,7.493,7.299,7.081,6.959,6.811,6.418,5.988,5.544,5.136,4.861,4.561,4.25,3.935,3.621,3.302,3.009,2.744,2.508,2.285,2.082,1.925,1.801,1.711,1.652,1.627,1.625,1.642,1.677,1.725,1.781,1.844,1.895,1.939,1.978,2.006,2.015,2.018,1.994,1.957,1.903,1.848,1.779,1.702,1.628,1.549,1.463,1.383,1.316,1.246,1.19,1.143,1.109,1.079,1.039,1.001,0.956,0.909,0.855,0.795,0.734,0.672,0.605,0.53,0.453,0.375,0.304,0.237,0.181,0.133,0.096,0.065,0.043,0.027,0.016,0.009,0.005,0.003,0.001,0,0,0,0
CPV,1988,13.402,12.952,12.612,12.332,12.068,11.803,11.575,11.211,10.738,10.31,9.854,9.386,8.998,8.656,8.358,8.088,7.84,7.605,7.426,7.253,7.059,6.843,6.723,6.577,6.189,5.764,5.331,4.935,4.672,4.385,4.083,3.778,3.472,3.164,2.879,2.623,2.396,2.179,1.983,1.835,1.72,1.643,1.594,1.584,1.593,1.622,1.666,1.721,1.783,1.851,1.905,1.952,1.99,2.018,2.025,2.027,2,1.959,1.898,1.837,1.761,1.678,1.597,1.514,1.424,1.343,1.275,1.207,1.153,1.11,1.08,1.036,0.994,0.953,0.905,0.854,0.797,0.734,0.67,0.604,0.534,0.458,0.384,0.31,0.246,0.187,0.14,0.101,0.071,0.046,0.029,0.018,0.01,0.005,0.003,0.002,0.001,0,0,0
CPV,1989,13.454,13.055,12.747,12.435,12.173,11.92,11.664,11.44,11.081,10.61,10.188,9.62,9.155,8.767,8.421,8.122,7.854,7.604,7.364,7.186,7.012,6.82,6.607,6.488,6.345,5.964,5.55,5.13,4.746,4.494,4.217,3.926,3.628,3.331,3.033,2.757,2.509,2.289,2.079,1.894,1.755,1.651,1.586,1.551,1.552,1.573,1.611,1.663,1.723,1.79,1.862,1.919,1.966,2.005,2.028,2.035,2.032,2.001,1.954,1.887,1.82,1.737,1.647,1.562,1.474,1.383,1.301,1.236,1.17,1.121,1.081,1.038,0.992,0.948,0.903,0.852,0.798,0.738,0.671,0.603,0.536,0.464,0.389,0.318,0.252,0.195,0.145,0.106,0.074,0.051,0.033,0.02,0.012,0.007,0.003,0.002,0.001,0,0,0
CPV,1990,13.439,13.14,12.871,12.589,12.293,12.041,11.795,11.544,11.323,10.967,10.502,9.98,9.415,8.948,8.559,8.213,7.914,7.644,7.391,7.151,6.973,6.8,6.61,6.398,6.283,6.145,5.772,5.37,4.961,4.586,4.344,4.075,3.792,3.503,3.213,2.924,2.655,2.413,2.201,1.998,1.821,1.692,1.599,1.547,1.522,1.533,1.563,1.607,1.664,1.729,1.8,1.872,1.928,1.975,2.012,2.033,2.037,2.03,1.994,1.94,1.868,1.793,1.706,1.61,1.521,1.432,1.342,1.261,1.199,1.137,1.092,1.04,0.994,0.947,0.899,0.851,0.797,0.738,0.675,0.605,0.535,0.465,0.394,0.324,0.258,0.2,0.151,0.111,0.079,0.054,0.036,0.022,0.012,0.007,0.003,0.002,0.001,0,0,0
CPV,1991,13.5,13.218,13.039,12.794,12.529,12.248,12.003,11.763,11.516,11.297,10.944,10.479,9.955,9.384,8.909,8.506,8.143,7.827,7.539,7.27,7.016,6.828,6.647,6.454,6.242,6.127,5.994,5.626,5.232,4.829,4.463,4.229,3.966,3.691,3.408,3.126,2.842,2.58,2.344,2.137,1.939,1.766,1.641,1.552,1.502,1.48,1.492,1.525,1.571,1.627,1.694,1.765,1.837,1.894,1.938,1.975,1.994,1.999,1.99,1.954,1.899,1.825,1.752,1.663,1.566,1.478,1.389,1.299,1.218,1.155,1.093,1.047,0.995,0.947,0.896,0.845,0.794,0.736,0.675,0.608,0.536,0.464,0.395,0.326,0.262,0.204,0.154,0.114,0.081,0.055,0.036,0.023,0.012,0.007,0.004,0.001,0,0,0,0
CPV,1992,13.563,13.3,13.131,12.976,12.745,12.493,12.218,11.978,11.742,11.497,11.279,10.926,10.459,9.933,9.356,8.871,8.456,8.082,7.754,7.456,7.176,6.915,6.721,6.539,6.346,6.133,6.021,5.892,5.528,5.139,4.742,4.381,4.152,3.895,3.623,3.347,3.068,2.788,2.531,2.298,2.094,1.899,1.729,1.605,1.518,1.471,1.45,1.464,1.495,1.543,1.601,1.666,1.737,1.808,1.863,1.907,1.942,1.961,1.963,1.953,1.915,1.859,1.785,1.709,1.621,1.523,1.435,1.347,1.256,1.176,1.113,1.051,1.003,0.948,0.897,0.843,0.788,0.733,0.674,0.609,0.539,0.465,0.394,0.327,0.265,0.208,0.159,0.116,0.084,0.058,0.039,0.024,0.014,0.008,0.004,0.002,0,0,0,0
CPV,1993,13.638,13.379,13.224,13.077,12.935,12.714,12.469,12.197,11.96,11.725,11.481,11.264,10.91,10.441,9.908,9.327,8.834,8.412,8.031,7.695,7.392,7.108,6.844,6.648,6.465,6.273,6.062,5.952,5.824,5.464,5.078,4.685,4.326,4.101,3.847,3.578,3.306,3.029,2.751,2.496,2.267,2.064,1.872,1.703,1.581,1.495,1.447,1.428,1.441,1.475,1.52,1.579,1.643,1.713,1.783,1.836,1.878,1.912,1.929,1.929,1.916,1.877,1.821,1.743,1.667,1.579,1.48,1.392,1.305,1.214,1.134,1.069,1.005,0.956,0.899,0.844,0.788,0.73,0.672,0.608,0.54,0.469,0.396,0.328,0.267,0.211,0.162,0.12,0.087,0.061,0.04,0.026,0.016,0.009,0.005,0.002,0.001,0,0,0
CPV,1994,13.689,13.457,13.305,13.171,13.038,12.907,12.691,12.45,12.18,11.945,11.71,11.467,11.248,10.892,10.419,9.883,9.296,8.796,8.368,7.981,7.64,7.332,7.045,6.78,6.583,6.401,6.209,5.999,5.892,5.767,5.41,5.026,4.636,4.281,4.058,3.806,3.541,3.27,2.996,2.719,2.468,2.24,2.039,1.849,1.681,1.559,1.474,1.427,1.408,1.421,1.455,1.5,1.558,1.621,1.69,1.758,1.81,1.85,1.88,1.896,1.894,1.879,1.838,1.78,1.702,1.624,1.534,1.436,1.349,1.261,1.171,1.088,1.023,0.959,0.905,0.846,0.789,0.731,0.669,0.607,0.539,0.47,0.399,0.329,0.266,0.212,0.164,0.123,0.09,0.063,0.042,0.027,0.017,0.01,0.005,0.003,0.002,0,0,0
CPV,1995,13.611,13.507,13.384,13.252,13.132,13.009,12.885,12.672,12.435,12.164,11.93,11.696,11.452,11.231,10.87,10.394,9.851,9.258,8.752,8.319,7.928,7.583,7.273,6.984,6.719,6.521,6.341,6.151,5.943,5.837,5.715,5.36,4.978,4.592,4.24,4.018,3.769,3.504,3.236,2.965,2.691,2.441,2.216,2.016,1.827,1.66,1.538,1.454,1.408,1.388,1.402,1.435,1.479,1.538,1.599,1.667,1.732,1.782,1.819,1.848,1.861,1.858,1.84,1.797,1.737,1.658,1.578,1.488,1.391,1.302,1.215,1.124,1.042,0.975,0.909,0.853,0.791,0.731,0.669,0.604,0.538,0.469,0.4,0.331,0.267,0.212,0.165,0.125,0.091,0.064,0.044,0.028,0.017,0.011,0.005,0.003,0.002,0,0,0
CPV,1996,13.479,13.419,13.419,13.321,13.205,13.096,12.982,12.861,12.652,12.416,12.147,11.913,11.679,11.432,11.207,10.842,10.359,9.811,9.212,8.702,8.264,7.87,7.523,7.212,6.923,6.656,6.46,6.281,6.093,5.886,5.781,5.661,5.31,4.931,4.549,4.198,3.979,3.731,3.469,3.203,2.934,2.662,2.414,2.191,1.992,1.805,1.638,1.517,1.433,1.387,1.368,1.381,1.415,1.458,1.517,1.576,1.642,1.705,1.753,1.786,1.813,1.825,1.817,1.797,1.753,1.691,1.61,1.53,1.44,1.342,1.254,1.166,1.075,0.992,0.924,0.855,0.796,0.732,0.668,0.604,0.535,0.467,0.398,0.332,0.269,0.212,0.164,0.125,0.092,0.066,0.045,0.029,0.018,0.011,0.006,0.003,0.002,0.001,0,0
CPV,1997,13.34,13.315,13.351,13.371,13.286,13.177,13.076,12.964,12.847,12.638,12.402,12.133,11.899,11.661,11.411,11.182,10.81,10.322,9.768,9.164,8.649,8.209,7.812,7.465,7.153,6.864,6.599,6.405,6.226,6.039,5.835,5.731,5.613,5.264,4.888,4.507,4.161,3.941,3.697,3.436,3.173,2.905,2.635,2.389,2.168,1.97,1.785,1.618,1.497,1.413,1.368,1.349,1.363,1.396,1.439,1.496,1.554,1.617,1.679,1.724,1.754,1.779,1.787,1.778,1.756,1.708,1.645,1.562,1.483,1.392,1.294,1.206,1.118,1.026,0.941,0.871,0.8,0.738,0.672,0.604,0.536,0.466,0.398,0.332,0.269,0.214,0.165,0.125,0.093,0.067,0.045,0.03,0.019,0.012,0.006,0.004,0.002,0.001,0,0
CPV,1998,13.215,13.193,13.252,13.305,13.337,13.26,13.159,13.059,12.95,12.833,12.625,12.388,12.119,11.883,11.642,11.387,11.15,10.773,10.279,9.72,9.112,8.594,8.152,7.754,7.406,7.095,6.806,6.542,6.35,6.173,5.988,5.784,5.683,5.566,5.221,4.846,4.468,4.123,3.907,3.663,3.405,3.144,2.879,2.61,2.365,2.145,1.949,1.765,1.598,1.477,1.395,1.349,1.332,1.344,1.377,1.42,1.475,1.531,1.593,1.651,1.693,1.722,1.743,1.749,1.737,1.712,1.663,1.598,1.516,1.435,1.343,1.247,1.157,1.068,0.974,0.888,0.816,0.743,0.678,0.609,0.539,0.469,0.398,0.333,0.271,0.216,0.167,0.127,0.094,0.068,0.047,0.03,0.02,0.011,0.006,0.004,0.002,0.001,0,0
CPV,1999,13.099,13.085,13.137,13.212,13.273,13.312,13.242,13.142,13.045,12.937,12.82,12.611,12.375,12.103,11.862,11.618,11.355,11.112,10.729,10.228,9.665,9.053,8.535,8.09,7.694,7.346,7.035,6.75,6.488,6.296,6.12,5.938,5.737,5.636,5.52,5.177,4.806,4.43,4.087,3.873,3.631,3.375,3.115,2.852,2.585,2.342,2.124,1.928,1.745,1.578,1.458,1.377,1.331,1.313,1.325,1.359,1.4,1.453,1.508,1.568,1.624,1.663,1.688,1.706,1.709,1.695,1.667,1.617,1.551,1.468,1.386,1.294,1.197,1.106,1.015,0.921,0.834,0.76,0.683,0.616,0.543,0.471,0.402,0.334,0.273,0.218,0.169,0.129,0.095,0.068,0.047,0.032,0.021,0.012,0.007,0.004,0.002,0.001,0,0
CPV,2000,13.019,12.987,13.033,13.097,13.182,13.249,13.293,13.226,13.126,13.033,12.923,12.807,12.597,12.358,12.082,11.837,11.584,11.315,11.064,10.673,10.168,9.601,8.987,8.468,8.023,7.626,7.28,6.972,6.689,6.429,6.239,6.065,5.886,5.686,5.587,5.472,5.133,4.764,4.39,4.05,3.837,3.596,3.344,3.086,2.825,2.56,2.317,2.101,1.907,1.723,1.559,1.438,1.357,1.311,1.294,1.306,1.339,1.379,1.431,1.484,1.542,1.595,1.631,1.654,1.669,1.668,1.652,1.623,1.57,1.503,1.42,1.336,1.242,1.145,1.053,0.961,0.864,0.775,0.701,0.622,0.551,0.476,0.406,0.338,0.275,0.22,0.172,0.131,0.097,0.07,0.049,0.033,0.021,0.012,0.007,0.004,0.002,0.002,0,0
CPV,2001,12.767,12.691,12.808,12.882,12.972,13.091,13.184,13.226,13.161,13.048,12.937,12.813,12.677,12.457,12.212,11.928,11.667,11.401,11.119,10.844,10.448,9.953,9.401,8.805,8.294,7.865,7.482,7.146,6.851,6.585,6.347,6.173,6.012,5.848,5.663,5.564,5.445,5.121,4.772,4.415,4.08,3.863,3.624,3.372,3.114,2.85,2.589,2.349,2.131,1.926,1.733,1.567,1.443,1.362,1.315,1.298,1.308,1.341,1.383,1.433,1.486,1.55,1.609,1.649,1.668,1.677,1.672,1.65,1.622,1.567,1.499,1.413,1.329,1.233,1.13,1.033,0.936,0.836,0.744,0.663,0.581,0.508,0.434,0.363,0.299,0.239,0.189,0.146,0.109,0.079,0.055,0.037,0.024,0.014,0.008,0.005,0.002,0.002,0,0
CPV,2002,12.383,12.434,12.527,12.654,12.741,12.851,13.005,13.122,13.162,13.097,12.97,12.842,12.704,12.547,12.318,12.067,11.773,11.495,11.218,10.923,10.625,10.221,9.738,9.202,8.623,8.121,7.706,7.338,7.013,6.73,6.48,6.265,6.107,5.956,5.809,5.639,5.54,5.417,5.108,4.781,4.439,4.112,3.888,3.65,3.402,3.142,2.875,2.618,2.381,2.161,1.945,1.744,1.573,1.449,1.366,1.32,1.301,1.311,1.345,1.387,1.435,1.489,1.557,1.624,1.665,1.682,1.687,1.675,1.65,1.62,1.563,1.494,1.407,1.322,1.223,1.115,1.012,0.91,0.807,0.71,0.624,0.541,0.466,0.394,0.327,0.266,0.211,0.165,0.126,0.093,0.067,0.045,0.029,0.018,0.01,0.005,0.003,0.002,0,0
CPV,2003,12.013,12.042,12.259,12.389,12.512,12.605,12.735,12.921,13.06,13.097,13.033,12.893,12.748,12.596,12.417,12.178,11.921,11.62,11.325,11.035,10.726,10.405,9.997,9.524,9.004,8.44,7.949,7.548,7.196,6.878,6.607,6.375,6.184,6.04,5.901,5.769,5.616,5.519,5.39,5.096,4.791,4.464,4.143,3.913,3.676,3.433,3.17,2.902,2.646,2.412,2.191,1.965,1.753,1.581,1.454,1.371,1.323,1.306,1.314,1.349,1.392,1.437,1.491,1.565,1.64,1.683,1.696,1.695,1.68,1.651,1.62,1.561,1.488,1.401,1.315,1.212,1.099,0.992,0.884,0.777,0.676,0.587,0.501,0.427,0.359,0.296,0.238,0.189,0.148,0.111,0.081,0.058,0.039,0.024,0.015,0.008,0.003,0.002,0.001,0
CPV,2004,11.715,11.68,11.844,12.104,12.257,12.373,12.473,12.621,12.838,12.999,13.034,12.971,12.817,12.655,12.486,12.288,12.039,11.774,11.464,11.155,10.851,10.53,10.186,9.771,9.31,8.805,8.258,7.778,7.39,7.053,6.745,6.486,6.272,6.101,5.973,5.847,5.73,5.593,5.496,5.363,5.084,4.8,4.49,4.175,3.94,3.702,3.462,3.196,2.928,2.674,2.444,2.22,1.984,1.764,1.587,1.459,1.376,1.328,1.31,1.318,1.351,1.394,1.439,1.492,1.573,1.655,1.701,1.71,1.705,1.685,1.652,1.621,1.557,1.482,1.395,1.306,1.201,1.081,0.969,0.857,0.745,0.641,0.549,0.464,0.392,0.329,0.272,0.217,0.172,0.135,0.101,0.074,0.054,0.035,0.022,0.013,0.006,0.002,0.001,0
CPV,2005,11.5,11.406,11.478,11.665,11.957,12.132,12.239,12.343,12.508,12.756,12.939,12.97,12.909,12.741,12.56,12.377,12.158,11.899,11.627,11.31,10.983,10.668,10.333,9.967,9.545,9.094,8.607,8.076,7.606,7.231,6.911,6.613,6.365,6.168,6.02,5.907,5.793,5.69,5.57,5.472,5.335,5.073,4.81,4.515,4.207,3.965,3.728,3.492,3.224,2.953,2.703,2.477,2.25,2.004,1.775,1.594,1.465,1.381,1.332,1.314,1.32,1.355,1.398,1.44,1.494,1.58,1.669,1.718,1.725,1.715,1.689,1.652,1.619,1.553,1.476,1.385,1.295,1.187,1.062,0.946,0.828,0.712,0.608,0.512,0.429,0.363,0.304,0.252,0.202,0.16,0.126,0.096,0.069,0.051,0.033,0.02,0.011,0.005,0.001,0
CPV,2006,11.403,11.224,11.22,11.294,11.492,11.814,12.007,12.106,12.214,12.396,12.675,12.88,12.908,12.848,12.664,12.467,12.267,12.027,11.759,11.481,11.154,10.812,10.483,10.136,9.747,9.321,8.879,8.409,7.896,7.434,7.073,6.768,6.48,6.244,6.064,5.939,5.84,5.737,5.651,5.546,5.45,5.309,5.061,4.819,4.539,4.238,3.991,3.754,3.521,3.251,2.977,2.732,2.51,2.281,2.024,1.784,1.601,1.47,1.385,1.335,1.317,1.322,1.357,1.402,1.441,1.496,1.588,1.684,1.737,1.741,1.726,1.693,1.653,1.617,1.549,1.468,1.376,1.283,1.172,1.039,0.919,0.797,0.68,0.574,0.478,0.398,0.336,0.285,0.237,0.191,0.152,0.121,0.094,0.069,0.051,0.034,0.021,0.011,0.004,0.001
CPV,2007,11.346,11.167,11.064,11.049,11.114,11.323,11.674,11.884,11.973,12.085,12.284,12.592,12.82,12.847,12.784,12.587,12.372,12.157,11.897,11.618,11.333,10.999,10.641,10.299,9.939,9.526,9.095,8.664,8.211,7.714,7.264,6.917,6.627,6.347,6.122,5.96,5.856,5.772,5.681,5.613,5.522,5.427,5.281,5.048,4.828,4.563,4.268,4.016,3.778,3.549,3.276,3.002,2.761,2.541,2.31,2.044,1.794,1.608,1.475,1.388,1.337,1.32,1.323,1.359,1.404,1.441,1.496,1.593,1.698,1.754,1.754,1.734,1.696,1.652,1.614,1.54,1.455,1.361,1.268,1.153,1.015,0.888,0.763,0.646,0.541,0.447,0.37,0.315,0.268,0.225,0.183,0.148,0.118,0.093,0.07,0.052,0.035,0.021,0.012,0.005
CPV,2008,11.225,11.145,11.043,10.919,10.884,10.937,11.156,11.535,11.763,11.84,11.957,12.172,12.512,12.76,12.785,12.722,12.51,12.277,12.047,11.766,11.477,11.184,10.842,10.468,10.113,9.74,9.306,8.869,8.449,8.012,7.533,7.092,6.759,6.483,6.212,6,5.855,5.773,5.704,5.626,5.572,5.496,5.403,5.253,5.035,4.836,4.587,4.297,4.039,3.802,3.577,3.302,3.026,2.788,2.572,2.338,2.062,1.803,1.614,1.479,1.39,1.34,1.322,1.324,1.36,1.405,1.44,1.496,1.598,1.71,1.769,1.766,1.74,1.696,1.646,1.606,1.529,1.439,1.344,1.247,1.128,0.985,0.855,0.728,0.612,0.509,0.42,0.347,0.296,0.257,0.218,0.179,0.147,0.119,0.095,0.073,0.054,0.037,0.022,0.014
CPV,2009,11.061,11.042,11.054,10.935,10.779,10.722,10.762,10.99,11.396,11.641,11.707,11.829,12.06,12.429,12.701,12.723,12.658,12.432,12.181,11.936,11.634,11.335,11.035,10.683,10.295,9.927,9.542,9.086,8.642,8.233,7.812,7.351,6.919,6.6,6.34,6.078,5.877,5.749,5.689,5.635,5.57,5.531,5.47,5.377,5.222,5.021,4.843,4.61,4.327,4.061,3.826,3.604,3.327,3.05,2.815,2.603,2.367,2.08,1.811,1.618,1.482,1.392,1.341,1.324,1.324,1.36,1.406,1.438,1.495,1.601,1.72,1.783,1.776,1.744,1.692,1.638,1.593,1.513,1.42,1.321,1.222,1.099,0.952,0.82,0.693,0.58,0.482,0.396,0.327,0.283,0.247,0.213,0.177,0.148,0.121,0.098,0.077,0.057,0.039,0.024
CPV,2010,10.809,10.887,10.969,10.978,10.832,10.643,10.562,10.589,10.825,11.257,11.519,11.575,11.7,11.949,12.347,12.642,12.66,12.594,12.353,12.085,11.823,11.501,11.192,10.886,10.525,10.122,9.74,9.343,8.866,8.415,8.016,7.613,7.169,6.745,6.442,6.194,5.941,5.753,5.641,5.604,5.566,5.513,5.489,5.443,5.352,5.193,5.006,4.848,4.63,4.355,4.083,3.848,3.63,3.351,3.072,2.841,2.633,2.394,2.096,1.819,1.623,1.484,1.393,1.342,1.324,1.323,1.358,1.405,1.436,1.492,1.605,1.73,1.796,1.784,1.745,1.687,1.626,1.577,1.493,1.395,1.293,1.192,1.067,0.918,0.785,0.662,0.553,0.459,0.376,0.311,0.271,0.244,0.211,0.179,0.15,0.125,0.103,0.081,0.061,0.042
CPV,2011,11.016,10.745,10.849,10.939,10.953,10.813,10.627,10.548,10.578,10.813,11.248,11.51,11.563,11.686,11.926,12.317,12.603,12.611,12.534,12.284,12.009,11.74,11.414,11.104,10.796,10.436,10.035,9.656,9.262,8.789,8.342,7.947,7.547,7.106,6.687,6.387,6.141,5.892,5.705,5.596,5.56,5.523,5.47,5.448,5.403,5.312,5.153,4.967,4.81,4.593,4.319,4.048,3.816,3.598,3.322,3.045,2.813,2.606,2.368,2.072,1.796,1.599,1.461,1.369,1.318,1.299,1.297,1.332,1.377,1.407,1.459,1.567,1.686,1.744,1.726,1.682,1.618,1.551,1.493,1.401,1.296,1.185,1.076,0.95,0.805,0.679,0.566,0.465,0.381,0.307,0.249,0.211,0.185,0.157,0.128,0.106,0.086,0.068,0.053,0.037
CPV,2012,11.242,10.956,10.709,10.819,10.917,10.936,10.799,10.613,10.538,10.569,10.805,11.239,11.499,11.549,11.666,11.901,12.281,12.558,12.555,12.471,12.214,11.933,11.662,11.334,11.023,10.716,10.357,9.958,9.582,9.191,8.721,8.277,7.885,7.49,7.052,6.636,6.337,6.095,5.848,5.664,5.556,5.521,5.485,5.433,5.411,5.365,5.275,5.116,4.93,4.775,4.557,4.287,4.016,3.786,3.568,3.292,3.017,2.786,2.581,2.343,2.049,1.773,1.576,1.437,1.346,1.293,1.274,1.272,1.305,1.35,1.377,1.427,1.53,1.641,1.691,1.666,1.616,1.547,1.474,1.408,1.307,1.193,1.078,0.964,0.84,0.703,0.587,0.482,0.391,0.314,0.248,0.196,0.163,0.14,0.115,0.092,0.074,0.058,0.045,0.034
CPV,2013,10.596,11.185,10.922,10.682,10.798,10.9,10.922,10.788,10.602,10.528,10.559,10.795,11.228,11.484,11.531,11.64,11.867,12.239,12.507,12.497,12.405,12.144,11.859,11.586,11.258,10.947,10.642,10.285,9.889,9.515,9.127,8.66,8.219,7.831,7.437,7.003,6.588,6.294,6.054,5.81,5.626,5.519,5.485,5.449,5.397,5.376,5.33,5.238,5.081,4.894,4.741,4.523,4.254,3.985,3.754,3.539,3.264,2.99,2.76,2.554,2.318,2.025,1.749,1.553,1.413,1.321,1.27,1.25,1.246,1.278,1.321,1.346,1.392,1.488,1.591,1.632,1.601,1.545,1.469,1.388,1.312,1.203,1.086,0.966,0.854,0.734,0.607,0.499,0.404,0.322,0.253,0.197,0.151,0.123,0.102,0.083,0.064,0.049,0.038,0.029
CPV,2014,10.421,10.544,11.153,10.897,10.662,10.782,10.887,10.911,10.777,10.593,10.519,10.55,10.786,11.216,11.468,11.508,11.608,11.828,12.191,12.449,12.433,12.336,12.073,11.785,11.511,11.184,10.874,10.571,10.217,9.823,9.452,9.068,8.602,8.165,7.78,7.389,6.956,6.545,6.253,6.014,5.772,5.589,5.484,5.45,5.414,5.362,5.341,5.293,5.203,5.044,4.86,4.706,4.489,4.222,3.953,3.724,3.508,3.235,2.963,2.734,2.528,2.291,2,1.727,1.53,1.388,1.298,1.245,1.224,1.221,1.251,1.292,1.314,1.356,1.445,1.539,1.572,1.535,1.471,1.387,1.298,1.213,1.1,0.98,0.861,0.751,0.638,0.522,0.423,0.337,0.263,0.204,0.154,0.116,0.091,0.074,0.059,0.045,0.033,0.025
CPV,2015,10.495,10.372,10.513,11.127,10.878,10.647,10.768,10.876,10.902,10.768,10.584,10.511,10.542,10.774,11.2,11.446,11.477,11.569,11.779,12.136,12.387,12.367,12.266,12,11.713,11.44,11.114,10.807,10.505,10.153,9.763,9.393,9.012,8.549,8.114,7.732,7.343,6.913,6.505,6.213,5.977,5.737,5.555,5.451,5.418,5.38,5.328,5.306,5.258,5.168,5.01,4.825,4.671,4.456,4.188,3.921,3.693,3.478,3.205,2.934,2.706,2.501,2.266,1.974,1.702,1.505,1.364,1.273,1.22,1.198,1.194,1.222,1.26,1.28,1.317,1.399,1.484,1.508,1.462,1.39,1.297,1.201,1.11,0.993,0.873,0.758,0.653,0.549,0.442,0.353,0.276,0.212,0.16,0.118,0.087,0.067,0.054,0.041,0.031,0.022
CPV,2016,10.427,10.448,10.343,10.491,11.109,10.864,10.636,10.757,10.867,10.892,10.759,10.575,10.502,10.531,10.758,11.177,11.416,11.439,11.523,11.725,12.075,12.321,12.298,12.195,11.93,11.643,11.371,11.047,10.742,10.443,10.094,9.704,9.339,8.959,8.498,8.066,7.686,7.299,6.871,6.465,6.175,5.941,5.703,5.52,5.417,5.384,5.344,5.293,5.269,5.221,5.129,4.972,4.788,4.634,4.419,4.152,3.886,3.658,3.444,3.172,2.902,2.674,2.471,2.235,1.946,1.675,1.478,1.336,1.246,1.192,1.169,1.164,1.19,1.224,1.24,1.272,1.346,1.42,1.432,1.376,1.294,1.195,1.092,0.994,0.879,0.764,0.654,0.557,0.46,0.365,0.286,0.218,0.164,0.121,0.087,0.063,0.048,0.036,0.027,0.019
CPV,2017,10.619,10.382,10.423,10.322,10.473,11.094,10.852,10.625,10.748,10.857,10.885,10.752,10.566,10.491,10.516,10.737,11.149,11.38,11.397,11.472,11.668,12.014,12.256,12.231,12.128,11.864,11.577,11.308,10.986,10.683,10.387,10.039,9.653,9.289,8.911,8.452,8.022,7.645,7.259,6.834,6.429,6.141,5.908,5.672,5.489,5.385,5.352,5.311,5.26,5.236,5.186,5.093,4.937,4.752,4.599,4.385,4.118,3.853,3.625,3.411,3.141,2.872,2.645,2.44,2.207,1.919,1.65,1.453,1.31,1.219,1.165,1.141,1.134,1.157,1.189,1.201,1.228,1.293,1.355,1.355,1.29,1.2,1.094,0.987,0.889,0.776,0.667,0.565,0.474,0.386,0.301,0.231,0.173,0.127,0.091,0.064,0.045,0.033,0.025,0.018
CPV,2018,10.594,10.577,10.357,10.402,10.305,10.46,11.084,10.842,10.616,10.738,10.85,10.879,10.743,10.556,10.476,10.495,10.711,11.115,11.34,11.349,11.418,11.61,11.951,12.193,12.166,12.064,11.801,11.516,11.249,10.929,10.63,10.335,9.99,9.607,9.243,8.868,8.409,7.982,7.605,7.222,6.8,6.396,6.108,5.878,5.642,5.459,5.357,5.322,5.281,5.228,5.203,5.152,5.06,4.903,4.717,4.565,4.35,4.085,3.82,3.592,3.379,3.11,2.841,2.614,2.412,2.179,1.892,1.625,1.427,1.285,1.193,1.138,1.113,1.104,1.125,1.153,1.161,1.182,1.238,1.288,1.276,1.202,1.105,0.996,0.888,0.791,0.685,0.581,0.486,0.402,0.322,0.246,0.185,0.136,0.098,0.069,0.047,0.033,0.023,0.017
CPV,2019,10.047,10.554,10.553,10.337,10.386,10.291,10.448,11.075,10.833,10.607,10.732,10.844,10.87,10.732,10.541,10.456,10.469,10.678,11.075,11.292,11.297,11.361,11.551,11.89,12.13,12.103,12.002,11.74,11.458,11.194,10.875,10.58,10.286,9.941,9.56,9.199,8.823,8.367,7.941,7.566,7.185,6.765,6.363,6.076,5.847,5.612,5.429,5.326,5.289,5.247,5.194,5.168,5.116,5.022,4.865,4.679,4.525,4.311,4.047,3.782,3.555,3.342,3.074,2.807,2.581,2.378,2.147,1.861,1.596,1.398,1.255,1.164,1.108,1.08,1.07,1.086,1.111,1.114,1.127,1.172,1.207,1.181,1.098,0.995,0.886,0.781,0.689,0.588,0.493,0.406,0.329,0.258,0.193,0.143,0.102,0.071,0.049,0.033,0.022,0.016
CPV,2020,9.956,10.008,10.53,10.535,10.324,10.372,10.281,10.44,11.065,10.826,10.6,10.725,10.835,10.859,10.719,10.522,10.431,10.437,10.639,11.03,11.24,11.241,11.302,11.49,11.827,12.069,12.041,11.943,11.683,11.402,11.14,10.825,10.531,10.24,9.897,9.517,9.156,8.782,8.327,7.902,7.528,7.15,6.732,6.33,6.044,5.815,5.581,5.399,5.295,5.256,5.214,5.159,5.131,5.079,4.983,4.826,4.64,4.486,4.272,4.007,3.743,3.517,3.304,3.036,2.771,2.545,2.344,2.113,1.83,1.566,1.368,1.224,1.133,1.074,1.046,1.033,1.046,1.065,1.062,1.067,1.099,1.12,1.081,0.991,0.887,0.781,0.681,0.593,0.5,0.413,0.333,0.265,0.204,0.149,0.108,0.075,0.052,0.034,0.022,0.014
CPV,2021,9.882,9.919,9.987,10.512,10.52,10.31,10.362,10.272,10.432,11.058,10.819,10.594,10.716,10.824,10.845,10.699,10.498,10.399,10.399,10.594,10.981,11.187,11.186,11.243,11.431,11.767,12.01,11.984,11.888,11.63,11.352,11.091,10.778,10.486,10.195,9.854,9.475,9.114,8.741,8.288,7.864,7.492,7.115,6.698,6.296,6.012,5.783,5.549,5.366,5.262,5.22,5.176,5.12,5.091,5.036,4.939,4.78,4.593,4.438,4.222,3.958,3.694,3.467,3.254,2.989,2.724,2.5,2.299,2.07,1.789,1.527,1.329,1.184,1.092,1.034,1.003,0.986,0.995,1.009,0.998,0.993,1.011,1.015,0.965,0.872,0.769,0.667,0.575,0.494,0.411,0.334,0.264,0.206,0.154,0.111,0.078,0.053,0.036,0.023,0.015
CPV,2022,9.856,9.846,9.898,9.97,10.499,10.508,10.3,10.353,10.264,10.425,11.052,10.812,10.584,10.706,10.81,10.826,10.675,10.466,10.362,10.354,10.546,10.927,11.131,11.127,11.184,11.37,11.709,11.953,11.929,11.834,11.578,11.301,11.043,10.732,10.441,10.151,9.81,9.433,9.072,8.701,8.249,7.825,7.455,7.078,6.662,6.261,5.976,5.748,5.514,5.33,5.223,5.181,5.135,5.076,5.045,4.988,4.889,4.729,4.541,4.383,4.166,3.902,3.638,3.41,3.198,2.933,2.671,2.447,2.247,2.019,1.742,1.482,1.285,1.14,1.048,0.987,0.953,0.933,0.936,0.941,0.923,0.907,0.91,0.899,0.842,0.748,0.649,0.555,0.472,0.401,0.327,0.261,0.203,0.155,0.114,0.08,0.055,0.037,0.024,0.015
CPV,2023,9.789,9.82,9.825,9.881,9.956,10.487,10.497,10.291,10.345,10.257,10.418,11.044,10.804,10.574,10.692,10.791,10.801,10.643,10.428,10.317,10.306,10.493,10.872,11.073,11.068,11.125,11.313,11.652,11.898,11.875,11.782,11.529,11.254,10.997,10.687,10.397,10.109,9.768,9.391,9.032,8.661,8.21,7.787,7.418,7.042,6.626,6.226,5.942,5.713,5.478,5.294,5.186,5.142,5.093,5.033,5.001,4.941,4.84,4.678,4.489,4.329,4.113,3.848,3.583,3.356,3.144,2.88,2.619,2.396,2.197,1.971,1.695,1.438,1.241,1.098,1.004,0.943,0.905,0.881,0.877,0.874,0.847,0.821,0.812,0.79,0.728,0.637,0.546,0.462,0.386,0.323,0.26,0.202,0.154,0.115,0.082,0.057,0.038,0.025,0.016
CPV,2024,9.688,9.754,9.799,9.807,9.866,9.945,10.477,10.489,10.283,10.338,10.249,10.411,11.037,10.794,10.561,10.673,10.768,10.77,10.606,10.385,10.27,10.253,10.438,10.815,11.015,11.01,11.068,11.258,11.598,11.846,11.825,11.733,11.482,11.207,10.952,10.644,10.354,10.066,9.728,9.352,8.994,8.625,8.174,7.753,7.384,7.009,6.594,6.194,5.909,5.68,5.445,5.261,5.152,5.108,5.058,4.997,4.962,4.902,4.8,4.638,4.447,4.287,4.07,3.805,3.541,3.313,3.1,2.837,2.576,2.353,2.154,1.929,1.656,1.402,1.208,1.064,0.972,0.907,0.867,0.837,0.826,0.814,0.78,0.748,0.731,0.704,0.641,0.555,0.47,0.391,0.322,0.265,0.209,0.159,0.119,0.087,0.061,0.04,0.027,0.017
CPV,2025,9.649,9.654,9.733,9.783,9.794,9.856,9.935,10.468,10.481,10.277,10.332,10.243,10.404,11.027,10.782,10.544,10.651,10.738,10.734,10.565,10.339,10.22,10.2,10.384,10.76,10.96,10.957,11.016,11.206,11.548,11.797,11.777,11.687,11.437,11.164,10.91,10.602,10.314,10.027,9.689,9.314,8.958,8.59,8.141,7.72,7.351,6.976,6.56,6.16,5.876,5.646,5.411,5.227,5.117,5.073,5.022,4.96,4.925,4.862,4.759,4.597,4.405,4.243,4.025,3.762,3.496,3.268,3.055,2.792,2.531,2.308,2.11,1.886,1.616,1.365,1.173,1.03,0.936,0.87,0.824,0.789,0.771,0.752,0.711,0.674,0.652,0.622,0.56,0.479,0.399,0.327,0.265,0.213,0.164,0.123,0.09,0.064,0.044,0.028,0.018
CPV,2026,9.544,9.617,9.634,9.717,9.77,9.783,9.846,9.927,10.46,10.474,10.27,10.326,10.236,10.395,11.015,10.766,10.522,10.623,10.704,10.695,10.521,10.292,10.17,10.15,10.331,10.708,10.909,10.906,10.967,11.158,11.502,11.751,11.734,11.644,11.394,11.123,10.869,10.562,10.275,9.989,9.652,9.279,8.923,8.556,8.106,7.686,7.317,6.942,6.526,6.127,5.843,5.613,5.377,5.193,5.084,5.037,4.985,4.922,4.886,4.822,4.717,4.553,4.361,4.198,3.979,3.716,3.449,3.22,3.006,2.743,2.483,2.261,2.064,1.841,1.574,1.326,1.135,0.994,0.898,0.828,0.778,0.738,0.712,0.686,0.642,0.602,0.577,0.544,0.483,0.407,0.334,0.269,0.214,0.168,0.127,0.093,0.066,0.046,0.031,0.019
CPV,2027,9.52,9.513,9.599,9.619,9.705,9.76,9.775,9.839,9.92,10.454,10.468,10.264,10.319,10.228,10.384,10.999,10.744,10.496,10.591,10.667,10.655,10.477,10.245,10.122,10.101,10.283,10.659,10.862,10.86,10.923,11.115,11.46,11.711,11.693,11.604,11.355,11.084,10.831,10.524,10.238,9.953,9.618,9.244,8.89,8.522,8.073,7.653,7.284,6.909,6.492,6.093,5.808,5.579,5.344,5.159,5.049,5.001,4.948,4.884,4.845,4.78,4.674,4.509,4.316,4.151,3.931,3.666,3.399,3.17,2.955,2.693,2.434,2.213,2.016,1.794,1.53,1.284,1.095,0.953,0.856,0.783,0.729,0.683,0.652,0.622,0.576,0.534,0.506,0.471,0.413,0.342,0.276,0.218,0.17,0.131,0.096,0.069,0.048,0.032,0.021
CPV,2028,9.487,9.491,9.496,9.585,9.608,9.696,9.752,9.767,9.833,9.914,10.449,10.462,10.258,10.311,10.218,10.369,10.98,10.72,10.466,10.557,10.628,10.612,10.433,10.199,10.076,10.056,10.238,10.615,10.819,10.819,10.882,11.076,11.42,11.672,11.655,11.566,11.318,11.047,10.795,10.489,10.204,9.919,9.583,9.211,8.857,8.489,8.04,7.618,7.249,6.873,6.458,6.06,5.774,5.545,5.31,5.125,5.014,4.965,4.911,4.845,4.804,4.738,4.629,4.462,4.268,4.102,3.881,3.615,3.348,3.116,2.9,2.639,2.382,2.162,1.966,1.745,1.484,1.24,1.052,0.909,0.808,0.732,0.675,0.625,0.591,0.558,0.511,0.468,0.438,0.402,0.346,0.283,0.224,0.173,0.132,0.099,0.071,0.05,0.033,0.022
CPV,2029,9.428,9.459,9.474,9.484,9.574,9.599,9.688,9.745,9.761,9.827,9.91,10.444,10.456,10.25,10.301,10.204,10.351,10.956,10.692,10.434,10.52,10.589,10.571,10.389,10.156,10.033,10.013,10.197,10.574,10.779,10.781,10.845,11.04,11.384,11.635,11.619,11.53,11.283,11.011,10.759,10.455,10.17,9.886,9.551,9.178,8.823,8.454,8.005,7.584,7.214,6.839,6.424,6.025,5.74,5.51,5.275,5.09,4.978,4.928,4.872,4.805,4.763,4.693,4.582,4.415,4.219,4.05,3.827,3.559,3.292,3.059,2.844,2.584,2.328,2.109,1.913,1.693,1.433,1.192,1.003,0.859,0.758,0.679,0.618,0.568,0.531,0.496,0.449,0.407,0.375,0.338,0.287,0.23,0.178,0.135,0.1,0.075,0.052,0.035,0.023
CPV,2030,9.365,9.401,9.444,9.462,9.473,9.566,9.592,9.681,9.739,9.756,9.822,9.905,10.438,10.45,10.241,10.288,10.187,10.329,10.93,10.661,10.4,10.482,10.549,10.529,10.348,10.115,9.992,9.973,10.158,10.537,10.742,10.744,10.809,11.004,11.35,11.6,11.583,11.495,11.248,10.978,10.726,10.422,10.137,9.853,9.518,9.145,8.789,8.419,7.969,7.548,7.178,6.802,6.388,5.99,5.706,5.476,5.24,5.054,4.941,4.89,4.833,4.763,4.719,4.647,4.534,4.365,4.166,3.995,3.77,3.501,3.232,3,2.784,2.526,2.271,2.054,1.856,1.636,1.378,1.139,0.951,0.807,0.704,0.624,0.563,0.511,0.473,0.437,0.391,0.349,0.317,0.281,0.234,0.183,0.139,0.103,0.075,0.054,0.037,0.024
CPV,2031,9.313,9.34,9.386,9.432,9.453,9.465,9.559,9.586,9.677,9.735,9.752,9.817,9.899,10.431,10.44,10.228,10.272,10.166,10.304,10.901,10.628,10.363,10.445,10.51,10.491,10.309,10.076,9.955,9.937,10.123,10.502,10.708,10.711,10.777,10.971,11.317,11.567,11.55,11.461,11.215,10.945,10.694,10.39,10.105,9.821,9.484,9.111,8.754,8.384,7.934,7.512,7.142,6.766,6.352,5.955,5.67,5.44,5.204,5.018,4.904,4.85,4.791,4.72,4.673,4.599,4.484,4.311,4.11,3.935,3.708,3.439,3.171,2.939,2.723,2.466,2.212,1.993,1.796,1.575,1.317,1.079,0.892,0.749,0.647,0.567,0.507,0.456,0.418,0.381,0.336,0.295,0.264,0.229,0.187,0.143,0.107,0.078,0.055,0.038,0.025
CPV,2032,9.234,9.289,9.325,9.376,9.422,9.445,9.459,9.553,9.58,9.671,9.729,9.746,9.812,9.893,10.423,10.428,10.213,10.252,10.142,10.276,10.869,10.594,10.328,10.408,10.472,10.453,10.272,10.041,9.921,9.904,10.089,10.47,10.677,10.679,10.745,10.941,11.285,11.534,11.517,11.43,11.182,10.913,10.662,10.358,10.072,9.787,9.451,9.076,8.718,8.347,7.896,7.475,7.105,6.729,6.316,5.919,5.634,5.404,5.168,4.98,4.865,4.81,4.748,4.676,4.626,4.549,4.43,4.254,4.051,3.873,3.644,3.373,3.106,2.874,2.659,2.401,2.149,1.93,1.729,1.507,1.25,1.013,0.83,0.689,0.589,0.512,0.453,0.403,0.365,0.328,0.284,0.246,0.215,0.184,0.147,0.11,0.08,0.056,0.038,0.026
CPV,2033,9.204,9.213,9.276,9.315,9.366,9.416,9.439,9.453,9.548,9.576,9.667,9.725,9.742,9.806,9.885,10.411,10.414,10.194,10.229,10.116,10.246,10.837,10.56,10.293,10.373,10.438,10.418,10.238,10.008,9.889,9.873,10.059,10.439,10.647,10.65,10.715,10.911,11.255,11.504,11.486,11.397,11.15,10.881,10.631,10.326,10.04,9.754,9.416,9.04,8.681,8.309,7.859,7.438,7.067,6.693,6.278,5.882,5.598,5.367,5.131,4.942,4.825,4.768,4.704,4.629,4.576,4.494,4.372,4.195,3.988,3.806,3.576,3.306,3.038,2.807,2.591,2.333,2.08,1.858,1.655,1.43,1.175,0.944,0.764,0.629,0.532,0.458,0.401,0.353,0.314,0.278,0.238,0.202,0.173,0.144,0.113,0.082,0.058,0.041,0.027
CPV,2034,9.135,9.183,9.2,9.265,9.307,9.359,9.41,9.433,9.449,9.543,9.572,9.663,9.721,9.736,9.798,9.874,10.397,10.396,10.173,10.204,10.088,10.217,10.804,10.527,10.26,10.339,10.405,10.385,10.207,9.977,9.859,9.843,10.03,10.411,10.618,10.621,10.687,10.881,11.225,11.473,11.456,11.367,11.12,10.851,10.599,10.294,10.006,9.719,9.379,9.003,8.643,8.272,7.821,7.399,7.029,6.654,6.241,5.845,5.56,5.329,5.091,4.903,4.784,4.725,4.658,4.58,4.523,4.438,4.311,4.129,3.921,3.737,3.505,3.235,2.967,2.735,2.518,2.259,2.005,1.78,1.573,1.347,1.095,0.871,0.698,0.569,0.476,0.406,0.351,0.305,0.268,0.233,0.196,0.162,0.136,0.112,0.085,0.061,0.042,0.028
CPV,2035,9.055,9.114,9.171,9.19,9.258,9.3,9.354,9.405,9.429,9.444,9.54,9.568,9.659,9.716,9.729,9.788,9.861,10.381,10.376,10.15,10.177,10.059,10.186,10.773,10.495,10.228,10.308,10.373,10.355,10.178,9.949,9.832,9.817,10.005,10.384,10.591,10.594,10.659,10.853,11.196,11.444,11.426,11.338,11.09,10.82,10.567,10.261,9.972,9.683,9.342,8.964,8.604,8.232,7.781,7.36,6.99,6.615,6.202,5.807,5.522,5.289,5.051,4.861,4.741,4.679,4.609,4.527,4.466,4.377,4.247,4.062,3.85,3.663,3.431,3.161,2.893,2.659,2.439,2.179,1.921,1.694,1.482,1.257,1.013,0.796,0.632,0.51,0.423,0.356,0.304,0.26,0.225,0.192,0.157,0.128,0.105,0.084,0.063,0.044,0.03
CPV,2036,9.025,9.036,9.103,9.161,9.182,9.252,9.295,9.349,9.401,9.426,9.44,9.536,9.565,9.654,9.708,9.72,9.776,9.845,10.361,10.353,10.124,10.15,10.03,10.156,10.742,10.464,10.198,10.278,10.344,10.327,10.15,9.923,9.806,9.792,9.979,10.359,10.564,10.568,10.632,10.826,11.168,11.415,11.397,11.308,11.06,10.789,10.535,10.226,9.936,9.645,9.304,8.926,8.565,8.192,7.742,7.32,6.95,6.575,6.163,5.767,5.482,5.248,5.009,4.818,4.696,4.63,4.558,4.472,4.406,4.312,4.178,3.99,3.776,3.588,3.352,3.082,2.814,2.577,2.352,2.089,1.828,1.598,1.385,1.163,0.927,0.722,0.568,0.454,0.372,0.308,0.26,0.218,0.186,0.155,0.125,0.1,0.079,0.062,0.045,0.031
CPV,2037,8.924,9.006,9.025,9.094,9.154,9.176,9.246,9.29,9.345,9.397,9.422,9.437,9.532,9.559,9.647,9.7,9.708,9.761,9.827,10.34,10.329,10.098,10.123,10.002,10.128,10.713,10.436,10.17,10.251,10.319,10.302,10.125,9.898,9.782,9.767,9.954,10.333,10.539,10.542,10.607,10.799,11.141,11.387,11.369,11.278,11.029,10.757,10.5,10.191,9.899,9.607,9.265,8.886,8.525,8.152,7.701,7.279,6.909,6.534,6.122,5.727,5.44,5.206,4.966,4.774,4.648,4.58,4.503,4.413,4.342,4.242,4.105,3.915,3.698,3.507,3.271,2.998,2.727,2.486,2.257,1.99,1.726,1.494,1.282,1.066,0.842,0.65,0.505,0.399,0.323,0.264,0.219,0.18,0.15,0.123,0.096,0.075,0.059,0.045,0.031
CPV,2038,8.868,8.906,8.996,9.017,9.088,9.148,9.172,9.242,9.286,9.342,9.393,9.418,9.434,9.528,9.553,9.638,9.688,9.694,9.744,9.807,10.318,10.304,10.072,10.096,9.975,10.1,10.686,10.409,10.144,10.226,10.294,10.277,10.101,9.875,9.759,9.745,9.931,10.309,10.514,10.517,10.581,10.774,11.114,11.36,11.339,11.248,10.996,10.722,10.465,10.154,9.861,9.568,9.225,8.845,8.483,8.11,7.659,7.237,6.866,6.491,6.079,5.684,5.397,5.162,4.921,4.726,4.598,4.525,4.444,4.35,4.274,4.17,4.029,3.835,3.617,3.422,3.183,2.909,2.633,2.386,2.15,1.879,1.615,1.385,1.178,0.97,0.758,0.579,0.445,0.346,0.276,0.222,0.181,0.147,0.119,0.096,0.074,0.055,0.042,0.031
CPV,2039,8.767,8.851,8.896,8.988,9.011,9.082,9.144,9.168,9.238,9.282,9.339,9.39,9.415,9.429,9.522,9.545,9.628,9.675,9.677,9.724,9.785,10.293,10.28,10.046,10.07,9.949,10.074,10.66,10.384,10.12,10.203,10.27,10.255,10.079,9.853,9.737,9.722,9.908,10.286,10.49,10.492,10.557,10.749,11.088,11.331,11.309,11.215,10.963,10.687,10.429,10.116,9.822,9.529,9.184,8.803,8.441,8.067,7.616,7.194,6.823,6.448,6.035,5.64,5.353,5.116,4.873,4.676,4.545,4.467,4.381,4.282,4.201,4.094,3.949,3.752,3.531,3.332,3.088,2.809,2.528,2.275,2.032,1.76,1.499,1.273,1.072,0.875,0.677,0.51,0.387,0.297,0.233,0.184,0.147,0.117,0.093,0.073,0.054,0.04,0.03
CPV,2040,8.673,8.75,8.842,8.889,8.982,9.005,9.078,9.14,9.164,9.236,9.28,9.336,9.387,9.41,9.424,9.514,9.535,9.615,9.659,9.659,9.704,9.764,10.27,10.256,10.022,10.046,9.925,10.05,10.637,10.362,10.097,10.18,10.248,10.233,10.058,9.831,9.715,9.7,9.886,10.263,10.468,10.469,10.532,10.724,11.061,11.303,11.279,11.183,10.928,10.652,10.391,10.077,9.782,9.487,9.142,8.761,8.398,8.023,7.572,7.149,6.778,6.402,5.99,5.594,5.306,5.067,4.823,4.622,4.487,4.405,4.314,4.211,4.125,4.013,3.865,3.664,3.439,3.235,2.984,2.698,2.411,2.152,1.905,1.634,1.379,1.161,0.969,0.782,0.598,0.445,0.333,0.251,0.193,0.15,0.117,0.091,0.071,0.054,0.04,0.029
CPV,2041,8.633,8.658,8.742,8.835,8.883,8.977,9.001,9.074,9.137,9.161,9.232,9.277,9.332,9.383,9.406,9.416,9.504,9.523,9.6,9.642,9.639,9.683,9.741,10.247,10.232,9.999,10.022,9.903,10.028,10.615,10.34,10.076,10.16,10.228,10.212,10.037,9.811,9.695,9.68,9.864,10.241,10.444,10.446,10.508,10.698,11.034,11.273,11.247,11.148,10.893,10.613,10.351,10.037,9.741,9.445,9.099,8.717,8.353,7.977,7.526,7.103,6.731,6.355,5.942,5.547,5.257,5.016,4.768,4.565,4.425,4.339,4.244,4.136,4.046,3.93,3.775,3.571,3.341,3.126,2.868,2.575,2.282,2.018,1.769,1.505,1.259,1.049,0.868,0.692,0.523,0.383,0.281,0.209,0.158,0.12,0.092,0.069,0.053,0.04,0.028
CPV,2042,8.581,8.617,8.649,8.735,8.829,8.879,8.973,8.997,9.071,9.134,9.159,9.23,9.274,9.328,9.378,9.398,9.406,9.493,9.509,9.584,9.624,9.62,9.662,9.72,10.225,10.21,9.977,10,9.881,10.008,10.594,10.32,10.057,10.14,10.208,10.192,10.017,9.791,9.674,9.659,9.844,10.219,10.422,10.423,10.484,10.672,11.005,11.242,11.213,11.113,10.855,10.575,10.311,9.996,9.699,9.401,9.055,8.671,8.307,7.93,7.478,7.055,6.683,6.305,5.892,5.496,5.204,4.96,4.71,4.503,4.36,4.269,4.169,4.057,3.963,3.84,3.68,3.469,3.23,3.007,2.739,2.438,2.141,1.876,1.63,1.374,1.139,0.941,0.769,0.606,0.45,0.325,0.234,0.171,0.126,0.094,0.071,0.052,0.039,0.028
CPV,2043,8.522,8.567,8.61,8.643,8.73,8.825,8.875,8.97,8.995,9.068,9.131,9.156,9.227,9.27,9.324,9.371,9.39,9.396,9.48,9.493,9.567,9.605,9.6,9.642,9.698,10.204,10.189,9.957,9.98,9.862,9.989,10.575,10.3,10.038,10.121,10.189,10.173,9.997,9.771,9.654,9.64,9.823,10.198,10.4,10.4,10.459,10.645,10.976,11.209,11.179,11.075,10.817,10.535,10.27,9.954,9.655,9.357,9.009,8.625,8.259,7.881,7.429,7.005,6.632,6.253,5.84,5.442,5.147,4.9,4.648,4.437,4.291,4.195,4.091,3.974,3.874,3.744,3.577,3.357,3.109,2.873,2.595,2.29,1.992,1.729,1.49,1.245,1.022,0.835,0.674,0.523,0.382,0.271,0.192,0.136,0.1,0.072,0.052,0.038,0.028
CPV,2044,8.471,8.509,8.559,8.604,8.638,8.726,8.821,8.871,8.967,8.992,9.065,9.129,9.153,9.224,9.266,9.318,9.363,9.38,9.384,9.465,9.477,9.549,9.586,9.58,9.623,9.679,10.184,10.169,9.937,9.962,9.844,9.97,10.556,10.282,10.02,10.102,10.171,10.153,9.978,9.752,9.635,9.62,9.804,10.177,10.377,10.376,10.434,10.617,10.945,11.175,11.143,11.038,10.777,10.494,10.229,9.91,9.61,9.311,8.962,8.577,8.209,7.831,7.377,6.953,6.578,6.198,5.784,5.383,5.087,4.837,4.581,4.369,4.218,4.118,4.009,3.887,3.779,3.642,3.464,3.233,2.972,2.725,2.439,2.132,1.838,1.582,1.351,1.118,0.908,0.733,0.583,0.445,0.319,0.222,0.153,0.107,0.076,0.054,0.039,0.027
CPV,2045,8.443,8.458,8.501,8.553,8.599,8.634,8.722,8.818,8.869,8.965,8.99,9.063,9.127,9.149,9.219,9.26,9.31,9.353,9.368,9.37,9.45,9.46,9.532,9.568,9.562,9.604,9.661,10.165,10.151,9.919,9.945,9.826,9.953,10.538,10.266,10.003,10.084,10.152,10.135,9.96,9.734,9.616,9.601,9.784,10.155,10.354,10.35,10.406,10.588,10.912,11.14,11.105,10.999,10.737,10.453,10.186,9.866,9.564,9.263,8.913,8.526,8.158,7.777,7.323,6.898,6.522,6.14,5.723,5.322,5.022,4.769,4.511,4.295,4.141,4.036,3.922,3.793,3.676,3.527,3.337,3.093,2.822,2.563,2.273,1.969,1.683,1.435,1.214,0.994,0.797,0.634,0.496,0.372,0.262,0.178,0.121,0.083,0.057,0.04,0.027
CPV,2046,8.349,8.43,8.452,8.495,8.549,8.595,8.63,8.719,8.816,8.867,8.963,8.987,9.061,9.123,9.145,9.214,9.252,9.3,9.342,9.355,9.355,9.434,9.443,9.514,9.55,9.545,9.586,9.643,10.148,10.134,9.903,9.928,9.81,9.937,10.521,10.248,9.986,10.067,10.134,10.117,9.941,9.715,9.599,9.582,9.764,10.132,10.33,10.324,10.378,10.557,10.879,11.104,11.067,10.959,10.695,10.409,10.141,9.819,9.517,9.215,8.862,8.474,8.104,7.722,7.267,6.84,6.461,6.077,5.659,5.255,4.952,4.697,4.436,4.218,4.06,3.949,3.828,3.69,3.562,3.399,3.194,2.937,2.656,2.391,2.101,1.805,1.528,1.291,1.081,0.874,0.691,0.541,0.415,0.306,0.211,0.141,0.093,0.062,0.042,0.028
CPV,2047,8.319,8.337,8.424,8.446,8.491,8.545,8.592,8.628,8.717,8.814,8.865,8.961,8.985,9.057,9.119,9.141,9.207,9.244,9.29,9.33,9.341,9.341,9.418,9.428,9.497,9.534,9.528,9.57,9.627,10.132,10.118,9.888,9.913,9.795,9.921,10.505,10.232,9.969,10.05,10.117,10.1,9.923,9.698,9.58,9.563,9.742,10.11,10.305,10.297,10.349,10.525,10.844,11.067,11.027,10.917,10.652,10.366,10.095,9.772,9.468,9.163,8.809,8.419,8.048,7.664,7.207,6.778,6.397,6.01,5.589,5.184,4.879,4.621,4.358,4.137,3.974,3.856,3.726,3.578,3.435,3.256,3.035,2.768,2.48,2.212,1.927,1.64,1.375,1.149,0.95,0.758,0.59,0.453,0.342,0.246,0.167,0.109,0.071,0.046,0.03
CPV,2048,8.254,8.307,8.331,8.419,8.442,8.488,8.543,8.59,8.626,8.715,8.812,8.863,8.958,8.982,9.055,9.115,9.134,9.199,9.234,9.278,9.317,9.327,9.326,9.403,9.412,9.482,9.518,9.512,9.555,9.612,10.117,10.103,9.873,9.898,9.779,9.906,10.488,10.215,9.952,10.033,10.099,10.082,9.906,9.679,9.561,9.543,9.721,10.086,10.278,10.268,10.319,10.493,10.809,11.029,10.987,10.875,10.608,10.319,10.046,9.722,9.416,9.109,8.753,8.363,7.989,7.602,7.143,6.711,6.327,5.938,5.514,5.107,4.801,4.54,4.275,4.05,3.881,3.755,3.614,3.452,3.292,3.097,2.863,2.586,2.297,2.03,1.753,1.478,1.226,1.012,0.825,0.648,0.495,0.374,0.277,0.195,0.13,0.082,0.051,0.032
CPV,2049,8.187,8.244,8.301,8.327,8.415,8.44,8.485,8.541,8.588,8.624,8.713,8.81,8.86,8.955,8.978,9.049,9.108,9.125,9.189,9.223,9.265,9.303,9.312,9.31,9.387,9.395,9.466,9.503,9.497,9.539,9.597,10.102,10.089,9.858,9.883,9.765,9.891,10.472,10.199,9.936,10.016,10.082,10.064,9.887,9.661,9.542,9.522,9.698,10.06,10.25,10.239,10.287,10.46,10.772,10.989,10.946,10.83,10.563,10.272,9.996,9.671,9.362,9.054,8.695,8.302,7.925,7.536,7.074,6.64,6.252,5.86,5.435,5.027,4.719,4.456,4.187,3.958,3.781,3.644,3.488,3.311,3.134,2.923,2.677,2.398,2.111,1.85,1.581,1.318,1.08,0.879,0.706,0.545,0.41,0.303,0.22,0.151,0.098,0.06,0.037
CPV,2050,8.108,8.177,8.238,8.297,8.323,8.412,8.436,8.483,8.538,8.586,8.622,8.711,8.808,8.857,8.952,8.974,9.043,9.099,9.116,9.177,9.209,9.252,9.288,9.297,9.295,9.371,9.38,9.451,9.487,9.483,9.525,9.583,10.088,10.074,9.844,9.869,9.749,9.875,10.456,10.182,9.92,10,10.064,10.046,9.87,9.642,9.521,9.5,9.674,10.034,10.221,10.209,10.255,10.425,10.735,10.948,10.902,10.784,10.514,10.222,9.944,9.617,9.306,8.994,8.634,8.238,7.858,7.464,7,6.562,6.172,5.777,5.351,4.942,4.632,4.365,4.092,3.856,3.67,3.518,3.347,3.153,2.959,2.736,2.485,2.207,1.924,1.67,1.412,1.163,0.939,0.753,0.594,0.45,0.332,0.241,0.171,0.115,0.072,0.043
CPV,2051,8.052,8.097,8.171,8.233,8.293,8.319,8.409,8.434,8.481,8.536,8.584,8.62,8.709,8.804,8.854,8.947,8.967,9.035,9.09,9.105,9.165,9.196,9.238,9.273,9.281,9.279,9.356,9.365,9.436,9.473,9.468,9.511,9.569,10.073,10.06,9.829,9.853,9.734,9.859,10.44,10.166,9.904,9.982,10.047,10.027,9.85,9.622,9.5,9.478,9.649,10.006,10.191,10.177,10.22,10.388,10.695,10.906,10.857,10.737,10.465,10.17,9.891,9.561,9.247,8.933,8.569,8.169,7.785,7.388,6.919,6.479,6.086,5.689,5.263,4.853,4.54,4.268,3.989,3.745,3.545,3.378,3.189,2.98,2.773,2.542,2.289,2.014,1.739,1.493,1.246,1.012,0.805,0.634,0.492,0.365,0.265,0.188,0.129,0.085,0.052
CPV,2052,8.003,8.04,8.091,8.165,8.229,8.289,8.317,8.406,8.432,8.479,8.534,8.582,8.618,8.707,8.802,8.849,8.941,8.959,9.025,9.079,9.092,9.15,9.181,9.222,9.258,9.266,9.264,9.34,9.351,9.422,9.458,9.454,9.496,9.555,10.058,10.044,9.814,9.838,9.719,9.844,10.423,10.15,9.887,9.965,10.029,10.009,9.83,9.6,9.477,9.453,9.623,9.977,10.16,10.143,10.186,10.351,10.655,10.862,10.81,10.687,10.413,10.116,9.834,9.501,9.184,8.867,8.499,8.096,7.707,7.306,6.834,6.39,5.994,5.596,5.168,4.757,4.44,4.162,3.875,3.619,3.405,3.221,3.017,2.795,2.578,2.343,2.091,1.822,1.557,1.32,1.087,0.868,0.679,0.525,0.4,0.292,0.206,0.142,0.096,0.061
CPV,2053,7.952,7.993,8.036,8.087,8.162,8.226,8.287,8.314,8.404,8.43,8.477,8.532,8.58,8.615,8.703,8.796,8.843,8.933,8.95,9.013,9.066,9.078,9.136,9.166,9.206,9.243,9.251,9.249,9.326,9.336,9.407,9.444,9.44,9.483,9.541,10.044,10.03,9.8,9.823,9.704,9.829,10.406,10.133,9.87,9.948,10.011,9.988,9.808,9.578,9.453,9.428,9.596,9.948,10.128,10.11,10.15,10.313,10.612,10.816,10.761,10.635,10.359,10.059,9.774,9.438,9.118,8.796,8.424,8.015,7.623,7.217,6.742,6.296,5.898,5.498,5.068,4.655,4.331,4.044,3.746,3.479,3.249,3.048,2.831,2.6,2.378,2.142,1.894,1.634,1.378,1.152,0.933,0.733,0.563,0.428,0.319,0.228,0.157,0.106,0.068
CPV,2054,7.905,7.942,7.987,8.03,8.083,8.159,8.223,8.285,8.312,8.402,8.428,8.475,8.53,8.576,8.612,8.697,8.79,8.835,8.923,8.938,9.001,9.052,9.064,9.121,9.151,9.191,9.228,9.236,9.234,9.312,9.322,9.394,9.431,9.426,9.469,9.527,10.03,10.015,9.785,9.808,9.689,9.813,10.39,10.116,9.853,9.93,9.991,9.967,9.786,9.555,9.429,9.402,9.568,9.917,10.095,10.075,10.113,10.273,10.568,10.768,10.71,10.581,10.301,9.999,9.71,9.371,9.046,8.72,8.343,7.929,7.531,7.121,6.644,6.197,5.796,5.393,4.959,4.541,4.21,3.912,3.603,3.32,3.078,2.863,2.636,2.401,2.177,1.943,1.699,1.448,1.204,0.991,0.789,0.609,0.458,0.341,0.249,0.174,0.117,0.076
CPV,2055,7.859,7.895,7.937,7.983,8.027,8.08,8.157,8.221,8.282,8.31,8.4,8.426,8.473,8.527,8.573,8.607,8.691,8.782,8.825,8.912,8.926,8.988,9.038,9.049,9.106,9.136,9.176,9.213,9.221,9.221,9.298,9.308,9.38,9.417,9.413,9.455,9.513,10.014,10.001,9.77,9.793,9.674,9.798,10.374,10.099,9.835,9.91,9.97,9.945,9.763,9.53,9.404,9.375,9.539,9.885,10.061,10.039,10.073,10.231,10.523,10.718,10.657,10.524,10.241,9.935,9.644,9.299,8.969,8.637,8.255,7.836,7.433,7.02,6.541,6.091,5.686,5.279,4.842,4.417,4.075,3.765,3.442,3.147,2.892,2.667,2.436,2.2,1.977,1.746,1.508,1.267,1.037,0.839,0.656,0.497,0.367,0.267,0.19,0.129,0.084
CPV,2056,7.813,7.85,7.89,7.932,7.979,8.024,8.077,8.154,8.219,8.28,8.308,8.398,8.424,8.47,8.524,8.568,8.601,8.683,8.772,8.814,8.9,8.912,8.973,9.023,9.034,9.091,9.121,9.161,9.198,9.207,9.207,9.285,9.295,9.367,9.404,9.4,9.442,9.5,10,9.986,9.755,9.778,9.659,9.782,10.356,10.081,9.816,9.89,9.948,9.922,9.738,9.505,9.377,9.347,9.509,9.852,10.026,10,10.033,10.186,10.474,10.665,10.601,10.464,10.177,9.868,9.571,9.221,8.886,8.548,8.159,7.736,7.329,6.912,6.43,5.977,5.568,5.155,4.71,4.277,3.923,3.598,3.264,2.96,2.697,2.467,2.235,1.999,1.778,1.551,1.321,1.092,0.879,0.698,0.536,0.398,0.288,0.205,0.142,0.094
CPV,2057,7.744,7.803,7.844,7.885,7.928,7.977,8.022,8.075,8.152,8.217,8.279,8.306,8.396,8.422,8.467,8.519,8.562,8.593,8.675,8.762,8.802,8.886,8.898,8.959,9.008,9.019,9.076,9.107,9.148,9.184,9.194,9.193,9.271,9.282,9.353,9.391,9.386,9.428,9.485,9.985,9.971,9.741,9.763,9.643,9.766,10.338,10.062,9.797,9.869,9.925,9.898,9.713,9.479,9.349,9.319,9.478,9.818,9.989,9.961,9.991,10.141,10.424,10.611,10.541,10.4,10.11,9.795,9.492,9.137,8.795,8.451,8.058,7.63,7.219,6.798,6.312,5.855,5.439,5.017,4.563,4.119,3.752,3.414,3.072,2.762,2.497,2.265,2.032,1.8,1.581,1.36,1.141,0.927,0.733,0.571,0.43,0.312,0.22,0.152,0.102
CPV,2058,7.69,7.736,7.798,7.84,7.882,7.925,7.975,8.019,8.073,8.15,8.215,8.277,8.304,8.394,8.418,8.462,8.513,8.554,8.584,8.663,8.75,8.788,8.872,8.884,8.944,8.993,9.004,9.062,9.092,9.134,9.171,9.18,9.18,9.259,9.269,9.34,9.378,9.373,9.414,9.471,9.972,9.956,9.726,9.748,9.628,9.749,10.319,10.043,9.775,9.846,9.901,9.872,9.687,9.451,9.321,9.288,9.445,9.782,9.95,9.92,9.946,10.092,10.371,10.552,10.478,10.332,10.037,9.716,9.407,9.046,8.698,8.347,7.949,7.517,7.102,6.674,6.185,5.72,5.296,4.862,4.396,3.942,3.563,3.216,2.87,2.559,2.294,2.062,1.831,1.602,1.388,1.176,0.97,0.775,0.602,0.459,0.338,0.239,0.165,0.111
CPV,2059,7.624,7.681,7.73,7.793,7.836,7.879,7.923,7.971,8.017,8.071,8.149,8.213,8.275,8.302,8.39,8.414,8.456,8.505,8.546,8.572,8.651,8.736,8.774,8.857,8.869,8.929,8.979,8.99,9.048,9.078,9.121,9.157,9.168,9.167,9.246,9.256,9.327,9.364,9.359,9.401,9.458,9.957,9.942,9.711,9.732,9.611,9.731,10.299,10.021,9.754,9.823,9.876,9.846,9.659,9.423,9.292,9.257,9.412,9.744,9.909,9.876,9.9,10.042,10.316,10.491,10.411,10.259,9.958,9.631,9.315,8.947,8.593,8.237,7.833,7.397,6.975,6.542,6.045,5.571,5.134,4.687,4.21,3.746,3.359,3.007,2.662,2.353,2.089,1.86,1.632,1.408,1.202,1.001,0.812,0.636,0.484,0.362,0.26,0.179,0.119
CPV,2060,7.56,7.615,7.675,7.726,7.791,7.833,7.876,7.921,7.97,8.015,8.069,8.147,8.211,8.272,8.299,8.386,8.408,8.448,8.497,8.534,8.56,8.638,8.723,8.759,8.842,8.854,8.914,8.965,8.976,9.034,9.065,9.107,9.145,9.155,9.155,9.233,9.243,9.315,9.351,9.346,9.388,9.444,9.942,9.926,9.695,9.716,9.595,9.713,10.278,10,9.731,9.798,9.851,9.819,9.631,9.394,9.261,9.225,9.376,9.706,9.867,9.831,9.851,9.989,10.256,10.425,10.339,10.179,9.871,9.538,9.215,8.841,8.481,8.119,7.71,7.267,6.838,6.396,5.889,5.404,4.952,4.491,4.004,3.533,3.143,2.791,2.449,2.146,1.886,1.658,1.436,1.221,1.025,0.838,0.667,0.512,0.382,0.278,0.195,0.13
CPV,2061,7.481,7.551,7.61,7.671,7.722,7.787,7.831,7.874,7.919,7.968,8.014,8.068,8.145,8.209,8.269,8.294,8.38,8.4,8.439,8.485,8.522,8.547,8.624,8.708,8.745,8.828,8.84,8.901,8.95,8.962,9.021,9.053,9.095,9.133,9.143,9.142,9.22,9.231,9.301,9.338,9.333,9.375,9.43,9.927,9.911,9.679,9.699,9.576,9.693,10.256,9.977,9.708,9.773,9.824,9.791,9.602,9.364,9.229,9.191,9.34,9.666,9.822,9.784,9.799,9.932,10.193,10.354,10.26,10.094,9.779,9.438,9.108,8.728,8.362,7.993,7.577,7.126,6.688,6.234,5.715,5.214,4.747,4.274,3.779,3.309,2.919,2.572,2.237,1.939,1.685,1.462,1.246,1.043,0.859,0.691,0.538,0.406,0.294,0.208,0.141
CPV,2062,7.452,7.473,7.546,7.606,7.668,7.72,7.785,7.829,7.872,7.917,7.967,8.012,8.066,8.142,8.206,8.265,8.288,8.372,8.39,8.428,8.473,8.509,8.533,8.61,8.693,8.731,8.814,8.825,8.886,8.937,8.949,9.008,9.04,9.083,9.12,9.13,9.129,9.207,9.217,9.288,9.325,9.32,9.361,9.417,9.912,9.895,9.663,9.682,9.557,9.673,10.234,9.953,9.683,9.748,9.796,9.761,9.571,9.332,9.196,9.155,9.302,9.622,9.775,9.733,9.745,9.872,10.125,10.276,10.175,10,9.677,9.329,8.993,8.607,8.234,7.858,7.433,6.973,6.521,6.052,5.517,5.002,4.52,4.037,3.542,3.077,2.692,2.35,2.023,1.733,1.486,1.27,1.065,0.876,0.709,0.558,0.427,0.313,0.221,0.152
CPV,2063,7.398,7.443,7.467,7.542,7.602,7.665,7.716,7.783,7.827,7.87,7.915,7.965,8.01,8.063,8.139,8.201,8.259,8.281,8.364,8.38,8.416,8.46,8.495,8.519,8.595,8.679,8.717,8.799,8.812,8.873,8.924,8.937,8.996,9.027,9.07,9.108,9.118,9.118,9.195,9.205,9.275,9.312,9.306,9.347,9.402,9.897,9.878,9.645,9.663,9.538,9.651,10.21,9.928,9.658,9.721,9.767,9.731,9.539,9.299,9.161,9.118,9.261,9.578,9.726,9.68,9.686,9.806,10.05,10.193,10.083,9.898,9.568,9.215,8.871,8.478,8.096,7.71,7.274,6.801,6.333,5.846,5.295,4.765,4.273,3.786,3.296,2.839,2.463,2.127,1.81,1.53,1.292,1.086,0.896,0.723,0.574,0.443,0.33,0.235,0.162
CPV,2064,7.338,7.39,7.438,7.463,7.538,7.6,7.663,7.714,7.781,7.825,7.869,7.913,7.963,8.008,8.06,8.135,8.195,8.251,8.271,8.352,8.368,8.404,8.446,8.481,8.505,8.581,8.664,8.702,8.786,8.799,8.86,8.912,8.924,8.984,9.015,9.058,9.095,9.105,9.105,9.182,9.192,9.263,9.299,9.293,9.333,9.388,9.88,9.861,9.627,9.643,9.517,9.629,10.185,9.903,9.631,9.692,9.737,9.699,9.506,9.265,9.125,9.079,9.218,9.53,9.673,9.622,9.623,9.735,9.969,10.102,9.982,9.79,9.452,9.091,8.74,8.337,7.946,7.549,7.098,6.607,6.12,5.614,5.049,4.508,4.011,3.527,3.045,2.6,2.232,1.906,1.599,1.333,1.107,0.915,0.74,0.586,0.456,0.343,0.249,0.173
CPV,2065,7.303,7.33,7.385,7.434,7.459,7.536,7.597,7.661,7.712,7.779,7.823,7.867,7.911,7.961,8.004,8.056,8.129,8.188,8.242,8.261,8.34,8.355,8.39,8.432,8.466,8.491,8.567,8.651,8.689,8.773,8.786,8.848,8.9,8.912,8.972,9.003,9.046,9.084,9.093,9.093,9.17,9.18,9.249,9.285,9.28,9.319,9.372,9.863,9.842,9.608,9.622,9.495,9.606,10.159,9.877,9.604,9.664,9.706,9.666,9.471,9.228,9.087,9.038,9.174,9.479,9.618,9.561,9.554,9.659,9.882,10.002,9.874,9.672,9.327,8.958,8.597,8.186,7.783,7.369,6.899,6.389,5.881,5.355,4.779,4.235,3.739,3.261,2.79,2.358,2.001,1.686,1.395,1.143,0.934,0.757,0.602,0.467,0.354,0.259,0.182
CPV,2066,7.229,7.294,7.326,7.381,7.43,7.457,7.533,7.595,7.659,7.711,7.777,7.821,7.865,7.909,7.957,8,8.05,8.121,8.179,8.231,8.249,8.328,8.341,8.375,8.418,8.453,8.476,8.553,8.637,8.676,8.76,8.774,8.836,8.888,8.9,8.959,8.992,9.034,9.071,9.081,9.081,9.158,9.168,9.237,9.272,9.265,9.304,9.356,9.845,9.824,9.588,9.601,9.473,9.582,10.132,9.849,9.576,9.632,9.674,9.631,9.435,9.19,9.046,8.995,9.125,9.426,9.557,9.494,9.48,9.574,9.787,9.896,9.758,9.547,9.194,8.815,8.443,8.019,7.598,7.164,6.674,6.142,5.614,5.074,4.493,3.95,3.46,2.991,2.534,2.117,1.773,1.473,1.198,0.965,0.773,0.616,0.479,0.362,0.267,0.19
CPV,2067,7.175,7.221,7.289,7.322,7.377,7.428,7.455,7.531,7.593,7.657,7.71,7.776,7.82,7.863,7.907,7.953,7.994,8.042,8.111,8.168,8.219,8.236,8.314,8.327,8.361,8.404,8.439,8.463,8.54,8.624,8.663,8.748,8.762,8.824,8.876,8.889,8.948,8.979,9.022,9.059,9.07,9.069,9.146,9.155,9.224,9.258,9.25,9.288,9.339,9.826,9.803,9.567,9.578,9.45,9.557,10.105,9.82,9.546,9.601,9.639,9.595,9.397,9.15,9.003,8.949,9.075,9.367,9.49,9.42,9.398,9.483,9.683,9.782,9.633,9.411,9.049,8.658,8.274,7.833,7.392,6.934,6.42,5.867,5.322,4.774,4.194,3.659,3.176,2.719,2.277,1.877,1.55,1.266,1.012,0.801,0.63,0.491,0.373,0.274,0.196
CPV,2068,7.08,7.167,7.216,7.285,7.318,7.375,7.426,7.453,7.529,7.592,7.655,7.708,7.774,7.817,7.86,7.901,7.947,7.986,8.033,8.101,8.156,8.206,8.222,8.301,8.313,8.347,8.39,8.425,8.449,8.527,8.612,8.651,8.736,8.75,8.813,8.864,8.877,8.936,8.968,9.01,9.048,9.057,9.056,9.133,9.141,9.21,9.244,9.235,9.271,9.32,9.806,9.781,9.544,9.556,9.426,9.531,10.076,9.79,9.515,9.567,9.603,9.557,9.357,9.108,8.959,8.9,9.019,9.303,9.419,9.34,9.309,9.385,9.573,9.659,9.499,9.266,8.891,8.488,8.084,7.623,7.158,6.675,6.137,5.567,5.013,4.462,3.889,3.362,2.891,2.447,2.022,1.643,1.335,1.072,0.841,0.653,0.503,0.383,0.283,0.202
CPV,2069,7.059,7.072,7.163,7.212,7.282,7.316,7.372,7.424,7.451,7.527,7.59,7.653,7.706,7.772,7.815,7.855,7.896,7.939,7.978,8.022,8.089,8.143,8.193,8.208,8.286,8.299,8.333,8.377,8.411,8.437,8.514,8.599,8.64,8.724,8.738,8.801,8.853,8.866,8.925,8.957,8.999,9.036,9.045,9.044,9.12,9.128,9.196,9.228,9.219,9.254,9.302,9.785,9.76,9.523,9.532,9.401,9.504,10.046,9.76,9.482,9.533,9.567,9.516,9.315,9.063,8.91,8.846,8.959,9.234,9.34,9.254,9.214,9.279,9.454,9.526,9.354,9.107,8.718,8.295,7.87,7.384,6.893,6.385,5.827,5.247,4.689,4.141,3.578,3.062,2.603,2.174,1.772,1.417,1.131,0.892,0.688,0.522,0.392,0.291,0.208
CPV,2070,7.01,7.051,7.068,7.159,7.209,7.279,7.312,7.37,7.422,7.449,7.526,7.588,7.652,7.704,7.769,7.81,7.849,7.889,7.931,7.967,8.011,8.077,8.13,8.179,8.195,8.272,8.285,8.32,8.364,8.4,8.425,8.502,8.588,8.628,8.713,8.727,8.79,8.841,8.855,8.913,8.945,8.987,9.024,9.033,9.031,9.107,9.115,9.18,9.212,9.201,9.235,9.283,9.764,9.738,9.499,9.507,9.375,9.477,10.014,9.727,9.449,9.496,9.526,9.474,9.269,9.014,8.858,8.788,8.893,9.158,9.256,9.16,9.111,9.165,9.327,9.383,9.196,8.932,8.523,8.079,7.627,7.115,6.597,6.067,5.497,4.912,4.355,3.813,3.261,2.761,2.316,1.908,1.529,1.202,0.943,0.73,0.551,0.409,0.299,0.215
CPV,2071,6.954,7.003,7.046,7.064,7.155,7.206,7.277,7.31,7.369,7.42,7.447,7.524,7.586,7.649,7.7,7.764,7.804,7.842,7.879,7.92,7.956,7.998,8.063,8.116,8.165,8.181,8.258,8.272,8.307,8.351,8.387,8.413,8.491,8.576,8.617,8.702,8.716,8.778,8.83,8.844,8.902,8.934,8.976,9.012,9.021,9.019,9.094,9.1,9.164,9.195,9.183,9.217,9.262,9.741,9.714,9.475,9.482,9.348,9.447,9.981,9.692,9.413,9.457,9.485,9.428,9.22,8.962,8.8,8.725,8.821,9.075,9.163,9.059,9,9.043,9.188,9.227,9.022,8.735,8.303,7.833,7.353,6.814,6.273,5.728,5.152,4.567,4.015,3.48,2.944,2.46,2.035,1.65,1.3,1.004,0.773,0.586,0.431,0.311,0.221
CPV,2072,6.891,6.946,6.997,7.042,7.06,7.153,7.204,7.275,7.309,7.367,7.418,7.445,7.523,7.584,7.647,7.696,7.759,7.797,7.833,7.869,7.909,7.942,7.985,8.05,8.102,8.151,8.167,8.245,8.259,8.295,8.338,8.376,8.402,8.48,8.566,8.606,8.691,8.705,8.767,8.819,8.833,8.891,8.922,8.964,9,9.008,9.006,9.079,9.084,9.148,9.178,9.165,9.197,9.242,9.719,9.69,9.449,9.455,9.319,9.417,9.946,9.656,9.375,9.416,9.44,9.38,9.167,8.904,8.737,8.655,8.743,8.987,9.063,8.95,8.881,8.91,9.037,9.054,8.826,8.513,8.055,7.556,7.046,6.483,5.927,5.372,4.795,4.215,3.668,3.144,2.626,2.163,1.761,1.403,1.087,0.824,0.621,0.459,0.329,0.23
CPV,2073,6.858,6.883,6.942,6.993,7.039,7.058,7.151,7.202,7.273,7.308,7.365,7.416,7.444,7.52,7.581,7.643,7.69,7.751,7.788,7.823,7.857,7.895,7.929,7.971,8.036,8.088,8.138,8.154,8.232,8.247,8.282,8.327,8.364,8.39,8.468,8.554,8.594,8.68,8.694,8.756,8.808,8.821,8.88,8.911,8.952,8.988,8.995,8.991,9.064,9.069,9.131,9.16,9.146,9.176,9.22,9.695,9.664,9.423,9.426,9.289,9.385,9.91,9.618,9.336,9.373,9.392,9.328,9.111,8.842,8.669,8.58,8.659,8.891,8.956,8.834,8.752,8.765,8.87,8.861,8.605,8.262,7.773,7.244,6.71,6.13,5.564,5.005,4.429,3.855,3.32,2.809,2.312,1.875,1.501,1.176,0.894,0.663,0.488,0.351,0.244
CPV,2074,6.829,6.851,6.879,6.938,6.991,7.036,7.056,7.149,7.2,7.271,7.306,7.363,7.416,7.442,7.517,7.577,7.637,7.684,7.743,7.778,7.811,7.845,7.883,7.915,7.957,8.022,8.075,8.124,8.141,8.22,8.234,8.271,8.316,8.353,8.379,8.458,8.544,8.584,8.67,8.684,8.746,8.797,8.81,8.869,8.899,8.94,8.975,8.982,8.977,9.048,9.052,9.113,9.141,9.126,9.155,9.198,9.669,9.638,9.395,9.396,9.259,9.351,9.872,9.579,9.293,9.326,9.34,9.27,9.047,8.774,8.594,8.499,8.567,8.788,8.841,8.707,8.611,8.605,8.683,8.643,8.355,7.978,7.458,6.904,6.349,5.759,5.188,4.627,4.056,3.493,2.969,2.477,2.007,1.6,1.259,0.968,0.721,0.522,0.373,0.261
CPV,2075,6.804,6.821,6.846,6.875,6.934,6.987,7.034,7.054,7.147,7.198,7.27,7.304,7.362,7.413,7.439,7.513,7.571,7.629,7.674,7.731,7.766,7.799,7.831,7.869,7.902,7.944,8.009,8.062,8.111,8.128,8.208,8.223,8.26,8.305,8.342,8.369,8.447,8.533,8.573,8.659,8.673,8.735,8.787,8.799,8.858,8.888,8.927,8.961,8.967,8.961,9.032,9.035,9.095,9.121,9.105,9.134,9.174,9.643,9.61,9.366,9.366,9.225,9.315,9.831,9.535,9.246,9.275,9.283,9.207,8.978,8.7,8.514,8.41,8.469,8.676,8.716,8.569,8.455,8.426,8.473,8.394,8.071,7.659,7.112,6.537,5.97,5.375,4.802,4.244,3.679,3.128,2.622,2.154,1.716,1.344,1.038,0.782,0.568,0.401,0.278
CPV,2076,6.756,6.796,6.817,6.842,6.872,6.932,6.985,7.032,7.052,7.145,7.197,7.269,7.302,7.359,7.41,7.435,7.507,7.564,7.62,7.664,7.721,7.754,7.785,7.819,7.856,7.888,7.93,7.996,8.05,8.1,8.117,8.197,8.212,8.249,8.294,8.332,8.358,8.437,8.523,8.563,8.648,8.662,8.725,8.776,8.789,8.846,8.875,8.914,8.947,8.952,8.946,9.015,9.016,9.076,9.102,9.084,9.111,9.15,9.616,9.581,9.336,9.333,9.191,9.278,9.788,9.489,9.198,9.22,9.221,9.137,8.904,8.619,8.427,8.316,8.363,8.555,8.579,8.416,8.281,8.223,8.232,8.114,7.753,7.308,6.74,6.153,5.577,4.98,4.408,3.853,3.3,2.767,2.284,1.845,1.444,1.111,0.841,0.618,0.437,0.299
CPV,2077,6.705,6.748,6.792,6.813,6.84,6.869,6.93,6.983,7.03,7.05,7.143,7.196,7.267,7.3,7.357,7.406,7.429,7.5,7.555,7.61,7.652,7.707,7.74,7.772,7.805,7.842,7.875,7.917,7.983,8.037,8.087,8.106,8.186,8.2,8.238,8.283,8.321,8.348,8.427,8.513,8.553,8.638,8.652,8.714,8.765,8.777,8.833,8.862,8.9,8.932,8.936,8.929,8.997,8.998,9.057,9.08,9.062,9.087,9.124,9.588,9.551,9.304,9.299,9.154,9.237,9.742,9.439,9.143,9.159,9.153,9.063,8.822,8.533,8.333,8.212,8.248,8.422,8.429,8.244,8.083,7.992,7.96,7.798,7.405,6.932,6.349,5.753,5.173,4.577,4.007,3.461,2.923,2.413,1.959,1.555,1.195,0.9,0.666,0.476,0.327
CPV,2078,6.634,6.698,6.744,6.788,6.81,6.836,6.867,6.928,6.981,7.029,7.049,7.143,7.194,7.265,7.298,7.353,7.4,7.421,7.492,7.545,7.599,7.64,7.695,7.727,7.758,7.791,7.829,7.862,7.905,7.971,8.025,8.076,8.095,8.175,8.19,8.227,8.273,8.311,8.338,8.417,8.502,8.543,8.628,8.642,8.703,8.754,8.765,8.821,8.848,8.885,8.917,8.92,8.912,8.978,8.978,9.035,9.059,9.039,9.062,9.098,9.557,9.518,9.271,9.262,9.115,9.194,9.691,9.385,9.083,9.092,9.079,8.982,8.734,8.439,8.231,8.101,8.122,8.276,8.259,8.05,7.86,7.731,7.655,7.453,7.029,6.535,5.942,5.341,4.758,4.166,3.604,3.07,2.554,2.073,1.654,1.289,0.971,0.714,0.513,0.357
CPV,2079,6.604,6.626,6.693,6.74,6.785,6.807,6.834,6.865,6.926,6.98,7.027,7.047,7.141,7.192,7.262,7.294,7.347,7.393,7.413,7.48,7.533,7.586,7.626,7.681,7.713,7.745,7.778,7.815,7.849,7.892,7.96,8.014,8.065,8.084,8.165,8.181,8.217,8.263,8.301,8.328,8.407,8.493,8.533,8.617,8.631,8.692,8.742,8.752,8.807,8.834,8.87,8.9,8.903,8.893,8.96,8.958,9.014,9.035,9.014,9.036,9.07,9.526,9.484,9.235,9.224,9.073,9.147,9.636,9.325,9.019,9.02,8.998,8.894,8.64,8.337,8.121,7.979,7.982,8.112,8.067,7.829,7.606,7.438,7.32,7.08,6.632,6.122,5.522,4.919,4.337,3.751,3.201,2.687,2.198,1.754,1.374,1.049,0.771,0.552,0.386
CPV,2080,6.541,6.597,6.622,6.689,6.737,6.782,6.805,6.832,6.863,6.924,6.979,7.026,7.046,7.139,7.188,7.257,7.288,7.34,7.384,7.403,7.47,7.521,7.573,7.614,7.668,7.7,7.731,7.765,7.803,7.838,7.881,7.948,8.003,8.055,8.074,8.154,8.171,8.207,8.253,8.291,8.318,8.397,8.483,8.523,8.607,8.62,8.68,8.73,8.739,8.794,8.82,8.855,8.884,8.885,8.875,8.94,8.937,8.992,9.012,8.989,9.008,9.041,9.493,9.448,9.197,9.181,9.027,9.096,9.575,9.259,8.948,8.941,8.912,8.798,8.538,8.227,8.001,7.844,7.827,7.926,7.85,7.58,7.32,7.115,6.958,6.685,6.218,5.695,5.09,4.488,3.91,3.336,2.805,2.316,1.863,1.46,1.12,0.835,0.597,0.416
CPV,2081,6.479,6.534,6.592,6.618,6.687,6.734,6.78,6.803,6.831,6.862,6.923,6.977,7.025,7.043,7.135,7.184,7.252,7.28,7.331,7.374,7.391,7.458,7.508,7.559,7.6,7.654,7.686,7.719,7.753,7.791,7.826,7.87,7.938,7.993,8.045,8.063,8.144,8.161,8.198,8.244,8.282,8.309,8.388,8.473,8.513,8.596,8.609,8.669,8.717,8.726,8.779,8.804,8.839,8.867,8.868,8.856,8.92,8.916,8.968,8.986,8.962,8.979,9.009,9.458,9.41,9.156,9.136,8.978,9.039,9.509,9.187,8.871,8.856,8.818,8.695,8.426,8.106,7.867,7.693,7.649,7.714,7.603,7.299,7.005,6.767,6.575,6.274,5.79,5.256,4.65,4.051,3.482,2.928,2.422,1.966,1.554,1.192,0.893,0.648,0.451
CPV,2082,6.437,6.472,6.529,6.589,6.614,6.684,6.732,6.778,6.802,6.83,6.86,6.922,6.975,7.022,7.041,7.131,7.179,7.245,7.272,7.321,7.363,7.379,7.444,7.495,7.547,7.587,7.641,7.674,7.706,7.74,7.779,7.815,7.859,7.927,7.982,8.035,8.053,8.134,8.151,8.189,8.234,8.272,8.3,8.378,8.463,8.502,8.586,8.597,8.656,8.704,8.712,8.764,8.788,8.822,8.849,8.848,8.837,8.899,8.893,8.944,8.961,8.934,8.949,8.976,9.419,9.369,9.111,9.086,8.923,8.978,9.436,9.109,8.787,8.764,8.715,8.583,8.304,7.973,7.717,7.521,7.448,7.475,7.325,6.989,6.666,6.399,6.175,5.847,5.349,4.807,4.203,3.613,3.061,2.532,2.06,1.643,1.272,0.954,0.696,0.49
CPV,2083,6.399,6.431,6.468,6.525,6.586,6.612,6.681,6.73,6.776,6.8,6.828,6.859,6.92,6.973,7.019,7.036,7.125,7.172,7.236,7.262,7.31,7.35,7.366,7.431,7.482,7.533,7.573,7.629,7.661,7.695,7.729,7.768,7.804,7.849,7.917,7.972,8.025,8.044,8.125,8.142,8.18,8.225,8.263,8.289,8.368,8.453,8.492,8.574,8.585,8.643,8.69,8.697,8.748,8.772,8.805,8.831,8.83,8.815,8.876,8.869,8.918,8.932,8.904,8.917,8.941,9.379,9.324,9.062,9.032,8.863,8.91,9.358,9.024,8.697,8.664,8.605,8.46,8.169,7.822,7.547,7.325,7.22,7.206,7.018,6.654,6.307,6.014,5.76,5.408,4.898,4.35,3.755,3.181,2.652,2.158,1.725,1.348,1.019,0.744,0.527
CPV,2084,6.346,6.392,6.426,6.464,6.522,6.584,6.61,6.679,6.729,6.775,6.799,6.826,6.858,6.918,6.971,7.015,7.031,7.119,7.163,7.226,7.25,7.298,7.337,7.353,7.418,7.468,7.52,7.561,7.616,7.65,7.683,7.718,7.759,7.794,7.839,7.908,7.963,8.016,8.035,8.116,8.132,8.17,8.216,8.254,8.28,8.358,8.442,8.48,8.562,8.572,8.63,8.676,8.682,8.733,8.755,8.786,8.812,8.809,8.794,8.852,8.844,8.891,8.903,8.872,8.883,8.904,9.335,9.275,9.009,8.972,8.798,8.837,9.272,8.933,8.599,8.555,8.483,8.325,8.017,7.652,7.354,7.104,6.963,6.908,6.687,6.3,5.931,5.613,5.332,4.957,4.439,3.891,3.31,2.76,2.263,1.809,1.417,1.082,0.797,0.564
CPV,2085,6.276,6.339,6.388,6.423,6.461,6.52,6.581,6.608,6.679,6.727,6.774,6.798,6.825,6.855,6.915,6.967,7.01,7.024,7.11,7.153,7.214,7.238,7.284,7.324,7.339,7.405,7.455,7.508,7.549,7.604,7.638,7.672,7.708,7.748,7.785,7.829,7.898,7.954,8.007,8.026,8.107,8.124,8.161,8.206,8.245,8.271,8.347,8.431,8.468,8.549,8.559,8.616,8.66,8.666,8.716,8.738,8.768,8.791,8.787,8.771,8.828,8.817,8.863,8.872,8.839,8.846,8.862,9.286,9.221,8.95,8.907,8.726,8.757,9.179,8.834,8.492,8.436,8.348,8.172,7.845,7.458,7.134,6.855,6.68,6.587,6.335,5.929,5.54,5.2,4.893,4.498,3.976,3.436,2.877,2.36,1.901,1.49,1.14,0.848,0.607
CPV,2086,6.244,6.27,6.335,6.384,6.419,6.459,6.518,6.579,6.606,6.677,6.726,6.772,6.796,6.823,6.852,6.91,6.961,7.002,7.016,7.1,7.141,7.202,7.225,7.271,7.311,7.326,7.391,7.443,7.495,7.537,7.593,7.627,7.663,7.698,7.738,7.775,7.82,7.889,7.945,7.997,8.017,8.099,8.115,8.152,8.197,8.234,8.26,8.337,8.42,8.457,8.536,8.546,8.601,8.646,8.651,8.699,8.719,8.748,8.77,8.765,8.747,8.802,8.79,8.832,8.839,8.803,8.806,8.816,9.233,9.161,8.885,8.835,8.648,8.671,9.079,8.726,8.376,8.304,8.197,7.998,7.649,7.239,6.887,6.58,6.372,6.245,5.967,5.543,5.136,4.775,4.444,4.035,3.515,2.991,2.463,1.986,1.569,1.201,0.895,0.647
CPV,2087,6.202,6.238,6.266,6.331,6.382,6.417,6.457,6.516,6.578,6.605,6.675,6.725,6.77,6.794,6.82,6.848,6.906,6.954,6.994,7.005,7.089,7.129,7.19,7.212,7.258,7.298,7.314,7.379,7.431,7.483,7.526,7.583,7.618,7.652,7.688,7.729,7.766,7.811,7.879,7.936,7.989,8.008,8.089,8.106,8.143,8.188,8.225,8.25,8.325,8.408,8.444,8.523,8.532,8.586,8.629,8.634,8.681,8.7,8.728,8.749,8.742,8.722,8.775,8.76,8.8,8.804,8.763,8.761,8.767,9.175,9.097,8.815,8.758,8.564,8.577,8.969,8.608,8.246,8.155,8.025,7.801,7.427,6.991,6.614,6.281,6.046,5.886,5.582,5.143,4.719,4.341,3.99,3.573,3.066,2.566,2.077,1.642,1.267,0.944,0.685
CPV,2088,6.126,6.195,6.234,6.262,6.329,6.379,6.415,6.455,6.514,6.576,6.604,6.674,6.723,6.768,6.791,6.816,6.843,6.898,6.945,6.984,6.994,7.076,7.117,7.176,7.199,7.245,7.285,7.3,7.367,7.419,7.472,7.516,7.572,7.607,7.643,7.678,7.72,7.757,7.802,7.871,7.927,7.981,8,8.08,8.096,8.133,8.179,8.215,8.239,8.314,8.395,8.431,8.509,8.516,8.57,8.613,8.616,8.662,8.68,8.706,8.726,8.716,8.695,8.746,8.728,8.765,8.765,8.719,8.713,8.712,9.111,9.026,8.739,8.673,8.472,8.475,8.849,8.476,8.1,7.986,7.831,7.577,7.176,6.717,6.317,5.963,5.703,5.511,5.185,4.73,4.294,3.903,3.539,3.12,2.635,2.168,1.721,1.328,0.999,0.724
CPV,2089,6.085,6.12,6.191,6.23,6.26,6.326,6.377,6.413,6.453,6.512,6.575,6.602,6.673,6.721,6.766,6.787,6.81,6.835,6.89,6.935,6.972,6.982,7.064,7.103,7.164,7.186,7.233,7.273,7.289,7.355,7.408,7.462,7.505,7.563,7.598,7.633,7.67,7.71,7.748,7.794,7.863,7.919,7.972,7.991,8.072,8.087,8.124,8.169,8.203,8.227,8.302,8.382,8.417,8.495,8.502,8.555,8.596,8.597,8.642,8.658,8.684,8.702,8.691,8.667,8.715,8.694,8.727,8.722,8.672,8.659,8.652,9.041,8.949,8.657,8.582,8.373,8.363,8.715,8.328,7.935,7.794,7.608,7.324,6.898,6.42,6.001,5.629,5.344,5.123,4.774,4.308,3.862,3.463,3.095,2.686,2.23,1.799,1.395,1.05,0.768
CPV,2090,6.053,6.078,6.115,6.187,6.228,6.256,6.323,6.376,6.411,6.451,6.512,6.574,6.601,6.671,6.718,6.762,6.781,6.804,6.827,6.88,6.924,6.96,6.969,7.051,7.091,7.151,7.173,7.22,7.261,7.277,7.345,7.397,7.452,7.496,7.553,7.589,7.624,7.661,7.702,7.739,7.786,7.854,7.91,7.964,7.983,8.063,8.078,8.114,8.158,8.193,8.216,8.289,8.37,8.403,8.48,8.486,8.538,8.578,8.579,8.622,8.637,8.66,8.676,8.663,8.637,8.682,8.658,8.685,8.675,8.619,8.6,8.587,8.965,8.866,8.566,8.483,8.264,8.239,8.566,8.16,7.747,7.576,7.358,7.045,6.597,6.103,5.669,5.279,4.972,4.721,4.352,3.88,3.432,3.032,2.668,2.278,1.855,1.461,1.105,0.809
CPV,2091,6.033,6.047,6.074,6.112,6.185,6.225,6.254,6.322,6.374,6.41,6.451,6.51,6.572,6.599,6.667,6.714,6.756,6.775,6.795,6.817,6.869,6.912,6.948,6.956,7.038,7.078,7.138,7.161,7.208,7.249,7.266,7.334,7.388,7.442,7.486,7.544,7.58,7.616,7.653,7.694,7.731,7.778,7.846,7.902,7.955,7.974,8.053,8.069,8.104,8.147,8.181,8.204,8.277,8.356,8.389,8.464,8.47,8.521,8.56,8.558,8.6,8.613,8.634,8.649,8.633,8.604,8.645,8.616,8.639,8.623,8.562,8.536,8.516,8.882,8.775,8.469,8.374,8.143,8.098,8.395,7.969,7.532,7.33,7.08,6.74,6.274,5.769,5.321,4.916,4.587,4.31,3.926,3.451,3.008,2.617,2.266,1.898,1.51,1.16,0.853
CPV,2092,5.989,6.026,6.043,6.071,6.108,6.183,6.222,6.252,6.321,6.372,6.408,6.449,6.508,6.57,6.596,6.663,6.708,6.749,6.765,6.785,6.806,6.857,6.9,6.935,6.943,7.025,7.065,7.125,7.149,7.196,7.238,7.256,7.324,7.377,7.433,7.477,7.535,7.572,7.607,7.644,7.686,7.723,7.769,7.838,7.894,7.947,7.965,8.044,8.059,8.094,8.136,8.169,8.191,8.264,8.343,8.375,8.449,8.453,8.502,8.54,8.538,8.577,8.589,8.609,8.619,8.602,8.568,8.605,8.571,8.588,8.567,8.5,8.467,8.439,8.793,8.676,8.361,8.252,8.006,7.939,8.2,7.751,7.291,7.056,6.778,6.416,5.935,5.418,4.959,4.54,4.192,3.891,3.497,3.029,2.6,2.226,1.891,1.548,1.201,0.897
CPV,2093,5.931,5.982,6.022,6.039,6.067,6.106,6.18,6.221,6.251,6.319,6.37,6.407,6.447,6.506,6.567,6.592,6.658,6.702,6.741,6.756,6.774,6.794,6.844,6.886,6.922,6.93,7.013,7.052,7.114,7.138,7.185,7.227,7.247,7.314,7.368,7.424,7.468,7.527,7.563,7.599,7.636,7.678,7.715,7.761,7.83,7.885,7.938,7.956,8.034,8.049,8.082,8.124,8.157,8.179,8.25,8.327,8.359,8.432,8.434,8.483,8.519,8.515,8.553,8.563,8.58,8.587,8.566,8.529,8.56,8.522,8.533,8.505,8.431,8.391,8.354,8.694,8.567,8.241,8.116,7.85,7.758,7.98,7.506,7.023,6.759,6.456,6.073,5.579,5.054,4.584,4.153,3.789,3.471,3.074,2.622,2.214,1.86,1.546,1.235,0.932
CPV,2094,5.894,5.925,5.978,6.019,6.037,6.065,6.104,6.178,6.219,6.25,6.317,6.37,6.406,6.445,6.504,6.563,6.586,6.651,6.693,6.731,6.745,6.762,6.781,6.831,6.874,6.91,6.918,7,7.041,7.102,7.126,7.175,7.218,7.236,7.305,7.359,7.416,7.459,7.518,7.555,7.591,7.628,7.67,7.707,7.753,7.821,7.877,7.928,7.946,8.024,8.037,8.071,8.113,8.145,8.165,8.236,8.312,8.342,8.415,8.416,8.463,8.497,8.491,8.527,8.535,8.549,8.553,8.527,8.486,8.511,8.467,8.472,8.437,8.357,8.308,8.262,8.587,8.446,8.106,7.96,7.674,7.552,7.731,7.234,6.731,6.442,6.115,5.714,5.208,4.676,4.198,3.759,3.384,3.056,2.665,2.236,1.853,1.524,1.236,0.96
CPV,2095,5.849,5.888,5.921,5.975,6.016,6.034,6.063,6.102,6.177,6.218,6.248,6.317,6.368,6.404,6.443,6.5,6.558,6.58,6.643,6.683,6.719,6.733,6.749,6.769,6.818,6.861,6.896,6.905,6.988,7.029,7.092,7.117,7.166,7.208,7.227,7.296,7.351,7.407,7.452,7.51,7.547,7.583,7.62,7.662,7.7,7.745,7.812,7.868,7.919,7.936,8.014,8.026,8.059,8.1,8.132,8.152,8.221,8.296,8.325,8.395,8.396,8.442,8.474,8.467,8.5,8.505,8.515,8.515,8.485,8.438,8.458,8.408,8.405,8.364,8.275,8.218,8.162,8.467,8.309,7.953,7.783,7.472,7.319,7.454,6.937,6.418,6.106,5.757,5.339,4.824,4.287,3.804,3.362,2.984,2.653,2.277,1.876,1.52,1.22,0.963
CPV,2096,5.789,5.843,5.884,5.917,5.972,6.014,6.031,6.061,6.1,6.175,6.217,6.247,6.315,6.366,6.401,6.439,6.494,6.55,6.571,6.632,6.672,6.708,6.72,6.737,6.755,6.805,6.848,6.884,6.893,6.977,7.019,7.081,7.107,7.155,7.199,7.218,7.288,7.342,7.399,7.444,7.503,7.539,7.576,7.613,7.654,7.692,7.736,7.804,7.859,7.909,7.925,8.002,8.015,8.048,8.087,8.118,8.136,8.206,8.279,8.307,8.377,8.375,8.419,8.449,8.44,8.471,8.472,8.478,8.474,8.438,8.386,8.4,8.343,8.333,8.284,8.187,8.119,8.049,8.332,8.154,7.779,7.581,7.245,7.059,7.152,6.62,6.088,5.753,5.384,4.949,4.427,3.889,3.407,2.968,2.596,2.272,1.914,1.541,1.22,0.953
CPV,2097,5.753,5.783,5.839,5.88,5.914,5.97,6.012,6.031,6.059,6.1,6.174,6.215,6.246,6.313,6.364,6.397,6.433,6.487,6.542,6.561,6.622,6.66,6.695,6.708,6.723,6.743,6.793,6.837,6.873,6.883,6.966,7.008,7.072,7.098,7.146,7.191,7.211,7.28,7.335,7.391,7.436,7.495,7.532,7.568,7.605,7.646,7.683,7.728,7.794,7.849,7.899,7.915,7.991,8.003,8.035,8.074,8.104,8.122,8.189,8.262,8.289,8.356,8.354,8.395,8.424,8.411,8.439,8.436,8.437,8.428,8.386,8.329,8.336,8.272,8.255,8.196,8.088,8.008,7.922,8.178,7.977,7.579,7.353,6.991,6.777,6.828,6.283,5.74,5.384,4.995,4.546,4.02,3.487,3.012,2.586,2.226,1.912,1.575,1.238,0.954
CPV,2098,5.709,5.747,5.779,5.836,5.878,5.911,5.968,6.01,6.029,6.059,6.098,6.173,6.214,6.244,6.31,6.36,6.391,6.426,6.479,6.532,6.55,6.61,6.648,6.683,6.695,6.711,6.731,6.78,6.825,6.861,6.872,6.956,6.999,7.062,7.089,7.139,7.182,7.202,7.272,7.327,7.384,7.429,7.487,7.525,7.561,7.597,7.639,7.675,7.719,7.785,7.84,7.888,7.904,7.98,7.991,8.022,8.06,8.088,8.105,8.172,8.243,8.269,8.335,8.33,8.369,8.395,8.38,8.403,8.395,8.392,8.376,8.33,8.266,8.266,8.196,8.169,8.099,7.98,7.883,7.777,8.003,7.776,7.354,7.1,6.716,6.475,6.486,5.928,5.377,5,4.593,4.133,3.61,3.088,2.629,2.222,1.877,1.578,1.269,0.971
CPV,2099,5.689,5.703,5.743,5.776,5.833,5.876,5.909,5.966,6.008,6.027,6.057,6.096,6.171,6.212,6.241,6.306,6.354,6.385,6.418,6.469,6.521,6.539,6.598,6.635,6.669,6.682,6.698,6.718,6.769,6.814,6.851,6.862,6.946,6.99,7.053,7.08,7.13,7.175,7.194,7.265,7.32,7.376,7.421,7.481,7.517,7.553,7.589,7.63,7.666,7.71,7.775,7.829,7.878,7.893,7.968,7.978,8.009,8.045,8.073,8.089,8.154,8.224,8.248,8.312,8.306,8.341,8.364,8.344,8.363,8.351,8.342,8.321,8.268,8.198,8.19,8.111,8.074,7.992,7.858,7.742,7.614,7.804,7.549,7.104,6.823,6.42,6.154,6.125,5.558,4.997,4.603,4.181,3.716,3.201,2.698,2.262,1.878,1.552,1.274,0.999
CPV,2100,5.66,5.684,5.699,5.739,5.773,5.831,5.874,5.908,5.964,6.006,6.026,6.055,6.096,6.169,6.209,6.236,6.301,6.347,6.377,6.408,6.458,6.509,6.525,6.584,6.622,6.657,6.669,6.686,6.706,6.758,6.802,6.841,6.853,6.937,6.981,7.045,7.071,7.122,7.166,7.187,7.257,7.312,7.369,7.415,7.473,7.509,7.545,7.582,7.622,7.658,7.701,7.765,7.818,7.867,7.881,7.955,7.965,7.994,8.031,8.057,8.072,8.135,8.203,8.225,8.288,8.278,8.311,8.33,8.306,8.32,8.302,8.287,8.26,8.201,8.123,8.106,8.018,7.968,7.871,7.718,7.58,7.426,7.579,7.295,6.832,6.527,6.106,5.817,5.747,5.171,4.605,4.194,3.763,3.3,2.801,2.326,1.915,1.556,1.256,1.004
