LSO,1950,27.016,23.132,20.644,19.287,18.223,17.31,16.489,15.723,14.994,14.291,13.6,12.924,12.289,11.722,11.215,10.705,10.22,9.758,9.318,8.903,8.518,8.164,7.841,7.55,7.291,7.058,6.855,6.679,6.531,6.405,6.29,6.185,6.088,6.001,5.922,5.852,5.789,5.735,5.688,5.643,5.592,5.533,5.466,5.393,5.311,5.22,5.118,5.005,4.882,4.752,4.622,4.496,4.373,4.252,4.131,4.002,3.86,3.708,3.515,3.273,3.136,3.044,2.965,2.923,2.872,2.813,2.746,2.67,2.587,2.494,2.393,2.281,2.16,2.031,1.896,1.756,1.61,1.46,1.312,1.167,1.026,0.893,0.767,0.651,0.543,0.445,0.359,0.285,0.221,0.17,0.126,0.093,0.068,0.047,0.033,0.022,0.014,0.01,0.006,0.004
LSO,1951,22.178,24.88,22.312,20.144,18.94,17.964,17.1,16.312,15.571,14.867,14.19,13.53,12.88,12.271,11.725,11.238,10.744,10.268,9.811,9.371,8.951,8.56,8.196,7.862,7.559,7.286,7.042,6.826,6.641,6.482,6.347,6.225,6.115,6.015,5.925,5.843,5.769,5.7,5.638,5.583,5.53,5.47,5.406,5.333,5.255,5.17,5.078,4.978,4.872,4.755,4.63,4.509,4.388,4.269,4.154,4.036,3.908,3.767,3.614,3.417,3.169,3.026,2.925,2.839,2.786,2.724,2.692,2.618,2.535,2.443,2.341,2.233,2.116,1.987,1.855,1.716,1.575,1.431,1.284,1.142,1.003,0.873,0.749,0.634,0.528,0.433,0.351,0.278,0.217,0.166,0.124,0.09,0.065,0.046,0.032,0.022,0.014,0.009,0.006,0.004
LSO,1952,22.848,20.442,24.017,21.782,19.784,18.671,17.745,16.914,16.153,15.439,14.763,14.118,13.485,12.862,12.277,11.754,11.282,10.797,10.327,9.87,9.425,8.997,8.596,8.22,7.871,7.556,7.271,7.014,6.787,6.592,6.424,6.28,6.153,6.04,5.936,5.843,5.759,5.678,5.602,5.53,5.467,5.406,5.338,5.267,5.19,5.108,5.023,4.936,4.843,4.741,4.629,4.513,4.399,4.282,4.169,4.057,3.942,3.814,3.67,3.514,3.31,3.058,2.909,2.799,2.704,2.64,2.607,2.567,2.486,2.395,2.296,2.186,2.072,1.948,1.816,1.68,1.541,1.401,1.26,1.118,0.983,0.853,0.734,0.62,0.515,0.423,0.341,0.271,0.211,0.162,0.121,0.089,0.064,0.045,0.031,0.021,0.013,0.008,0.006,0.003
LSO,1953,23.527,21.112,19.745,23.466,21.407,19.508,18.447,17.553,16.75,16.015,15.33,14.687,14.074,13.469,12.871,12.309,11.803,11.343,10.864,10.391,9.929,9.478,9.039,8.623,8.234,7.871,7.541,7.245,6.976,6.739,6.533,6.357,6.208,6.078,5.96,5.854,5.757,5.667,5.577,5.491,5.411,5.338,5.27,5.195,5.12,5.038,4.956,4.875,4.794,4.707,4.614,4.51,4.402,4.292,4.181,4.072,3.964,3.847,3.716,3.569,3.404,3.195,2.938,2.781,2.664,2.559,2.528,2.487,2.438,2.35,2.251,2.144,2.03,1.909,1.781,1.647,1.51,1.372,1.235,1.098,0.963,0.837,0.719,0.607,0.505,0.413,0.334,0.265,0.207,0.159,0.118,0.087,0.063,0.045,0.031,0.021,0.013,0.008,0.006,0.003
LSO,1954,24.228,21.802,20.422,19.295,23.077,21.12,19.279,18.249,17.385,16.609,15.904,15.253,14.644,14.06,13.484,12.909,12.367,11.87,11.417,10.936,10.459,9.988,9.525,9.07,8.64,8.237,7.86,7.515,7.207,6.927,6.681,6.465,6.284,6.13,5.996,5.877,5.766,5.664,5.563,5.465,5.369,5.279,5.198,5.123,5.045,4.964,4.881,4.804,4.73,4.656,4.576,4.492,4.397,4.295,4.19,4.085,3.978,3.868,3.749,3.615,3.459,3.287,3.071,2.809,2.646,2.52,2.452,2.413,2.364,2.307,2.21,2.104,1.993,1.872,1.748,1.617,1.482,1.346,1.211,1.078,0.948,0.822,0.705,0.595,0.495,0.406,0.327,0.26,0.202,0.155,0.116,0.085,0.062,0.043,0.03,0.02,0.013,0.008,0.005,0.003
LSO,1955,25.123,22.516,21.12,19.974,18.967,22.781,20.88,19.076,18.076,17.239,16.495,15.826,15.212,14.632,14.077,13.526,12.972,12.441,11.951,11.495,11.011,10.524,10.04,9.561,9.092,8.645,8.226,7.835,7.478,7.16,6.869,6.611,6.39,6.205,6.048,5.912,5.789,5.671,5.56,5.449,5.34,5.234,5.136,5.048,4.967,4.884,4.804,4.725,4.655,4.589,4.523,4.454,4.377,4.288,4.193,4.093,3.991,3.884,3.771,3.648,3.504,3.34,3.16,2.94,2.673,2.501,2.416,2.342,2.295,2.238,2.171,2.069,1.958,1.839,1.715,1.587,1.455,1.322,1.19,1.058,0.931,0.81,0.694,0.585,0.487,0.399,0.321,0.254,0.198,0.152,0.114,0.084,0.06,0.042,0.029,0.019,0.013,0.008,0.005,0.003
LSO,1956,25.843,23.41,21.842,20.674,19.645,18.708,22.531,20.668,18.897,17.926,17.122,16.416,15.785,15.203,14.653,14.124,13.593,13.053,12.529,12.036,11.574,11.08,10.579,10.079,9.584,9.098,8.636,8.202,7.798,7.43,7.099,6.799,6.535,6.311,6.122,5.962,5.823,5.693,5.565,5.442,5.321,5.203,5.087,4.981,4.888,4.804,4.72,4.645,4.574,4.514,4.455,4.4,4.339,4.269,4.185,4.096,3.999,3.896,3.786,3.668,3.535,3.383,3.212,3.025,2.798,2.527,2.399,2.309,2.229,2.174,2.108,2.033,1.925,1.808,1.686,1.558,1.431,1.3,1.169,1.04,0.915,0.796,0.684,0.577,0.479,0.392,0.316,0.25,0.195,0.15,0.112,0.083,0.059,0.042,0.028,0.019,0.012,0.008,0.005,0.003
LSO,1957,26.603,24.138,22.739,21.398,20.343,19.384,18.486,22.313,20.486,18.746,17.809,17.043,16.375,15.777,15.226,14.703,14.195,13.677,13.144,12.617,12.118,11.645,11.138,10.62,10.104,9.591,9.089,8.611,8.164,7.749,7.368,7.027,6.721,6.453,6.227,6.036,5.871,5.726,5.586,5.447,5.313,5.183,5.054,4.931,4.822,4.723,4.638,4.56,4.493,4.432,4.38,4.332,4.285,4.231,4.166,4.089,4.002,3.905,3.799,3.683,3.557,3.414,3.254,3.074,2.88,2.648,2.427,2.295,2.199,2.112,2.049,1.975,1.893,1.78,1.659,1.534,1.407,1.279,1.151,1.024,0.901,0.783,0.673,0.569,0.472,0.386,0.312,0.247,0.191,0.147,0.11,0.081,0.059,0.041,0.028,0.019,0.012,0.008,0.005,0.003
LSO,1958,27.375,25.064,23.679,22.523,21.314,20.337,19.418,18.54,22.355,20.523,18.764,17.787,16.979,16.271,15.633,15.041,14.486,13.958,13.428,12.891,12.371,11.883,11.429,10.946,10.454,9.965,9.478,9.002,8.545,8.119,7.723,7.357,7.027,6.727,6.463,6.241,6.052,5.897,5.763,5.636,5.51,5.389,5.27,5.148,5.031,4.927,4.826,4.732,4.637,4.553,4.474,4.402,4.334,4.271,4.204,4.125,4.038,3.946,3.844,3.737,3.623,3.499,3.362,3.201,3.028,2.841,2.544,2.322,2.187,2.085,1.992,1.921,1.841,1.752,1.634,1.51,1.385,1.258,1.133,1.009,0.886,0.772,0.663,0.561,0.467,0.382,0.307,0.243,0.19,0.145,0.109,0.08,0.058,0.041,0.028,0.019,0.012,0.008,0.005,0.003
LSO,1959,28.202,25.842,24.617,23.475,22.451,21.322,20.386,19.489,18.615,22.402,20.546,18.744,17.722,16.867,16.114,15.433,14.806,14.226,13.686,13.153,12.622,12.114,11.648,11.22,10.766,10.304,9.843,9.385,8.934,8.499,8.094,7.716,7.36,7.037,6.741,6.482,6.264,6.085,5.943,5.825,5.711,5.598,5.491,5.38,5.265,5.153,5.047,4.934,4.822,4.711,4.607,4.505,4.411,4.325,4.247,4.167,4.076,3.984,3.886,3.785,3.679,3.569,3.45,3.313,3.158,2.991,2.73,2.435,2.213,2.075,1.967,1.868,1.791,1.704,1.609,1.489,1.365,1.24,1.117,0.994,0.875,0.761,0.654,0.553,0.461,0.378,0.304,0.241,0.187,0.143,0.108,0.079,0.058,0.04,0.028,0.018,0.012,0.008,0.005,0.002
LSO,1960,28.993,26.661,25.405,24.424,23.415,22.471,21.384,20.469,19.577,18.688,22.431,20.526,18.675,17.603,16.7,15.898,15.178,14.527,13.932,13.389,12.864,12.346,11.861,11.424,11.028,10.605,10.175,9.745,9.312,8.885,8.475,8.088,7.722,7.373,7.054,6.764,6.511,6.302,6.139,6.014,5.909,5.812,5.714,5.614,5.511,5.401,5.287,5.168,5.037,4.906,4.772,4.645,4.522,4.408,4.306,4.213,4.12,4.023,3.927,3.829,3.729,3.628,3.522,3.404,3.274,3.123,2.874,2.614,2.323,2.101,1.958,1.846,1.742,1.658,1.566,1.468,1.346,1.224,1.102,0.98,0.863,0.752,0.646,0.547,0.456,0.374,0.301,0.238,0.186,0.142,0.107,0.079,0.056,0.04,0.027,0.018,0.012,0.007,0.005,0.002
LSO,1961,29.842,27.436,26.227,25.221,24.373,23.445,22.544,21.48,20.567,19.659,18.736,22.411,20.453,18.549,17.423,16.469,15.626,14.878,14.211,13.615,13.08,12.57,12.076,11.623,11.22,10.857,10.47,10.072,9.67,9.264,8.861,8.47,8.095,7.738,7.395,7.081,6.796,6.555,6.364,6.218,6.109,6.021,5.939,5.85,5.759,5.66,5.547,5.422,5.281,5.129,4.976,4.816,4.665,4.522,4.392,4.273,4.168,4.068,3.968,3.871,3.776,3.682,3.586,3.479,3.368,3.242,3.002,2.754,2.494,2.206,1.984,1.838,1.723,1.615,1.525,1.429,1.328,1.208,1.087,0.969,0.852,0.743,0.639,0.54,0.45,0.37,0.298,0.237,0.185,0.141,0.105,0.077,0.056,0.04,0.027,0.018,0.012,0.007,0.005,0.002
LSO,1962,30.602,28.254,27,26.046,25.178,24.412,23.528,22.648,21.586,20.658,19.711,18.728,22.328,20.316,18.358,17.178,16.179,15.307,14.543,13.874,13.286,12.768,12.285,11.824,11.407,11.041,10.714,10.36,9.994,9.618,9.238,8.856,8.481,8.114,7.762,7.425,7.117,6.846,6.623,6.45,6.322,6.231,6.159,6.086,6.006,5.92,5.819,5.693,5.545,5.382,5.206,5.025,4.84,4.669,4.509,4.36,4.229,4.117,4.013,3.912,3.819,3.73,3.64,3.547,3.446,3.339,3.117,2.877,2.628,2.37,2.084,1.864,1.717,1.597,1.486,1.393,1.293,1.193,1.074,0.957,0.842,0.733,0.632,0.535,0.445,0.366,0.296,0.235,0.183,0.139,0.105,0.077,0.055,0.04,0.027,0.018,0.012,0.007,0.005,0.002
LSO,1963,31.333,28.976,27.813,26.82,26.008,25.224,24.503,23.642,22.764,21.685,20.715,19.705,18.658,22.182,20.109,18.096,16.869,15.839,14.95,14.185,13.524,12.955,12.465,12.019,11.596,11.219,10.891,10.6,10.278,9.94,9.591,9.234,8.868,8.5,8.141,7.795,7.464,7.17,6.919,6.717,6.564,6.454,6.381,6.319,6.255,6.179,6.091,5.976,5.826,5.653,5.464,5.259,5.052,4.846,4.655,4.478,4.316,4.179,4.063,3.96,3.863,3.776,3.692,3.605,3.517,3.42,3.21,2.986,2.745,2.497,2.24,1.96,1.741,1.592,1.471,1.357,1.262,1.163,1.061,0.946,0.833,0.726,0.625,0.53,0.442,0.362,0.293,0.233,0.182,0.139,0.104,0.076,0.055,0.04,0.027,0.018,0.012,0.007,0.005,0.002
LSO,1964,32.055,29.666,28.527,27.632,26.788,26.064,25.326,24.627,23.767,22.869,21.746,20.709,19.629,18.515,21.96,19.827,17.766,16.508,15.46,14.568,13.814,13.174,12.635,12.183,11.779,11.397,11.061,10.772,10.515,10.222,9.912,9.589,9.246,8.888,8.53,8.177,7.837,7.522,7.249,7.02,6.838,6.706,6.615,6.553,6.499,6.442,6.364,6.26,6.118,5.942,5.742,5.522,5.288,5.059,4.832,4.624,4.434,4.265,4.125,4.01,3.912,3.821,3.741,3.66,3.578,3.495,3.288,3.075,2.849,2.609,2.36,2.105,1.831,1.615,1.466,1.344,1.23,1.134,1.035,0.935,0.824,0.718,0.619,0.525,0.439,0.36,0.291,0.232,0.181,0.138,0.104,0.076,0.055,0.039,0.027,0.018,0.012,0.007,0.005,0.002
LSO,1965,32.711,30.348,29.212,28.347,27.606,26.852,26.175,25.461,24.762,23.88,22.935,21.739,20.628,19.477,18.294,21.658,19.476,17.381,16.106,15.057,14.177,13.443,12.836,12.337,11.931,11.57,11.234,10.938,10.684,10.456,10.196,9.91,9.602,9.269,8.92,8.567,8.222,7.899,7.605,7.356,7.15,6.989,6.878,6.8,6.747,6.7,6.638,6.544,6.411,6.242,6.038,5.803,5.554,5.298,5.048,4.803,4.58,4.382,4.21,4.073,3.962,3.873,3.788,3.712,3.637,3.562,3.36,3.15,2.934,2.708,2.465,2.219,1.969,1.701,1.489,1.342,1.219,1.107,1.011,0.913,0.816,0.712,0.613,0.521,0.435,0.357,0.289,0.229,0.18,0.138,0.104,0.076,0.055,0.039,0.027,0.018,0.012,0.007,0.005,0.002
LSO,1966,33.592,30.995,29.918,29.067,28.362,27.715,27.01,26.357,25.637,24.91,23.971,22.937,21.65,20.454,19.219,17.957,21.241,19.02,16.907,15.63,14.596,13.743,13.048,12.492,12.046,11.691,11.384,11.096,10.843,10.627,10.434,10.203,9.936,9.64,9.315,8.975,8.63,8.304,8.007,7.742,7.519,7.34,7.206,7.109,7.042,6.998,6.946,6.864,6.737,6.572,6.367,6.122,5.854,5.577,5.296,5.023,4.761,4.531,4.333,4.162,4.033,3.934,3.853,3.774,3.707,3.639,3.422,3.218,3.005,2.789,2.56,2.319,2.075,1.829,1.569,1.363,1.218,1.097,0.987,0.893,0.798,0.706,0.608,0.516,0.431,0.355,0.287,0.229,0.179,0.137,0.103,0.076,0.055,0.039,0.027,0.018,0.012,0.007,0.005,0.002
LSO,1967,34.406,31.895,30.637,29.859,29.177,28.571,27.974,27.29,26.625,25.864,25.055,23.992,22.835,21.433,20.125,18.782,17.435,20.645,18.4,16.288,15.031,14.033,13.233,12.605,12.121,11.745,11.462,11.221,10.99,10.787,10.619,10.467,10.259,10.008,9.722,9.406,9.077,8.758,8.468,8.211,7.982,7.795,7.651,7.538,7.458,7.402,7.353,7.274,7.148,6.978,6.766,6.507,6.216,5.911,5.601,5.289,4.994,4.724,4.494,4.299,4.143,4.029,3.944,3.873,3.808,3.754,3.497,3.279,3.072,2.857,2.637,2.408,2.169,1.928,1.688,1.437,1.238,1.098,0.979,0.872,0.781,0.69,0.603,0.513,0.429,0.353,0.286,0.228,0.179,0.137,0.103,0.076,0.055,0.039,0.027,0.018,0.012,0.007,0.005,0.002
LSO,1968,35.371,32.22,31.104,30.21,29.658,29.14,28.647,28.13,27.499,26.858,26.088,25.234,24.104,22.872,21.394,20.02,18.625,17.237,20.408,18.163,16.072,14.85,13.9,13.155,12.588,12.166,11.85,11.613,11.41,11.21,11.031,10.879,10.741,10.542,10.3,10.018,9.703,9.369,9.038,8.738,8.467,8.218,8.008,7.842,7.707,7.605,7.533,7.475,7.384,7.245,7.063,6.84,6.569,6.262,5.941,5.611,5.279,4.967,4.687,4.448,4.245,4.092,3.984,3.905,3.838,3.778,3.608,3.351,3.13,2.92,2.702,2.481,2.254,2.016,1.781,1.547,1.308,1.118,0.98,0.867,0.763,0.676,0.591,0.509,0.426,0.351,0.285,0.227,0.178,0.137,0.103,0.076,0.055,0.039,0.027,0.018,0.012,0.007,0.005,0.002
LSO,1969,36.163,33.145,31.43,30.68,30.015,29.628,29.227,28.817,28.354,27.744,27.095,26.278,25.352,24.144,22.832,21.285,19.856,18.417,17.007,20.155,17.933,15.881,14.709,13.819,13.137,12.638,12.276,12.009,11.813,11.641,11.466,11.306,11.168,11.037,10.848,10.61,10.328,10.008,9.662,9.32,9.004,8.714,8.44,8.207,8.019,7.863,7.744,7.662,7.592,7.486,7.336,7.143,6.905,6.618,6.293,5.95,5.598,5.249,4.928,4.64,4.392,4.194,4.048,3.948,3.874,3.813,3.631,3.458,3.2,2.977,2.763,2.544,2.324,2.096,1.864,1.634,1.409,1.181,1,0.869,0.759,0.662,0.579,0.499,0.424,0.349,0.284,0.226,0.178,0.136,0.103,0.076,0.055,0.039,0.027,0.018,0.012,0.007,0.005,0.002
LSO,1970,37.002,33.926,32.353,31.013,30.488,29.988,29.717,29.398,29.039,28.6,27.982,27.285,26.396,25.391,24.101,22.72,21.117,19.645,18.183,16.77,19.916,17.733,15.736,14.624,13.799,13.184,12.747,12.434,12.206,12.043,11.897,11.741,11.593,11.464,11.339,11.155,10.916,10.629,10.297,9.94,9.583,9.248,8.934,8.637,8.382,8.174,8,7.872,7.779,7.693,7.575,7.412,7.203,6.948,6.643,6.297,5.932,5.563,5.205,4.876,4.581,4.337,4.148,4.011,3.915,3.847,3.665,3.481,3.302,3.044,2.818,2.603,2.383,2.162,1.939,1.711,1.489,1.274,1.059,0.886,0.762,0.66,0.568,0.491,0.416,0.348,0.283,0.225,0.177,0.136,0.103,0.077,0.055,0.04,0.027,0.018,0.012,0.007,0.005,0.003
LSO,1971,37.918,34.761,33.137,31.934,30.825,30.463,30.08,29.888,29.62,29.284,28.837,28.169,27.401,26.432,25.346,23.986,22.55,20.903,19.407,17.943,16.548,19.71,17.581,15.647,14.6,13.843,13.289,12.902,12.629,12.433,12.296,12.167,12.024,11.885,11.762,11.642,11.455,11.212,10.911,10.568,10.196,9.819,9.459,9.123,8.806,8.532,8.307,8.124,7.985,7.877,7.778,7.647,7.469,7.242,6.968,6.641,6.272,5.892,5.511,5.146,4.811,4.521,4.289,4.107,3.977,3.888,3.699,3.513,3.325,3.142,2.882,2.655,2.439,2.219,2,1.781,1.56,1.346,1.142,0.94,0.779,0.663,0.566,0.481,0.409,0.342,0.282,0.225,0.177,0.136,0.103,0.077,0.056,0.04,0.027,0.018,0.012,0.008,0.005,0.003
LSO,1972,39.223,35.676,33.979,32.722,31.745,30.802,30.554,30.25,30.109,29.864,29.518,29.023,28.284,27.436,26.385,25.23,23.812,22.333,20.662,19.164,17.717,16.36,19.55,17.483,15.619,14.64,13.945,13.442,13.093,12.852,12.682,12.561,12.445,12.311,12.18,12.06,11.937,11.743,11.486,11.174,10.815,10.423,10.023,9.643,9.286,8.949,8.657,8.425,8.232,8.079,7.958,7.845,7.699,7.502,7.256,6.96,6.609,6.223,5.832,5.444,5.076,4.744,4.465,4.243,4.07,3.946,3.738,3.547,3.357,3.164,2.975,2.716,2.489,2.272,2.054,1.839,1.624,1.412,1.209,1.015,0.826,0.677,0.57,0.48,0.402,0.337,0.278,0.224,0.177,0.137,0.104,0.077,0.056,0.04,0.027,0.018,0.012,0.008,0.005,0.003
LSO,1973,40.397,36.964,34.9,33.568,32.536,31.724,30.895,30.726,30.473,30.354,30.097,29.705,29.136,28.318,27.388,26.267,25.056,23.594,22.092,20.417,18.936,17.526,16.219,19.444,17.448,15.655,14.739,14.093,13.628,13.313,13.098,12.945,12.836,12.729,12.6,12.474,12.351,12.219,12.013,11.743,11.416,11.037,10.62,10.2,9.799,9.424,9.072,8.773,8.529,8.322,8.158,8.023,7.893,7.727,7.512,7.242,6.922,6.554,6.158,5.759,5.365,5.002,4.683,4.415,4.202,4.037,3.795,3.585,3.389,3.196,2.997,2.805,2.548,2.32,2.104,1.889,1.678,1.471,1.268,1.075,0.894,0.721,0.584,0.484,0.401,0.331,0.273,0.221,0.176,0.137,0.104,0.077,0.056,0.04,0.027,0.018,0.012,0.008,0.005,0.003
LSO,1974,41.707,38.132,36.189,34.492,33.386,32.516,31.818,31.069,30.951,30.72,30.59,30.284,29.819,29.169,28.27,27.27,26.092,24.834,23.347,21.842,20.185,18.739,17.38,16.132,19.4,17.476,15.749,14.885,14.278,13.847,13.557,13.36,13.221,13.119,13.019,12.893,12.764,12.632,12.487,12.267,11.981,11.633,11.23,10.793,10.353,9.932,9.542,9.183,8.874,8.617,8.398,8.22,8.07,7.921,7.735,7.494,7.2,6.862,6.483,6.078,5.675,5.286,4.935,4.627,4.369,4.164,3.884,3.641,3.427,3.227,3.028,2.827,2.632,2.376,2.15,1.936,1.726,1.522,1.323,1.129,0.948,0.78,0.622,0.496,0.405,0.331,0.269,0.219,0.175,0.137,0.104,0.077,0.056,0.04,0.028,0.018,0.012,0.008,0.005,0.003
LSO,1975,43.517,39.442,37.367,35.786,34.316,33.371,32.616,31.998,31.3,31.203,30.96,30.782,30.401,29.855,29.122,28.151,27.091,25.868,24.583,23.092,21.604,19.984,18.588,17.289,16.106,19.422,17.564,15.892,15.069,14.497,14.092,13.819,13.634,13.503,13.409,13.312,13.184,13.046,12.899,12.739,12.503,12.194,11.821,11.397,10.94,10.479,10.044,9.647,9.279,8.957,8.688,8.457,8.263,8.094,7.924,7.712,7.447,7.134,6.783,6.395,5.984,5.586,5.21,4.87,4.573,4.325,4.005,3.724,3.478,3.262,3.056,2.854,2.652,2.452,2.2,1.977,1.768,1.564,1.367,1.177,0.995,0.826,0.673,0.529,0.415,0.334,0.269,0.215,0.172,0.134,0.104,0.077,0.056,0.04,0.027,0.018,0.012,0.008,0.005,0.003
LSO,1976,45.549,41.266,38.699,36.969,35.599,34.283,33.441,32.759,32.187,31.512,31.404,31.12,30.876,30.424,29.806,29.009,27.987,26.885,25.637,24.349,22.871,21.414,19.838,18.494,17.253,16.13,19.478,17.671,16.038,15.247,14.697,14.309,14.046,13.868,13.743,13.651,13.549,13.414,13.262,13.101,12.928,12.672,12.34,11.947,11.507,11.031,10.559,10.118,9.712,9.333,9,8.721,8.477,8.265,8.078,7.885,7.65,7.368,7.044,6.683,6.289,5.882,5.494,5.128,4.797,4.51,4.162,3.842,3.56,3.313,3.092,2.885,2.68,2.474,2.274,2.027,1.808,1.605,1.407,1.219,1.039,0.869,0.714,0.573,0.444,0.343,0.272,0.216,0.169,0.133,0.103,0.077,0.056,0.04,0.028,0.02,0.012,0.008,0.005,0.003
LSO,1977,47.461,43.356,40.56,38.308,36.76,35.511,34.278,33.49,32.844,32.29,31.614,31.48,31.155,30.867,30.368,29.709,28.876,27.827,26.709,25.455,24.175,22.716,21.287,19.745,18.439,17.236,16.15,19.504,17.724,16.115,15.339,14.799,14.417,14.158,13.983,13.857,13.762,13.653,13.509,13.346,13.175,12.987,12.716,12.371,11.966,11.515,11.032,10.556,10.109,9.696,9.309,8.972,8.682,8.426,8.202,7.999,7.79,7.543,7.251,6.919,6.553,6.158,5.759,5.377,5.015,4.691,4.342,3.994,3.675,3.392,3.142,2.92,2.71,2.502,2.296,2.097,1.855,1.643,1.447,1.256,1.077,0.91,0.753,0.61,0.482,0.368,0.28,0.218,0.171,0.132,0.101,0.077,0.057,0.04,0.028,0.02,0.012,0.008,0.005,0.003
LSO,1978,48.978,45.241,42.669,40.223,38.205,36.844,35.741,34.618,33.917,33.327,32.786,32.073,31.865,31.433,31.016,30.38,29.605,28.673,27.533,26.34,25.03,23.725,22.273,20.873,19.37,18.099,16.924,15.861,19.213,17.453,15.864,15.11,14.591,14.235,14.001,13.847,13.742,13.668,13.583,13.449,13.291,13.125,12.934,12.655,12.299,11.882,11.42,10.925,10.445,9.991,9.565,9.178,8.847,8.564,8.313,8.096,7.894,7.67,7.406,7.103,6.762,6.386,5.987,5.589,5.21,4.858,4.516,4.167,3.82,3.502,3.217,2.966,2.743,2.53,2.323,2.117,1.92,1.686,1.482,1.292,1.112,0.944,0.788,0.643,0.513,0.4,0.301,0.226,0.173,0.133,0.1,0.076,0.056,0.041,0.029,0.02,0.013,0.008,0.005,0.003
LSO,1979,49.93,46.815,44.575,42.329,40.099,38.251,37.02,36.014,34.967,34.314,33.737,33.165,32.391,32.09,31.549,31.018,30.282,29.423,28.412,27.206,25.965,24.636,23.336,21.907,20.539,19.068,17.82,16.666,15.621,18.965,17.223,15.656,14.923,14.426,14.089,13.873,13.735,13.648,13.593,13.515,13.385,13.23,13.06,12.861,12.573,12.205,11.777,11.308,10.809,10.321,9.856,9.431,9.051,8.723,8.445,8.199,7.984,7.768,7.527,7.254,6.941,6.592,6.209,5.81,5.415,5.045,4.678,4.336,3.986,3.641,3.323,3.039,2.789,2.563,2.35,2.144,1.941,1.748,1.523,1.325,1.145,0.975,0.82,0.675,0.543,0.427,0.328,0.243,0.179,0.135,0.102,0.076,0.056,0.04,0.029,0.02,0.013,0.008,0.005,0.004
LSO,1980,51.019,47.83,46.172,44.247,42.212,40.151,38.433,37.299,36.367,35.371,34.73,34.12,33.487,32.621,32.21,31.553,30.922,30.101,29.162,28.085,26.831,25.569,24.244,22.967,21.57,20.234,18.787,17.559,16.425,15.395,18.729,17.009,15.467,14.756,14.281,13.962,13.763,13.644,13.574,13.529,13.454,13.326,13.168,12.99,12.779,12.478,12.099,11.662,11.187,10.681,10.183,9.719,9.301,8.926,8.605,8.332,8.086,7.857,7.625,7.374,7.09,6.767,6.409,6.028,5.632,5.245,4.858,4.492,4.15,3.802,3.457,3.14,2.859,2.608,2.383,2.171,1.967,1.768,1.579,1.363,1.176,1.006,0.847,0.702,0.57,0.452,0.351,0.265,0.193,0.14,0.104,0.077,0.056,0.04,0.029,0.02,0.013,0.008,0.006,0.004
LSO,1981,51.97,48.981,47.219,45.857,44.134,42.265,40.333,38.714,37.655,36.77,35.786,35.114,34.441,33.717,32.744,32.216,31.459,30.742,29.842,28.836,27.711,26.435,25.18,23.876,22.63,21.265,19.95,18.524,17.316,16.198,15.183,18.512,16.817,15.302,14.613,14.156,13.855,13.675,13.575,13.512,13.47,13.397,13.268,13.101,12.909,12.684,12.372,11.982,11.539,11.056,10.541,10.043,9.587,9.174,8.806,8.49,8.218,7.959,7.714,7.472,7.21,6.915,6.583,6.224,5.843,5.456,5.053,4.667,4.301,3.958,3.61,3.268,2.955,2.674,2.425,2.201,1.992,1.792,1.598,1.414,1.21,1.033,0.874,0.726,0.593,0.475,0.371,0.284,0.211,0.151,0.107,0.078,0.057,0.04,0.029,0.02,0.013,0.008,0.006,0.004
LSO,1982,52.941,49.997,48.397,46.923,45.756,44.193,42.452,40.616,39.073,38.061,37.19,36.173,35.44,34.676,33.842,32.752,32.124,31.281,30.485,29.519,28.463,27.317,26.046,24.812,23.54,22.323,20.981,19.687,18.281,17.089,15.984,14.989,18.316,16.649,15.16,14.491,14.053,13.772,13.609,13.518,13.458,13.418,13.342,13.204,13.024,12.817,12.58,12.255,11.859,11.408,10.915,10.399,9.909,9.459,9.054,8.691,8.377,8.093,7.818,7.563,7.309,7.035,6.73,6.397,6.038,5.665,5.261,4.859,4.472,4.107,3.763,3.417,3.078,2.768,2.49,2.245,2.024,1.819,1.623,1.435,1.258,1.066,0.901,0.751,0.617,0.497,0.391,0.302,0.226,0.166,0.116,0.082,0.058,0.041,0.029,0.02,0.013,0.009,0.006,0.004
LSO,1983,53.885,51.026,49.442,48.118,46.834,45.825,44.39,42.746,40.987,39.49,38.491,37.589,36.509,35.681,34.806,33.854,32.664,31.945,31.022,30.157,29.141,28.064,26.922,25.674,24.471,23.229,22.035,20.713,19.438,18.048,16.871,15.787,14.814,18.142,16.502,15.038,14.388,13.972,13.709,13.555,13.466,13.409,13.367,13.281,13.129,12.934,12.715,12.464,12.132,11.727,11.264,10.77,10.261,9.779,9.335,8.936,8.578,8.249,7.949,7.665,7.398,7.131,6.848,6.54,6.208,5.855,5.464,5.059,4.657,4.272,3.906,3.563,3.22,2.884,2.578,2.305,2.064,1.849,1.649,1.459,1.277,1.11,0.929,0.776,0.638,0.516,0.41,0.319,0.241,0.178,0.128,0.088,0.061,0.042,0.03,0.02,0.013,0.009,0.006,0.004
LSO,1984,54.965,52.024,50.495,49.18,48.044,46.919,46.037,44.699,43.134,41.424,39.942,38.909,37.94,36.763,35.819,34.821,33.763,32.483,31.682,30.687,29.769,28.731,27.659,26.539,25.324,24.151,22.932,21.758,20.455,19.195,17.822,16.665,15.607,14.658,17.986,16.373,14.934,14.307,13.911,13.66,13.508,13.421,13.361,13.309,13.211,13.042,12.833,12.6,12.342,11.998,11.58,11.116,10.629,10.127,9.651,9.215,8.82,8.448,8.105,7.795,7.501,7.221,6.943,6.657,6.346,6.019,5.647,5.255,4.85,4.449,4.064,3.699,3.358,3.017,2.689,2.388,2.121,1.886,1.676,1.481,1.299,1.126,0.968,0.801,0.659,0.535,0.427,0.334,0.255,0.19,0.138,0.097,0.066,0.044,0.03,0.021,0.013,0.009,0.006,0.004
LSO,1985,55.877,53.144,51.514,50.25,49.121,48.145,47.151,46.37,45.111,43.598,41.902,40.384,39.281,38.21,36.912,35.838,34.73,33.577,32.212,31.335,30.287,29.344,28.311,27.261,26.175,24.992,23.844,22.646,21.49,20.204,18.959,17.608,16.477,15.444,14.523,17.85,16.264,14.852,14.248,13.865,13.617,13.468,13.379,13.308,13.242,13.127,12.943,12.72,12.478,12.207,11.848,11.429,10.97,10.49,9.998,9.529,9.097,8.688,8.302,7.948,7.627,7.321,7.031,6.75,6.462,6.155,5.807,5.433,5.04,4.635,4.234,3.849,3.487,3.149,2.813,2.491,2.197,1.939,1.711,1.507,1.319,1.146,0.983,0.834,0.681,0.552,0.442,0.347,0.267,0.201,0.147,0.105,0.072,0.047,0.032,0.021,0.013,0.009,0.006,0.004
LSO,1986,56.689,54.193,52.68,51.249,50.11,49.073,48.164,47.219,46.474,45.241,43.737,42.031,40.49,39.347,38.23,36.882,35.764,34.617,33.429,32.033,31.133,30.075,29.133,28.108,27.069,25.995,24.822,23.681,22.491,21.341,20.061,18.826,17.487,16.366,15.344,14.432,17.743,16.169,14.77,14.169,13.786,13.537,13.386,13.289,13.209,13.134,13.01,12.818,12.587,12.337,12.056,11.693,11.275,10.817,10.338,9.848,9.38,8.943,8.526,8.135,7.774,7.445,7.13,6.835,6.548,6.257,5.939,5.588,5.211,4.816,4.411,4.011,3.63,3.271,2.937,2.608,2.293,2.01,1.76,1.54,1.344,1.166,1.002,0.849,0.711,0.572,0.458,0.361,0.279,0.211,0.155,0.112,0.078,0.053,0.034,0.022,0.014,0.01,0.006,0.004
LSO,1987,57.861,55.286,53.809,52.344,50.883,49.666,48.539,47.546,46.534,45.746,44.513,43.06,41.444,40.03,39.034,38.069,36.848,35.836,34.785,33.678,32.343,31.464,30.396,29.424,28.355,27.277,26.176,24.979,23.815,22.607,21.442,20.14,18.878,17.508,16.356,15.309,14.369,17.623,16.022,14.609,13.997,13.602,13.347,13.198,13.108,13.038,12.97,12.852,12.659,12.431,12.184,11.896,11.521,11.086,10.618,10.127,9.63,9.174,8.749,8.334,7.943,7.584,7.254,6.929,6.619,6.312,6.038,5.715,5.36,4.982,4.585,4.18,3.784,3.405,3.052,2.724,2.403,2.099,1.825,1.585,1.374,1.188,1.021,0.866,0.724,0.598,0.475,0.374,0.29,0.221,0.164,0.118,0.084,0.057,0.038,0.024,0.014,0.01,0.006,0.004
LSO,1988,59.35,55.871,54.46,53.188,51.862,50.523,49.413,48.38,47.466,46.511,45.756,44.522,43.046,41.392,39.921,38.859,37.823,36.532,35.456,34.348,33.198,31.834,30.942,29.869,28.905,27.855,26.796,25.711,24.534,23.395,22.216,21.077,19.805,18.568,17.22,16.09,15.065,14.147,17.389,15.81,14.416,13.813,13.426,13.174,13.025,12.932,12.858,12.784,12.656,12.454,12.218,11.965,11.675,11.304,10.877,10.419,9.936,9.444,8.987,8.564,8.149,7.759,7.399,7.057,6.722,6.4,6.087,5.806,5.478,5.121,4.739,4.343,3.942,3.549,3.177,2.829,2.51,2.199,1.907,1.645,1.416,1.216,1.04,0.883,0.739,0.609,0.496,0.388,0.301,0.229,0.171,0.125,0.089,0.062,0.041,0.026,0.017,0.01,0.006,0.004
LSO,1989,59.649,57.332,54.994,53.79,52.664,51.468,50.248,49.244,48.3,47.452,46.534,45.776,44.514,42.993,41.274,39.728,38.581,37.467,36.101,34.959,33.801,32.617,31.238,30.342,29.278,28.336,27.308,26.268,25.205,24.055,22.949,21.802,20.697,19.453,18.24,16.92,15.816,14.815,13.918,17.149,15.593,14.217,13.624,13.242,12.992,12.839,12.744,12.661,12.576,12.44,12.229,11.986,11.732,11.445,11.083,10.667,10.218,9.74,9.249,8.793,8.371,7.96,7.569,7.197,6.846,6.497,6.169,5.852,5.564,5.231,4.87,4.488,4.095,3.697,3.31,2.946,2.608,2.297,1.998,1.719,1.469,1.254,1.066,0.901,0.754,0.623,0.507,0.406,0.312,0.238,0.179,0.131,0.094,0.065,0.044,0.029,0.018,0.011,0.006,0.004
LSO,1990,59.442,57.651,56.429,54.304,53.247,52.254,51.183,50.074,49.164,48.289,47.479,46.56,45.771,44.461,42.869,41.071,39.435,38.205,37.01,35.577,34.381,33.187,31.985,30.603,29.716,28.676,27.756,26.749,25.732,24.697,23.581,22.508,21.397,20.321,19.102,17.918,16.625,15.548,14.569,13.691,16.911,15.376,14.017,13.431,13.05,12.8,12.644,12.541,12.448,12.352,12.206,11.988,11.745,11.493,11.215,10.862,10.454,10.011,9.533,9.044,8.589,8.173,7.758,7.358,6.975,6.609,6.256,5.925,5.603,5.309,4.972,4.608,4.229,3.838,3.447,3.068,2.713,2.387,2.087,1.802,1.537,1.303,1.1,0.923,0.771,0.636,0.517,0.415,0.328,0.249,0.186,0.137,0.099,0.069,0.047,0.031,0.02,0.012,0.007,0.004
LSO,1991,59.06,57.445,56.72,55.708,53.738,52.819,51.955,51.004,49.994,49.155,48.323,47.51,46.557,45.716,44.331,42.654,40.76,39.037,37.721,36.452,34.964,33.73,32.517,31.311,29.94,29.078,28.062,27.163,26.178,25.193,24.192,23.113,22.079,20.996,19.947,18.757,17.601,16.338,15.283,14.326,13.472,16.674,15.158,13.812,13.23,12.85,12.597,12.434,12.318,12.215,12.11,11.958,11.738,11.499,11.254,10.986,10.64,10.236,9.793,9.317,8.832,8.38,7.963,7.538,7.127,6.73,6.361,6.005,5.67,5.343,5.042,4.703,4.34,3.961,3.576,3.193,2.826,2.484,2.169,1.883,1.612,1.363,1.144,0.954,0.79,0.65,0.53,0.425,0.336,0.261,0.194,0.143,0.103,0.072,0.05,0.033,0.021,0.013,0.008,0.005
LSO,1992,59.075,57.058,56.491,55.974,55.117,53.292,52.51,51.77,50.921,49.987,49.194,48.356,47.509,46.501,45.581,44.105,42.325,40.338,38.526,37.133,35.803,34.276,33.022,31.804,30.61,29.265,28.428,27.435,26.56,25.607,24.659,23.696,22.657,21.654,20.598,19.578,18.418,17.292,16.054,15.025,14.092,13.255,16.435,14.935,13.601,13.021,12.639,12.379,12.206,12.079,11.966,11.853,11.699,11.484,11.253,11.017,10.754,10.412,10.007,9.565,9.092,8.612,8.16,7.731,7.296,6.871,6.472,6.101,5.741,5.402,5.071,4.766,4.425,4.064,3.69,3.313,2.941,2.587,2.258,1.958,1.686,1.431,1.197,0.992,0.817,0.668,0.542,0.436,0.344,0.267,0.204,0.149,0.107,0.076,0.053,0.035,0.022,0.014,0.008,0.005
LSO,1993,58.74,57.023,56.07,55.716,55.357,54.649,52.969,52.318,51.686,50.917,50.029,49.232,48.358,47.452,46.36,45.342,43.759,41.882,39.802,37.909,36.452,35.08,33.532,32.271,31.065,29.898,28.581,27.766,26.798,25.956,25.041,24.133,23.21,22.202,21.226,20.201,19.212,18.083,16.98,15.77,14.766,13.852,13.033,16.183,14.696,13.374,12.794,12.408,12.137,11.951,11.816,11.695,11.58,11.43,11.224,11.003,10.774,10.512,10.169,9.764,9.324,8.856,8.376,7.914,7.476,7.027,6.6,6.2,5.827,5.466,5.123,4.789,4.481,4.141,3.783,3.417,3.05,2.692,2.352,2.038,1.754,1.498,1.258,1.04,0.851,0.691,0.557,0.446,0.352,0.274,0.209,0.157,0.112,0.08,0.055,0.037,0.024,0.015,0.009,0.006
LSO,1994,57.888,56.613,55.998,55.267,55.075,54.87,54.311,52.769,52.229,51.681,50.959,50.067,49.231,48.296,47.303,46.108,44.98,43.293,41.316,39.153,37.194,35.692,34.299,32.745,31.495,30.318,29.179,27.886,27.097,26.164,25.363,24.488,23.62,22.731,21.752,20.807,19.814,18.856,17.751,16.676,15.494,14.51,13.615,12.809,15.922,14.447,13.133,12.551,12.155,11.874,11.681,11.536,11.414,11.304,11.163,10.967,10.752,10.525,10.258,9.913,9.51,9.074,8.605,8.116,7.643,7.19,6.741,6.315,5.915,5.541,5.178,4.834,4.501,4.19,3.853,3.501,3.145,2.792,2.448,2.125,1.827,1.559,1.318,1.094,0.893,0.72,0.578,0.46,0.362,0.282,0.215,0.161,0.119,0.083,0.058,0.039,0.026,0.016,0.01,0.006
LSO,1995,57.173,55.668,55.548,55.163,54.602,54.571,54.519,54.101,52.676,52.224,51.724,50.998,50.066,49.168,48.141,47.044,45.734,44.497,42.709,40.644,38.415,36.411,34.886,33.487,31.946,30.728,29.579,28.465,27.202,26.447,25.557,24.797,23.965,23.132,22.271,21.325,20.413,19.45,18.517,17.44,16.391,15.232,14.268,13.386,12.589,15.664,14.199,12.89,12.299,11.897,11.606,11.406,11.26,11.143,11.042,10.911,10.721,10.508,10.276,10.004,9.661,9.26,8.821,8.343,7.843,7.356,6.903,6.455,6.03,5.629,5.253,4.889,4.545,4.211,3.901,3.568,3.225,2.881,2.54,2.213,1.906,1.625,1.373,1.146,0.94,0.757,0.603,0.476,0.373,0.29,0.221,0.166,0.122,0.088,0.06,0.04,0.027,0.018,0.011,0.007
LSO,1996,57.248,54.832,54.551,54.67,54.464,54.073,54.202,54.297,54.001,52.668,52.267,51.761,50.994,49.997,49.003,47.866,46.646,45.223,43.877,41.995,39.86,37.583,35.557,34.027,32.64,31.131,29.941,28.817,27.733,26.509,25.797,24.951,24.234,23.439,22.636,21.807,20.893,20.012,19.076,18.171,17.122,16.095,14.958,14.01,13.138,12.35,15.376,13.919,12.614,12.017,11.609,11.312,11.112,10.97,10.866,10.774,10.649,10.462,10.242,10.004,9.732,9.39,8.986,8.535,8.046,7.531,7.046,6.595,6.149,5.727,5.326,4.951,4.59,4.247,3.916,3.609,3.283,2.952,2.621,2.296,1.985,1.697,1.432,1.196,0.987,0.797,0.634,0.497,0.386,0.299,0.227,0.17,0.126,0.09,0.064,0.043,0.028,0.018,0.012,0.007
LSO,1997,57.552,54.757,53.635,53.607,53.916,53.893,53.677,53.964,54.191,53.992,52.716,52.309,51.758,50.918,49.816,48.702,47.432,46.089,44.547,43.097,41.136,38.947,36.646,34.614,33.097,31.741,30.264,29.104,28.009,26.966,25.79,25.125,24.326,23.645,22.882,22.113,21.321,20.441,19.588,18.68,17.806,16.78,15.778,14.66,13.724,12.861,12.079,15.047,13.596,12.295,11.696,11.284,10.99,10.798,10.668,10.575,10.493,10.368,10.176,9.952,9.712,9.439,9.093,8.676,8.211,7.707,7.195,6.715,6.268,5.828,5.406,5.01,4.639,4.282,3.943,3.619,3.318,3.004,2.685,2.369,2.062,1.769,1.496,1.249,1.029,0.838,0.668,0.523,0.404,0.31,0.235,0.176,0.129,0.093,0.065,0.045,0.03,0.019,0.012,0.007
LSO,1998,57.619,55.128,53.574,52.626,52.701,53.107,53.18,53.065,53.456,53.779,53.648,52.405,52.003,51.431,50.544,49.366,48.156,46.781,45.332,43.699,42.175,40.165,37.945,35.626,33.587,32.068,30.729,29.284,28.168,27.126,26.133,25.014,24.402,23.666,23.044,22.325,21.592,20.834,19.993,19.174,18.298,17.452,16.451,15.475,14.386,13.476,12.633,11.868,14.78,13.353,12.072,11.481,11.065,10.764,10.566,10.426,10.327,10.241,10.115,9.92,9.691,9.45,9.185,8.856,8.456,8.002,7.341,6.838,6.365,5.925,5.489,5.075,4.685,4.32,3.97,3.64,3.324,3.033,2.73,2.427,2.128,1.839,1.561,1.306,1.075,0.875,0.702,0.553,0.426,0.324,0.244,0.182,0.133,0.096,0.068,0.047,0.031,0.02,0.013,0.008
LSO,1999,56.467,55.11,53.885,52.514,51.678,51.853,52.359,52.537,52.531,53.024,53.418,53.319,52.083,51.657,51.034,50.066,48.786,47.462,45.973,44.426,42.712,41.13,39.083,36.842,34.516,32.477,30.972,29.666,28.269,27.206,26.217,25.28,24.222,23.673,22.997,22.422,21.741,21.042,20.321,19.517,18.731,17.886,17.064,16.092,15.148,14.089,13.201,12.378,11.63,14.475,13.074,11.817,11.229,10.809,10.504,10.298,10.154,10.053,9.964,9.835,9.634,9.406,9.173,8.923,8.608,8.217,7.597,6.953,6.461,5.998,5.564,5.138,4.734,4.354,3.999,3.659,3.339,3.036,2.757,2.468,2.181,1.898,1.624,1.363,1.126,0.915,0.735,0.582,0.45,0.342,0.256,0.189,0.139,0.1,0.07,0.048,0.032,0.021,0.013,0.008
LSO,2000,55.462,53.914,53.81,52.771,51.52,50.791,51.071,51.685,51.978,52.078,52.645,53.073,52.978,51.719,51.238,50.527,49.451,48.05,46.606,45.011,43.38,41.602,39.978,37.905,35.652,33.324,31.302,29.831,28.57,27.23,26.22,25.288,24.412,23.424,22.935,22.308,21.767,21.121,20.462,19.779,19.01,18.256,17.437,16.643,15.705,14.79,13.761,12.895,12.092,11.363,14.128,12.757,11.523,10.937,10.518,10.208,10.001,9.857,9.754,9.661,9.527,9.326,9.107,8.889,8.652,8.344,7.773,7.172,6.549,6.07,5.617,5.196,4.783,4.39,4.021,3.679,3.352,3.048,2.758,2.491,2.219,1.948,1.679,1.419,1.176,0.959,0.77,0.609,0.475,0.362,0.27,0.199,0.144,0.103,0.072,0.05,0.033,0.022,0.014,0.008
LSO,2001,54.845,52.868,52.573,52.648,51.733,50.595,49.978,50.369,51.101,51.505,51.682,52.284,52.716,52.593,51.278,50.705,49.878,48.673,47.145,45.589,43.902,42.204,40.379,38.721,36.632,34.373,32.061,30.076,28.653,27.449,26.164,25.214,24.344,23.537,22.619,22.175,21.584,21.078,20.471,19.851,19.204,18.469,17.742,16.955,16.192,15.286,14.4,13.399,12.558,11.776,11.065,13.742,12.401,11.189,10.611,10.193,9.885,9.682,9.537,9.431,9.331,9.197,9.006,8.803,8.598,8.363,7.864,7.312,6.731,6.132,5.668,5.231,4.823,4.424,4.047,3.694,3.366,3.057,2.767,2.494,2.241,1.982,1.723,1.468,1.225,1.004,0.807,0.638,0.497,0.382,0.286,0.21,0.151,0.107,0.075,0.052,0.035,0.023,0.014,0.009
LSO,2002,55.207,52.207,51.49,51.375,51.569,50.77,49.749,49.251,49.765,50.611,51.095,51.309,51.914,52.315,52.131,50.72,50.026,49.063,47.721,46.074,44.419,42.66,40.909,39.047,37.366,35.264,33.019,30.745,28.813,27.448,26.299,25.079,24.191,23.393,22.654,21.788,21.378,20.823,20.356,19.79,19.206,18.592,17.888,17.193,16.442,15.71,14.833,13.974,13.005,12.189,11.43,10.74,13.312,12.002,10.821,10.25,9.841,9.54,9.34,9.198,9.085,8.986,8.859,8.686,8.496,8.293,7.856,7.373,6.842,6.285,5.71,5.263,4.844,4.452,4.072,3.712,3.377,3.067,2.774,2.501,2.244,2.004,1.756,1.508,1.269,1.046,0.845,0.67,0.522,0.401,0.302,0.222,0.161,0.114,0.079,0.054,0.036,0.024,0.015,0.009
LSO,2003,55.709,52.489,50.786,50.254,50.26,50.569,49.89,48.993,48.624,49.258,50.187,50.705,50.924,51.497,51.833,51.545,50.008,49.172,48.065,46.598,44.846,43.114,41.3,39.507,37.621,35.921,33.829,31.621,29.403,27.535,26.231,25.145,23.994,23.178,22.452,21.762,20.942,20.564,20.05,19.622,19.093,18.543,17.958,17.288,16.628,15.907,15.202,14.355,13.525,12.588,11.796,11.062,10.389,12.848,11.575,10.426,9.87,9.474,9.182,8.986,8.84,8.728,8.637,8.527,8.366,8.177,7.762,7.34,6.877,6.368,5.835,5.289,4.862,4.461,4.089,3.727,3.388,3.073,2.782,2.507,2.252,2.009,1.776,1.538,1.305,1.085,0.882,0.702,0.548,0.421,0.317,0.236,0.17,0.12,0.083,0.056,0.037,0.025,0.015,0.009
LSO,2004,55.739,52.912,51.026,49.518,49.111,49.233,49.661,49.11,48.347,48.102,48.82,49.785,50.307,50.495,51.001,51.226,50.804,49.123,48.136,46.896,45.32,43.488,41.696,39.838,38.017,36.111,34.414,32.355,30.204,28.056,26.256,25.018,24.001,22.93,22.186,21.509,20.862,20.085,19.746,19.274,18.879,18.385,17.864,17.312,16.679,16.048,15.356,14.675,13.858,13.056,12.151,11.389,10.673,10.014,12.358,11.124,10.017,9.48,9.097,8.813,8.618,8.475,8.372,8.298,8.2,8.039,7.631,7.232,6.827,6.383,5.898,5.391,4.874,4.468,4.089,3.737,3.398,3.081,2.785,2.514,2.259,2.017,1.782,1.557,1.332,1.116,0.915,0.734,0.576,0.443,0.334,0.247,0.18,0.127,0.088,0.059,0.039,0.025,0.017,0.011
LSO,2005,54.301,52.886,51.407,49.72,48.347,48.06,48.304,48.86,48.446,47.812,47.656,48.412,49.381,49.868,49.987,50.38,50.469,49.893,48.06,46.938,45.583,43.923,42.029,40.19,38.303,36.461,34.56,32.891,30.884,28.802,26.726,25.002,23.836,22.898,21.904,21.212,20.576,19.967,19.242,18.94,18.505,18.141,17.675,17.185,16.665,16.062,15.457,14.789,14.133,13.346,12.571,11.698,10.957,10.259,9.617,11.843,10.654,9.591,9.077,8.706,8.427,8.237,8.106,8.021,7.956,7.853,7.468,7.077,6.697,6.309,5.887,5.427,4.949,4.464,4.083,3.728,3.399,3.084,2.789,2.517,2.266,2.025,1.791,1.564,1.35,1.14,0.943,0.762,0.602,0.466,0.352,0.261,0.19,0.135,0.094,0.063,0.041,0.027,0.017,0.011
LSO,2006,53.625,51.627,51.526,50.247,48.694,47.438,47.26,47.614,48.285,47.979,47.421,47.299,48.054,48.993,49.42,49.442,49.714,49.665,48.954,47.004,45.78,44.349,42.629,40.693,38.823,36.913,35.069,33.189,31.555,29.602,27.578,25.57,23.914,22.815,21.937,20.989,20.33,19.725,19.154,18.47,18.193,17.785,17.441,17.001,16.537,16.039,15.457,14.872,14.225,13.59,12.828,12.08,11.234,10.512,9.834,9.208,11.318,10.178,9.162,8.665,8.302,8.03,7.85,7.732,7.653,7.579,7.284,6.917,6.544,6.181,5.812,5.411,4.977,4.529,4.075,3.719,3.388,3.084,2.793,2.521,2.269,2.033,1.799,1.573,1.357,1.157,0.964,0.786,0.627,0.487,0.37,0.275,0.2,0.142,0.1,0.067,0.044,0.029,0.018,0.011
LSO,2007,54.07,51.372,50.683,50.764,49.611,48.156,46.976,46.86,47.276,48.001,47.735,47.193,47.072,47.808,48.707,49.074,49.024,49.213,49.076,48.286,46.275,44.995,43.518,41.759,39.793,37.895,35.972,34.124,32.253,30.633,28.702,26.71,24.74,23.122,22.049,21.183,20.251,19.603,19.012,18.457,17.795,17.525,17.129,16.797,16.369,15.916,15.428,14.859,14.286,13.655,13.035,12.297,11.57,10.752,10.052,9.394,8.787,10.784,9.688,8.709,8.223,7.865,7.598,7.421,7.298,7.207,7.03,6.747,6.397,6.042,5.695,5.342,4.963,4.555,4.136,3.713,3.383,3.076,2.794,2.525,2.274,2.038,1.808,1.582,1.367,1.164,0.979,0.805,0.647,0.508,0.389,0.289,0.211,0.15,0.105,0.072,0.047,0.03,0.019,0.012
LSO,2008,55.437,51.376,50.007,49.501,49.694,48.658,47.321,46.264,46.279,46.832,47.677,47.478,46.991,46.89,47.601,48.428,48.684,48.489,48.507,48.2,47.266,45.142,43.765,42.208,40.402,38.42,36.528,34.625,32.815,30.991,29.423,27.56,25.648,23.759,22.224,21.233,20.441,19.576,18.982,18.444,17.946,17.345,17.126,16.768,16.463,16.078,15.674,15.237,14.706,14.164,13.556,12.953,12.243,11.534,10.729,10.037,9.386,8.789,10.661,9.591,8.636,8.154,7.805,7.549,7.379,7.263,6.694,6.52,6.247,5.914,5.574,5.242,4.907,4.549,4.166,3.774,3.381,3.074,2.79,2.529,2.28,2.043,1.813,1.59,1.376,1.174,0.987,0.818,0.663,0.525,0.405,0.304,0.223,0.159,0.111,0.076,0.05,0.033,0.021,0.012
LSO,2009,55.231,53.293,50.578,49.393,48.997,49.27,48.297,47.013,46.009,46.071,46.667,47.53,47.345,46.86,46.745,47.418,48.189,48.38,48.106,48.046,47.667,46.672,44.503,43.077,41.481,39.651,37.655,35.751,33.848,32.043,30.229,28.672,26.833,24.947,23.091,21.586,20.614,19.838,18.991,18.413,17.892,17.411,16.835,16.623,16.272,15.975,15.604,15.214,14.788,14.269,13.735,13.139,12.553,11.862,11.168,10.382,9.706,9.071,8.486,10.241,9.202,8.275,7.8,7.455,7.196,7.019,6.744,6.207,6.037,5.775,5.455,5.131,4.815,4.497,4.16,3.801,3.437,3.074,2.789,2.525,2.285,2.05,1.82,1.597,1.385,1.183,0.995,0.826,0.674,0.539,0.418,0.317,0.235,0.168,0.118,0.08,0.053,0.034,0.022,0.013
LSO,2010,54.917,53.112,52.408,49.872,48.791,48.477,48.819,47.91,46.695,45.761,45.881,46.508,47.391,47.215,46.715,46.556,47.164,47.85,47.941,47.569,47.419,46.96,45.895,43.673,42.202,40.575,38.725,36.721,34.819,32.928,31.137,29.349,27.82,26.017,24.173,22.367,20.906,19.966,19.216,18.403,17.853,17.36,16.91,16.363,16.16,15.827,15.549,15.201,14.827,14.415,13.908,13.389,12.811,12.241,11.564,10.884,10.117,9.457,8.836,8.261,9.904,8.895,8.004,7.543,7.206,6.952,6.549,6.283,5.775,5.609,5.356,5.047,4.737,4.435,4.131,3.813,3.476,3.135,2.796,2.53,2.284,2.056,1.827,1.604,1.391,1.191,1.004,0.834,0.681,0.548,0.43,0.329,0.245,0.177,0.124,0.085,0.056,0.037,0.023,0.014
LSO,2011,54.667,52.794,52.135,51.585,49.153,48.155,47.922,48.342,47.518,46.394,45.539,45.701,46.36,47.255,47.059,46.51,46.277,46.785,47.35,47.324,46.848,46.609,46.071,44.942,42.683,41.186,39.547,37.7,35.711,33.833,31.971,30.217,28.472,26.983,25.23,23.448,21.706,20.3,19.398,18.685,17.914,17.402,16.946,16.523,16.001,15.817,15.511,15.26,14.931,14.57,14.168,13.671,13.164,12.599,12.033,11.364,10.693,9.942,9.293,8.679,8.112,9.647,8.675,7.823,7.379,7.054,6.501,6.116,5.859,5.374,5.21,4.964,4.667,4.369,4.079,3.791,3.49,3.174,2.855,2.539,2.29,2.057,1.834,1.612,1.398,1.198,1.013,0.842,0.689,0.555,0.438,0.338,0.253,0.185,0.131,0.089,0.06,0.039,0.024,0.016
LSO,2012,56.336,52.544,51.781,51.27,50.811,48.471,47.559,47.412,47.922,47.198,46.161,45.354,45.552,46.225,47.099,46.852,46.225,45.888,46.271,46.709,46.573,46.006,45.688,45.08,43.907,41.633,40.128,38.494,36.665,34.705,32.862,31.041,29.336,27.639,26.201,24.511,22.797,21.117,19.764,18.906,18.235,17.509,17.038,16.61,16.208,15.72,15.562,15.285,15.052,14.735,14.381,13.985,13.5,12.998,12.434,11.869,11.206,10.545,9.805,9.163,8.556,7.994,9.436,8.506,7.689,7.265,6.614,6.086,5.716,5.465,5.004,4.839,4.6,4.314,4.028,3.75,3.476,3.19,2.893,2.595,2.3,2.063,1.835,1.618,1.407,1.206,1.019,0.849,0.696,0.561,0.445,0.345,0.261,0.192,0.138,0.095,0.064,0.041,0.026,0.016
LSO,2013,56.756,54.203,51.548,50.929,50.505,50.131,47.88,47.053,46.998,47.604,46.967,45.977,45.21,45.422,46.076,46.898,46.574,45.845,45.388,45.65,45.978,45.753,45.112,44.726,44.074,42.878,40.606,39.107,37.491,35.69,33.767,31.965,30.193,28.535,26.893,25.512,23.885,22.23,20.607,19.306,18.492,17.862,17.183,16.738,16.331,15.957,15.504,15.37,15.111,14.887,14.575,14.223,13.833,13.351,12.849,12.282,11.717,11.061,10.403,9.674,9.036,8.436,7.89,9.247,8.355,7.575,6.83,6.208,5.703,5.345,5.1,4.658,4.494,4.261,3.985,3.709,3.444,3.183,2.912,2.633,2.352,2.073,1.842,1.621,1.414,1.214,1.027,0.857,0.704,0.568,0.451,0.35,0.267,0.198,0.142,0.1,0.067,0.043,0.028,0.017
LSO,2014,57.559,54.646,53.23,50.733,50.2,49.858,49.564,47.397,46.659,46.697,47.384,46.791,45.838,45.086,45.281,45.889,46.633,46.213,45.373,44.805,44.966,45.209,44.913,44.212,43.785,43.11,41.909,39.651,38.17,36.579,34.81,32.928,31.172,29.445,27.837,26.253,24.923,23.35,21.745,20.176,18.925,18.154,17.561,16.912,16.487,16.106,15.761,15.338,15.217,14.965,14.741,14.429,14.08,13.689,13.204,12.695,12.127,11.562,10.91,10.256,9.532,8.899,8.314,7.786,9.062,8.206,7.141,6.428,5.831,5.345,4.998,4.758,4.334,4.17,3.942,3.676,3.412,3.158,2.908,2.653,2.389,2.121,1.852,1.628,1.417,1.221,1.034,0.864,0.71,0.575,0.457,0.355,0.272,0.203,0.148,0.104,0.07,0.046,0.03,0.018
LSO,2015,57.045,55.472,53.743,52.483,50.083,49.629,49.36,49.137,47.05,46.392,46.499,47.222,46.661,45.721,44.955,45.109,45.65,46.309,45.792,44.857,44.206,44.294,44.474,44.126,43.389,42.941,42.257,41.058,38.823,37.361,35.795,34.058,32.215,30.498,28.814,27.254,25.715,24.426,22.893,21.332,19.811,18.604,17.868,17.298,16.668,16.265,15.908,15.585,15.18,15.058,14.807,14.579,14.267,13.914,13.515,13.024,12.512,11.943,11.377,10.725,10.072,9.355,8.736,8.165,7.65,8.848,7.756,6.737,6.053,5.478,5.009,4.672,4.435,4.029,3.866,3.644,3.386,3.134,2.89,2.651,2.408,2.155,1.898,1.639,1.424,1.225,1.042,0.871,0.716,0.581,0.462,0.361,0.276,0.207,0.151,0.107,0.073,0.049,0.032,0.02
LSO,2016,56.949,55.085,54.678,53.108,51.941,49.618,49.227,49.016,48.853,46.831,46.227,46.362,47.107,46.553,45.603,44.804,44.908,45.379,45.957,45.364,44.363,43.658,43.694,43.828,43.449,42.696,42.236,41.548,40.355,38.14,36.695,35.151,33.442,31.626,29.942,28.294,26.768,25.262,23.999,22.499,20.975,19.493,18.318,17.603,17.045,16.434,16.048,15.707,15.391,14.992,14.864,14.608,14.377,14.06,13.698,13.291,12.795,12.28,11.711,11.14,10.489,9.837,9.133,8.525,7.967,7.464,8.38,7.332,6.358,5.698,5.144,4.691,4.363,4.129,3.739,3.577,3.361,3.114,2.871,2.637,2.409,2.176,1.929,1.68,1.435,1.232,1.047,0.878,0.724,0.586,0.467,0.366,0.28,0.21,0.153,0.11,0.076,0.051,0.033,0.021
LSO,2017,57.4,55.094,54.343,54.078,52.598,51.501,49.242,48.903,48.749,48.644,46.674,46.099,46.255,47.006,46.441,45.461,44.616,44.655,45.052,45.555,44.901,43.85,43.103,43.097,43.2,42.805,42.045,41.58,40.895,39.712,37.52,36.093,34.572,32.888,31.103,29.451,27.835,26.338,24.86,23.622,22.152,20.662,19.215,18.065,17.364,16.82,16.229,15.858,15.523,15.21,14.812,14.676,14.416,14.175,13.849,13.477,13.063,12.562,12.043,11.47,10.894,10.243,9.599,8.908,8.313,7.765,7.084,7.938,6.931,5.994,5.359,4.825,4.387,4.067,3.837,3.464,3.304,3.095,2.857,2.623,2.399,2.178,1.948,1.709,1.472,1.242,1.053,0.883,0.73,0.593,0.472,0.37,0.285,0.214,0.157,0.112,0.078,0.053,0.035,0.022
LSO,2018,57.222,55.589,54.392,53.788,53.608,52.197,51.158,48.951,48.663,48.561,48.499,46.556,45.997,46.16,46.898,46.306,45.284,44.386,44.361,44.691,45.137,44.437,43.35,42.571,42.539,42.625,42.22,41.458,40.994,40.311,39.139,36.97,35.562,34.06,32.399,30.642,29.016,27.428,25.953,24.497,23.281,21.838,20.38,18.959,17.828,17.141,16.612,16.035,15.668,15.336,15.019,14.619,14.475,14.207,13.955,13.618,13.237,12.817,12.309,11.783,11.204,10.625,9.98,9.342,8.664,8.079,7.38,6.72,7.512,6.544,5.645,5.033,4.518,4.094,3.784,3.559,3.202,3.045,2.841,2.613,2.388,2.17,1.952,1.729,1.499,1.276,1.062,0.89,0.734,0.599,0.479,0.375,0.288,0.217,0.16,0.115,0.08,0.054,0.036,0.023
LSO,2019,56.987,55.435,54.896,53.847,53.326,53.214,51.86,50.87,48.715,48.478,48.418,48.379,46.457,45.904,46.056,46.765,46.132,45.06,44.1,44.013,44.289,44.688,43.95,42.835,42.036,41.989,42.064,41.657,40.898,40.438,39.761,38.601,36.457,35.066,33.584,31.949,30.22,28.618,27.052,25.597,24.165,22.973,21.557,20.122,18.723,17.611,16.94,16.425,15.856,15.49,15.154,14.834,14.431,14.277,13.997,13.731,13.386,12.998,12.567,12.052,11.518,10.934,10.355,9.715,9.086,8.42,7.689,7.009,6.37,7.103,6.171,5.309,4.718,4.221,3.813,3.513,3.293,2.953,2.797,2.601,2.381,2.162,1.947,1.733,1.517,1.301,1.092,0.898,0.741,0.603,0.483,0.38,0.293,0.22,0.163,0.116,0.081,0.055,0.037,0.024
LSO,2020,56.802,55.214,54.76,54.367,53.406,52.951,52.891,51.585,50.643,48.538,48.341,48.303,48.279,46.366,45.804,45.929,46.597,45.914,44.786,43.77,43.634,43.865,44.226,43.461,42.327,41.518,41.462,41.532,41.127,40.373,39.917,39.248,38.101,35.979,34.605,33.144,31.534,29.828,28.245,26.699,25.266,23.856,22.685,21.289,19.873,18.497,17.407,16.749,16.241,15.675,15.307,14.965,14.642,14.234,14.065,13.775,13.497,13.142,12.744,12.302,11.777,11.236,10.651,10.073,9.441,8.82,8.02,7.309,6.651,6.03,6.704,5.808,4.982,4.414,3.936,3.543,3.253,3.039,2.716,2.564,2.372,2.157,1.942,1.73,1.522,1.317,1.115,0.924,0.749,0.61,0.487,0.385,0.296,0.224,0.165,0.119,0.084,0.057,0.038,0.025
LSO,2021,56.558,55.204,54.677,54.365,54.054,53.151,52.737,52.708,51.431,50.518,48.438,48.251,48.221,48.198,46.281,45.703,45.807,46.444,45.727,44.566,43.522,43.36,43.566,43.902,43.124,41.983,41.168,41.104,41.166,40.754,39.998,39.538,38.867,37.72,35.608,34.237,32.782,31.178,29.479,27.906,26.367,24.945,23.548,22.381,20.999,19.596,18.234,17.156,16.501,15.989,15.419,15.042,14.694,14.36,13.945,13.763,13.461,13.17,12.803,12.391,11.935,11.401,10.852,10.264,9.685,9.054,8.368,7.594,6.904,6.265,5.664,6.276,5.42,4.635,4.094,3.641,3.268,2.991,2.784,2.477,2.326,2.138,1.926,1.712,1.507,1.309,1.116,0.932,0.762,0.609,0.487,0.383,0.297,0.225,0.166,0.12,0.084,0.058,0.039,0.025
LSO,2022,56.698,55.026,54.678,54.29,54.057,53.801,52.94,52.557,52.555,51.307,50.417,48.35,48.172,48.14,48.108,46.176,45.574,45.645,46.242,45.491,44.3,43.232,43.045,43.226,43.543,42.752,41.604,40.784,40.71,40.761,40.341,39.581,39.116,38.438,37.288,35.186,33.815,32.364,30.764,29.075,27.51,25.983,24.573,23.184,22.024,20.651,19.263,17.916,16.847,16.191,15.673,15.101,14.717,14.36,14.016,13.594,13.396,13.081,12.775,12.391,11.964,11.494,10.951,10.397,9.807,9.226,8.532,7.866,7.118,6.453,5.836,5.258,5.805,4.995,4.256,3.745,3.317,2.965,2.702,2.503,2.214,2.064,1.876,1.666,1.459,1.262,1.077,0.904,0.744,0.6,0.471,0.371,0.287,0.218,0.161,0.116,0.082,0.056,0.037,0.025
LSO,2023,56.522,55.182,54.572,54.371,54.068,53.891,53.668,52.826,52.456,52.464,51.224,50.335,48.267,48.078,48.028,47.968,46.007,45.372,45.404,45.964,45.184,43.972,42.886,42.678,42.841,43.14,42.339,41.185,40.358,40.272,40.31,39.882,39.115,38.638,37.948,36.791,34.69,33.319,31.868,30.273,28.591,27.033,25.517,24.115,22.733,21.578,20.213,18.836,17.5,16.438,15.781,15.26,14.688,14.299,13.937,13.586,13.16,12.95,12.624,12.305,11.906,11.465,10.985,10.435,9.874,9.28,8.704,8.029,7.384,6.662,6.02,5.429,4.875,5.36,4.596,3.902,3.42,3.018,2.686,2.435,2.243,1.969,1.816,1.63,1.427,1.229,1.045,0.877,0.726,0.588,0.466,0.361,0.279,0.211,0.157,0.113,0.08,0.055,0.037,0.025
LSO,2024,56.49,55.135,54.739,54.273,54.155,53.907,53.761,53.556,52.727,52.367,52.38,51.142,50.25,48.174,47.966,47.889,47.798,45.806,45.134,45.132,45.659,44.855,43.623,42.52,42.297,42.443,42.726,41.918,40.76,39.928,39.831,39.858,39.422,38.648,38.16,37.46,36.299,34.208,32.839,31.392,29.805,28.133,26.588,25.083,23.692,22.32,21.171,19.818,18.451,17.129,16.075,15.419,14.898,14.327,13.936,13.57,13.215,12.786,12.565,12.23,11.898,11.488,11.039,10.551,9.995,9.431,8.841,8.277,7.619,6.99,6.291,5.67,5.098,4.564,5.001,4.275,3.615,3.159,2.775,2.46,2.22,2.034,1.768,1.614,1.433,1.238,1.053,0.883,0.731,0.595,0.475,0.371,0.282,0.213,0.159,0.115,0.081,0.056,0.037,0.025
LSO,2025,56.317,55.137,54.696,54.442,54.058,53.994,53.778,53.649,53.457,52.638,52.284,52.297,51.057,50.155,48.062,47.829,47.72,47.593,45.568,44.864,44.831,45.328,44.503,43.257,42.142,41.904,42.036,42.304,41.49,40.33,39.492,39.387,39.402,38.956,38.174,37.675,36.966,35.802,33.721,32.355,30.914,29.335,27.677,26.143,24.649,23.266,21.904,20.761,19.42,18.064,16.754,15.708,15.056,14.534,13.965,13.572,13.202,12.842,12.408,12.175,11.828,11.483,11.064,10.605,10.108,9.549,8.987,8.409,7.855,7.214,6.602,5.926,5.325,4.774,4.261,4.652,3.962,3.34,2.906,2.544,2.244,2.013,1.826,1.571,1.418,1.243,1.061,0.89,0.736,0.599,0.479,0.376,0.289,0.215,0.159,0.116,0.082,0.056,0.038,0.025
LSO,2026,55.969,54.999,54.701,54.401,54.228,53.899,53.865,53.666,53.551,53.368,52.555,52.202,52.21,50.96,50.041,47.926,47.66,47.517,47.352,45.298,44.565,44.505,44.976,44.134,42.876,41.752,41.503,41.622,41.877,41.058,39.894,39.053,38.938,38.94,38.484,37.694,37.183,36.466,35.3,33.231,31.868,30.432,28.865,27.22,25.695,24.212,22.838,21.486,20.349,19.017,17.674,16.376,15.342,14.691,14.171,13.603,13.206,12.831,12.464,12.025,11.777,11.418,11.061,10.631,10.163,9.66,9.101,8.55,7.984,7.441,6.815,6.22,5.567,4.988,4.456,3.965,4.314,3.662,3.074,2.663,2.32,2.033,1.807,1.622,1.379,1.23,1.065,0.896,0.741,0.603,0.483,0.381,0.294,0.221,0.161,0.117,0.083,0.058,0.039,0.026
LSO,2027,55.836,54.691,54.568,54.408,54.189,54.07,53.772,53.755,53.569,53.463,53.285,52.474,52.116,52.114,50.846,49.901,47.758,47.458,47.276,47.078,44.999,44.242,44.158,44.607,43.751,42.485,41.354,41.095,41.202,41.444,40.62,39.456,38.611,38.484,38.473,38.004,37.206,36.686,35.962,34.795,32.737,31.379,29.952,28.395,26.76,25.246,23.771,22.407,21.063,19.933,18.61,17.28,15.998,14.973,14.326,13.805,13.238,12.836,12.456,12.082,11.634,11.371,11.001,10.631,10.191,9.714,9.211,8.662,8.12,7.565,7.031,6.422,5.845,5.215,4.657,4.149,3.679,3.988,3.371,2.818,2.431,2.103,1.826,1.605,1.425,1.197,1.054,0.9,0.747,0.607,0.486,0.383,0.298,0.225,0.165,0.118,0.083,0.058,0.039,0.026
LSO,2028,55.584,54.589,54.265,54.277,54.198,54.031,53.942,53.662,53.659,53.481,53.38,53.203,52.389,52.02,51.998,50.705,49.731,47.557,47.219,47.004,46.773,44.675,43.898,43.794,44.223,43.357,42.085,40.95,40.68,40.777,41.007,40.179,39.014,38.165,38.025,37.997,37.517,36.712,36.183,35.453,34.286,32.241,30.89,29.471,27.922,26.298,24.793,23.329,21.972,20.637,19.511,18.201,16.886,15.618,14.604,13.958,13.438,12.87,12.464,12.076,11.691,11.236,10.958,10.575,10.194,9.744,9.265,8.768,8.229,7.695,7.15,6.627,6.036,5.476,4.871,4.336,3.849,3.402,3.673,3.092,2.573,2.203,1.889,1.623,1.41,1.236,1.025,0.89,0.749,0.612,0.489,0.386,0.299,0.228,0.168,0.121,0.084,0.058,0.039,0.026
LSO,2029,55.526,54.371,54.167,53.978,54.069,54.041,53.906,53.834,53.566,53.571,53.399,53.298,53.117,52.292,51.905,51.857,50.534,49.525,47.319,46.948,46.701,46.444,44.332,43.537,43.417,43.829,42.954,41.677,40.54,40.263,40.348,40.567,39.735,38.567,37.712,37.558,37.514,37.025,36.215,35.676,34.941,33.774,31.744,30.399,28.986,27.447,25.833,24.337,22.881,21.533,20.205,19.087,17.79,16.488,15.237,14.233,13.589,13.067,12.498,12.086,11.687,11.292,10.829,10.536,10.143,9.748,9.296,8.822,8.331,7.801,7.275,6.741,6.23,5.657,5.115,4.534,4.023,3.56,3.134,3.368,2.823,2.332,1.98,1.678,1.425,1.222,1.059,0.865,0.741,0.614,0.493,0.389,0.301,0.228,0.17,0.123,0.086,0.058,0.04,0.026
LSO,2030,55.274,54.341,53.954,53.883,53.771,53.913,53.916,53.798,53.738,53.48,53.489,53.318,53.212,53.02,52.177,51.764,51.683,50.327,49.283,47.048,46.647,46.374,46.095,43.971,43.164,43.03,43.426,42.545,41.266,40.125,39.841,39.916,40.123,39.285,38.115,37.253,37.085,37.027,36.528,35.712,35.166,34.425,33.261,31.247,29.906,28.498,26.966,25.363,23.876,22.429,21.088,19.771,18.659,17.375,16.09,14.852,13.859,13.217,12.692,12.121,11.698,11.29,10.886,10.414,10.107,9.702,9.302,8.853,8.385,7.899,7.376,6.86,6.338,5.839,5.284,4.763,4.208,3.721,3.28,2.876,3.075,2.56,2.096,1.759,1.475,1.236,1.047,0.894,0.72,0.608,0.495,0.391,0.303,0.229,0.171,0.124,0.087,0.06,0.04,0.026
LSO,2031,55.303,54.121,53.928,53.672,53.678,53.617,53.789,53.809,53.703,53.652,53.399,53.409,53.233,53.116,52.905,52.037,51.592,51.475,50.084,49.007,46.748,46.321,46.027,45.728,43.597,42.78,42.634,43.017,42.13,40.85,39.707,39.415,39.481,39.673,38.83,37.654,36.786,36.606,36.534,36.028,35.206,34.653,33.908,32.747,30.746,29.408,28.006,26.483,24.888,23.409,21.971,20.638,19.333,18.23,16.959,15.689,14.465,13.482,12.841,12.31,11.734,11.303,10.886,10.471,9.992,9.67,9.259,8.862,8.416,7.953,7.471,6.957,6.452,5.942,5.456,4.921,4.421,3.892,3.428,3.01,2.627,2.79,2.3,1.863,1.546,1.279,1.058,0.884,0.743,0.59,0.489,0.392,0.305,0.231,0.172,0.124,0.088,0.061,0.04,0.026
LSO,2032,55.151,54.173,53.712,53.648,53.47,53.525,53.495,53.684,53.715,53.618,53.572,53.319,53.324,53.138,53.002,52.765,51.865,51.385,51.23,49.808,48.703,46.424,45.977,45.661,45.347,43.212,42.388,42.232,42.601,41.711,40.429,39.286,38.987,39.041,39.218,38.367,37.189,36.316,36.123,36.039,35.523,34.697,34.138,33.39,32.23,30.24,28.907,27.51,25.993,24.408,22.936,21.508,20.187,18.892,17.798,16.541,15.283,14.075,13.1,12.457,11.92,11.34,10.899,10.472,10.047,9.562,9.231,8.823,8.426,7.984,7.524,7.049,6.544,6.049,5.552,5.082,4.568,4.089,3.586,3.146,2.749,2.385,2.508,2.046,1.638,1.341,1.095,0.893,0.735,0.609,0.474,0.388,0.306,0.233,0.173,0.125,0.089,0.061,0.042,0.028
LSO,2033,55.176,54.05,53.768,53.435,53.448,53.318,53.404,53.391,53.59,53.63,53.538,53.492,53.235,53.229,53.024,52.862,52.592,51.659,51.142,50.952,49.502,48.373,46.079,45.613,45.283,44.956,42.82,41.989,41.824,42.182,41.286,40.006,38.862,38.555,38.595,38.755,37.898,36.718,35.841,35.638,35.539,35.015,34.188,33.622,32.868,31.707,29.732,28.401,27.007,25.497,23.92,22.458,21.042,19.731,18.449,17.363,16.118,14.875,13.68,12.712,12.065,11.522,10.937,10.487,10.051,9.616,9.131,8.799,8.391,7.994,7.555,7.1,6.632,6.137,5.655,5.172,4.717,4.225,3.767,3.291,2.873,2.495,2.144,2.23,1.797,1.421,1.149,0.925,0.743,0.602,0.49,0.377,0.302,0.233,0.173,0.126,0.09,0.061,0.042,0.028
LSO,2034,55.092,54.096,53.648,53.492,53.237,53.297,53.199,53.3,53.299,53.506,53.551,53.46,53.409,53.141,53.116,52.884,52.69,52.385,51.416,50.865,50.643,49.171,48.022,45.719,45.237,44.895,44.557,42.422,41.585,41.413,41.758,40.861,39.579,38.435,38.117,38.142,38.287,37.424,36.243,35.363,35.147,35.036,34.507,33.676,33.103,32.342,31.18,29.217,27.888,26.499,24.995,23.428,21.978,20.572,19.274,18.003,16.924,15.692,14.461,13.277,12.314,11.664,11.116,10.526,10.067,9.622,9.184,8.703,8.369,7.963,7.567,7.13,6.681,6.221,5.738,5.268,4.802,4.363,3.893,3.457,3.005,2.607,2.243,1.908,1.959,1.561,1.217,0.97,0.769,0.608,0.483,0.388,0.293,0.23,0.174,0.127,0.089,0.062,0.042,0.028
LSO,2035,54.999,54.038,53.698,53.375,53.295,53.088,53.178,53.096,53.209,53.215,53.429,53.473,53.377,53.315,53.029,52.977,52.714,52.484,52.141,51.14,50.558,50.31,48.819,47.654,45.343,44.851,44.498,44.151,42.019,41.178,40.997,41.331,40.431,39.149,38.002,37.673,37.684,37.813,36.946,35.765,34.88,34.654,34.533,33.995,33.161,32.579,31.81,30.648,28.696,27.369,25.982,24.486,22.932,21.493,20.101,18.811,17.551,16.48,15.259,14.039,12.865,11.907,11.254,10.699,10.106,9.64,9.191,8.756,8.281,7.944,7.538,7.143,6.711,6.267,5.817,5.347,4.891,4.443,4.02,3.572,3.157,2.727,2.344,1.995,1.678,1.701,1.337,1.027,0.807,0.629,0.489,0.383,0.302,0.223,0.172,0.127,0.09,0.062,0.042,0.028
LSO,2036,55.155,53.969,53.643,53.427,53.18,53.147,52.969,53.077,53.006,53.127,53.138,53.352,53.391,53.283,53.203,52.891,52.807,52.509,52.242,51.864,50.833,50.227,49.955,48.449,47.273,44.959,44.457,44.095,43.739,41.612,40.767,40.579,40.901,39.997,38.714,37.562,37.224,37.221,37.336,36.464,35.283,34.397,34.161,34.027,33.482,32.642,32.049,31.274,30.109,28.168,26.842,25.46,23.973,22.431,21.005,19.624,18.344,17.095,16.03,14.818,13.607,12.443,11.492,10.836,10.276,9.679,9.21,8.765,8.332,7.862,7.521,7.118,6.724,6.297,5.861,5.422,4.965,4.526,4.094,3.689,3.261,2.864,2.451,2.084,1.754,1.456,1.458,1.129,0.855,0.661,0.506,0.387,0.298,0.23,0.167,0.125,0.09,0.063,0.043,0.028
LSO,2037,55.014,54.142,53.578,53.374,53.233,53.033,53.03,52.869,52.987,52.925,53.05,53.062,53.269,53.298,53.172,53.065,52.722,52.602,52.267,51.965,51.556,50.502,49.874,49.583,48.066,46.881,44.566,44.057,43.687,43.324,41.201,40.354,40.158,40.467,39.558,38.272,37.118,36.77,36.755,36.855,35.979,34.799,33.911,33.665,33.518,32.963,32.117,31.514,30.73,29.562,27.631,26.308,24.933,23.456,21.927,20.512,19.141,17.873,16.633,15.571,14.366,13.165,12.013,11.067,10.409,9.843,9.25,8.784,8.342,7.912,7.444,7.103,6.701,6.31,5.89,5.464,5.035,4.594,4.171,3.756,3.368,2.958,2.573,2.179,1.832,1.523,1.248,1.231,0.939,0.7,0.531,0.402,0.301,0.227,0.172,0.122,0.089,0.063,0.043,0.028
LSO,2038,54.865,54.023,53.753,53.311,53.182,53.087,52.917,52.93,52.781,52.907,52.849,52.975,52.981,53.177,53.187,53.035,52.897,52.519,52.362,51.992,51.659,51.225,50.15,49.503,49.196,47.672,46.481,44.168,43.651,43.275,42.905,40.787,39.939,39.734,40.027,39.113,37.825,36.67,36.313,36.285,36.369,35.492,34.314,33.424,33.167,33.004,32.439,31.587,30.972,30.179,29.006,27.089,25.77,24.401,22.935,21.417,20.012,18.654,17.394,16.16,15.1,13.903,12.713,11.571,10.633,9.972,9.408,8.824,8.362,7.922,7.493,7.031,6.688,6.29,5.904,5.491,5.075,4.66,4.233,3.827,3.43,3.055,2.658,2.288,1.915,1.591,1.305,1.054,1.025,0.769,0.563,0.42,0.312,0.229,0.169,0.125,0.086,0.062,0.043,0.029
LSO,2039,54.892,53.896,53.638,53.488,53.119,53.037,52.971,52.818,52.842,52.701,52.831,52.774,52.895,52.891,53.068,53.051,52.868,52.695,52.279,52.088,51.687,51.329,50.872,49.781,49.12,48.799,47.27,46.073,43.764,43.242,42.858,42.482,40.372,39.52,39.304,39.582,38.662,37.374,36.217,35.851,35.81,35.882,35.002,33.826,32.933,32.664,32.485,31.909,31.049,30.421,29.617,28.443,26.54,25.225,23.865,22.407,20.902,19.508,18.157,16.904,15.675,14.617,13.428,12.249,11.121,10.19,9.534,8.977,8.4,7.942,7.503,7.077,6.621,6.278,5.885,5.503,5.101,4.696,4.294,3.885,3.494,3.111,2.744,2.362,2.011,1.663,1.362,1.102,0.878,0.839,0.619,0.446,0.327,0.238,0.171,0.123,0.089,0.059,0.042,0.029
LSO,2040,54.968,53.939,53.513,53.374,53.296,52.976,52.922,52.872,52.731,52.763,52.626,52.757,52.695,52.805,52.781,52.933,52.885,52.666,52.456,52.007,51.785,51.358,50.976,50.501,49.398,48.725,48.393,46.862,45.662,43.358,42.829,42.44,42.057,39.953,39.095,38.869,39.13,38.206,36.918,35.762,35.388,35.334,35.393,34.51,33.336,32.439,32.154,31.961,31.373,30.504,29.862,29.048,27.874,25.986,24.676,23.321,21.873,20.38,18.994,17.651,16.401,15.178,14.123,12.943,11.776,10.66,9.745,9.1,8.549,7.98,7.524,7.088,6.666,6.216,5.875,5.486,5.112,4.721,4.328,3.94,3.547,3.169,2.795,2.439,2.076,1.745,1.423,1.15,0.917,0.718,0.675,0.49,0.347,0.249,0.177,0.124,0.088,0.062,0.04,0.027
LSO,2041,54.853,54.032,53.56,53.252,53.186,53.154,52.862,52.824,52.787,52.653,52.69,52.553,52.678,52.605,52.697,52.648,52.767,52.684,52.429,52.184,51.705,51.456,51.008,50.608,50.117,49.004,48.323,47.982,46.448,45.246,42.947,42.413,42.018,41.628,39.528,38.666,38.428,38.674,37.746,36.46,35.304,34.921,34.856,34.901,34.015,32.84,31.938,31.64,31.428,30.826,29.948,29.295,28.473,27.297,25.426,24.121,22.771,21.332,19.848,18.469,17.13,15.885,14.668,13.616,12.446,11.292,10.198,9.303,8.666,8.122,7.561,7.109,6.677,6.257,5.816,5.477,5.097,4.731,4.351,3.972,3.597,3.217,2.846,2.483,2.143,1.8,1.493,1.202,0.957,0.751,0.578,0.535,0.381,0.263,0.186,0.128,0.089,0.061,0.041,0.026
LSO,2042,54.629,53.932,53.655,53.3,53.065,53.043,53.04,52.765,52.739,52.709,52.579,52.616,52.475,52.59,52.499,52.564,52.483,52.568,52.449,52.16,51.884,51.38,51.109,50.642,50.226,49.724,48.604,47.914,47.565,46.031,44.826,42.535,41.997,41.593,41.194,39.1,38.232,37.984,38.216,37.284,35.998,34.843,34.454,34.378,34.407,33.517,32.339,31.432,31.118,30.887,30.272,29.384,28.72,27.891,26.716,24.858,23.557,22.213,20.78,19.303,17.929,16.595,15.355,14.145,13.096,11.938,10.803,9.736,8.861,8.236,7.697,7.145,6.696,6.268,5.855,5.423,5.088,4.717,4.36,3.992,3.625,3.261,2.889,2.528,2.181,1.859,1.542,1.26,1,0.784,0.604,0.458,0.415,0.29,0.196,0.135,0.091,0.062,0.041,0.027
LSO,2043,54.478,53.724,53.558,53.396,53.114,52.924,52.931,52.944,52.68,52.662,52.636,52.508,52.539,52.387,52.484,52.367,52.401,52.286,52.334,52.18,51.861,51.56,51.034,50.745,50.262,49.834,49.323,48.197,47.503,47.145,45.611,44.406,42.121,41.577,41.165,40.756,38.667,37.795,37.537,37.754,36.82,35.535,34.382,33.985,33.896,33.908,33.011,31.833,30.92,30.589,30.336,29.708,28.814,28.138,27.303,26.126,24.283,22.984,21.643,20.215,18.744,17.372,16.046,14.811,13.609,12.565,11.425,10.318,9.277,8.422,7.805,7.273,6.731,6.287,5.865,5.46,5.038,4.709,4.347,4,3.643,3.286,2.929,2.566,2.221,1.892,1.591,1.301,1.048,0.818,0.629,0.478,0.356,0.316,0.216,0.143,0.095,0.064,0.041,0.027
LSO,2044,54.17,53.587,53.354,53.301,53.211,52.973,52.812,52.836,52.859,52.604,52.59,52.564,52.431,52.451,52.282,52.353,52.205,52.206,52.054,52.068,51.884,51.539,51.217,50.673,50.367,49.874,49.436,48.915,47.787,47.087,46.722,45.189,43.983,41.704,41.154,40.732,40.312,38.23,37.355,37.088,37.289,36.352,35.072,33.92,33.513,33.409,33.403,32.501,31.32,30.398,30.049,29.778,29.137,28.236,27.55,26.705,25.527,23.698,22.4,21.06,19.633,18.168,16.801,15.482,14.253,13.06,12.029,10.913,9.834,8.819,7.983,7.376,6.852,6.319,5.883,5.468,5.07,4.661,4.339,3.987,3.651,3.302,2.951,2.601,2.253,1.925,1.618,1.342,1.081,0.858,0.657,0.499,0.371,0.271,0.235,0.156,0.101,0.066,0.042,0.027
LSO,2045,53.974,53.297,53.221,53.1,53.116,53.071,52.863,52.717,52.751,52.783,52.532,52.518,52.488,52.344,52.347,52.152,52.192,52.011,51.975,51.791,51.774,51.565,51.198,50.857,50.299,49.981,49.479,49.033,48.505,47.374,46.668,46.298,44.765,43.557,41.285,40.725,40.294,39.866,37.791,36.912,36.635,36.822,35.884,34.605,33.453,33.037,32.916,32.893,31.982,30.797,29.867,29.5,29.211,28.559,27.652,26.954,26.098,24.918,23.101,21.801,20.459,19.034,17.575,16.214,14.903,13.682,12.505,11.493,10.404,9.35,8.361,7.545,6.95,6.434,5.913,5.484,5.078,4.691,4.295,3.979,3.638,3.308,2.965,2.621,2.284,1.953,1.648,1.365,1.116,0.884,0.689,0.52,0.388,0.283,0.202,0.171,0.112,0.071,0.045,0.028
LSO,2046,53.686,53.114,52.934,52.968,52.917,52.978,52.961,52.768,52.634,52.677,52.713,52.462,52.444,52.402,52.24,52.218,51.994,51.999,51.783,51.713,51.5,51.456,51.224,50.84,50.485,49.916,49.588,49.078,48.625,48.092,46.957,46.248,45.87,44.338,43.127,40.86,40.292,39.852,39.416,37.35,36.467,36.181,36.354,35.414,34.136,32.983,32.554,32.417,32.374,31.455,30.265,29.327,28.944,28.636,27.972,27.057,26.346,25.481,24.295,22.489,21.183,19.839,18.418,16.964,15.612,14.308,13.104,11.952,10.958,9.895,8.866,7.903,7.11,6.526,6.019,5.512,5.093,4.698,4.321,3.938,3.629,3.296,2.969,2.632,2.3,1.979,1.671,1.389,1.134,0.912,0.711,0.545,0.404,0.294,0.21,0.146,0.121,0.077,0.048,0.03
LSO,2047,53.605,52.842,52.754,52.684,52.786,52.78,52.868,52.867,52.685,52.56,52.606,52.642,52.387,52.358,52.299,52.112,52.06,51.803,51.772,51.523,51.424,51.185,51.119,50.87,50.471,50.104,49.527,49.191,48.673,48.214,47.675,46.539,45.825,45.439,43.907,42.691,40.43,39.855,39.407,38.962,36.905,36.019,35.725,35.883,34.94,33.662,32.507,32.066,31.911,31.845,30.916,29.723,28.779,28.38,28.055,27.377,26.453,25.728,24.85,23.657,21.856,20.546,19.201,17.783,16.337,14.993,13.707,12.527,11.398,10.424,9.384,8.382,7.448,6.677,6.106,5.611,5.118,4.71,4.327,3.961,3.591,3.288,2.958,2.635,2.31,1.993,1.692,1.409,1.154,0.928,0.732,0.562,0.423,0.307,0.219,0.153,0.104,0.084,0.053,0.032
LSO,2048,53.432,52.775,52.487,52.507,52.504,52.651,52.671,52.775,52.785,52.612,52.49,52.537,52.568,52.303,52.256,52.172,51.956,51.869,51.577,51.514,51.235,51.111,50.851,50.768,50.503,50.093,49.717,49.132,48.79,48.267,47.801,47.256,46.118,45.398,45.003,43.47,42.251,39.997,39.415,38.96,38.506,36.458,35.571,35.267,35.409,34.46,33.182,32.024,31.57,31.395,31.305,30.369,29.174,28.224,27.808,27.462,26.771,25.838,25.096,24.201,22.996,21.204,19.89,18.544,17.13,15.695,14.367,13.106,11.949,10.845,9.889,8.874,7.901,6.995,6.248,5.692,5.211,4.734,4.337,3.964,3.611,3.252,2.949,2.625,2.312,2.001,1.704,1.427,1.169,0.943,0.744,0.578,0.436,0.321,0.228,0.159,0.109,0.072,0.056,0.034
LSO,2049,52.971,52.614,52.421,52.242,52.33,52.37,52.543,52.579,52.694,52.712,52.543,52.422,52.463,52.484,52.2,52.129,52.016,51.766,51.646,51.321,51.229,50.926,50.78,50.502,50.403,50.128,49.71,49.325,48.736,48.385,47.857,47.385,46.835,45.694,44.969,44.563,43.027,41.807,39.56,38.972,38.508,38.047,36.009,35.119,34.805,34.928,33.975,32.695,31.533,31.064,30.868,30.757,29.814,28.615,27.66,27.226,26.86,26.154,25.208,24.447,23.531,22.316,20.532,19.215,17.868,16.46,15.043,13.741,12.506,11.372,10.29,9.354,8.367,7.422,6.547,5.824,5.286,4.819,4.358,3.974,3.613,3.268,2.917,2.617,2.301,2.002,1.71,1.436,1.184,0.955,0.757,0.588,0.448,0.331,0.239,0.166,0.113,0.075,0.048,0.038
LSO,2050,52.692,52.17,52.265,52.178,52.066,52.196,52.263,52.452,52.498,52.621,52.643,52.475,52.349,52.38,52.383,52.076,51.974,51.828,51.544,51.391,51.038,50.92,50.597,50.434,50.143,50.032,49.747,49.321,48.93,48.336,47.979,47.445,46.968,46.411,45.267,44.533,44.116,42.582,41.359,39.121,38.526,38.053,37.585,35.558,34.663,34.337,34.442,33.483,32.199,31.033,30.548,30.332,30.2,29.249,28.049,27.086,26.633,26.246,25.522,24.561,23.775,22.84,21.614,19.838,18.518,17.173,15.782,14.392,13.114,11.904,10.792,9.736,8.82,7.861,6.947,6.104,5.408,4.888,4.435,3.992,3.621,3.27,2.93,2.586,2.294,1.993,1.711,1.441,1.192,0.967,0.767,0.598,0.456,0.34,0.246,0.173,0.117,0.078,0.051,0.032
LSO,2051,52.332,51.905,51.825,52.024,52.004,51.934,52.091,52.173,52.372,52.427,52.554,52.575,52.402,52.266,52.279,52.257,51.921,51.788,51.606,51.29,51.11,50.732,50.594,50.254,50.076,49.774,49.654,49.362,48.93,48.533,47.933,47.571,47.031,46.547,45.982,44.834,44.092,43.666,42.131,40.907,38.677,38.076,37.597,37.121,35.102,34.203,33.863,33.948,32.981,31.695,30.523,30.022,29.788,29.633,28.676,27.473,26.502,26.029,25.616,24.871,23.891,23.081,22.126,20.889,19.125,17.803,16.469,15.101,13.738,12.487,11.3,10.213,9.182,8.289,7.358,6.478,5.668,5.001,4.498,4.063,3.636,3.275,2.93,2.598,2.266,1.986,1.702,1.441,1.196,0.973,0.776,0.605,0.463,0.345,0.253,0.178,0.122,0.081,0.052,0.034
LSO,2052,52.107,51.562,51.565,51.588,51.851,51.872,51.829,52.001,52.094,52.301,52.36,52.486,52.503,52.32,52.166,52.155,52.104,51.735,51.568,51.355,51.011,50.806,50.408,50.254,49.9,49.712,49.401,49.273,48.974,48.537,48.133,47.528,47.161,46.615,46.122,45.549,44.395,43.646,43.211,41.677,40.452,38.232,37.625,37.139,36.653,34.642,33.736,33.383,33.446,32.47,31.18,30.004,29.488,29.234,29.058,28.091,26.885,25.905,25.409,24.968,24.198,23.199,22.366,21.39,20.143,18.392,17.078,15.763,14.421,13.085,11.856,10.695,9.635,8.629,7.761,6.862,6.016,5.241,4.603,4.12,3.7,3.288,2.934,2.597,2.276,1.962,1.695,1.433,1.195,0.976,0.78,0.612,0.469,0.351,0.257,0.183,0.126,0.085,0.055,0.035
LSO,2053,51.81,51.349,51.226,51.331,51.417,51.721,51.769,51.741,51.924,52.024,52.234,52.292,52.415,52.421,52.221,52.044,52.003,51.92,51.518,51.318,51.077,50.709,50.484,50.07,49.902,49.539,49.342,49.024,48.889,48.584,48.14,47.732,47.123,46.747,46.194,45.692,45.109,43.952,43.197,42.754,41.22,39.993,37.784,37.171,36.675,36.178,34.174,33.263,32.893,32.933,31.947,30.653,29.474,28.944,28.671,28.47,27.496,26.285,25.293,24.772,24.297,23.503,22.484,21.626,20.632,19.375,17.646,16.35,15.056,13.736,12.426,11.223,10.092,9.056,8.081,7.238,6.374,5.563,4.823,4.214,3.751,3.345,2.945,2.599,2.274,1.968,1.674,1.427,1.188,0.975,0.782,0.616,0.475,0.355,0.261,0.186,0.13,0.087,0.057,0.036
LSO,2054,51.635,51.066,51.017,50.994,51.162,51.288,51.618,51.681,51.664,51.854,51.958,52.169,52.222,52.334,52.323,52.099,51.892,51.82,51.702,51.268,51.041,50.777,50.39,50.147,49.722,49.543,49.172,48.968,48.644,48.503,48.191,47.744,47.329,46.715,46.331,45.768,45.257,44.665,43.505,42.744,42.291,40.759,39.532,37.333,36.711,36.205,35.696,33.7,32.78,32.394,32.409,31.414,30.119,28.935,28.392,28.097,27.872,26.887,25.669,24.663,24.111,23.604,22.784,21.747,20.864,19.85,18.595,16.899,15.62,14.346,13.049,11.766,10.592,9.487,8.483,7.538,6.723,5.895,5.12,4.416,3.837,3.39,2.994,2.607,2.275,1.966,1.679,1.409,1.182,0.969,0.781,0.616,0.477,0.359,0.264,0.189,0.131,0.09,0.059,0.038
LSO,2055,51.413,50.904,50.739,50.789,50.827,51.035,51.188,51.532,51.605,51.595,51.788,51.894,52.099,52.142,52.236,52.202,51.949,51.71,51.603,51.455,50.994,50.742,50.459,50.056,49.801,49.367,49.18,48.802,48.592,48.263,48.115,47.798,47.345,46.925,46.303,45.908,45.337,44.817,44.217,43.055,42.287,41.825,40.295,39.067,36.878,36.247,35.729,35.207,33.216,32.287,31.883,31.873,30.872,29.574,28.388,27.828,27.51,27.26,26.262,25.034,24.011,23.429,22.888,22.041,20.985,20.078,19.055,17.812,16.148,14.887,13.631,12.359,11.106,9.96,8.888,7.914,7.002,6.219,5.425,4.687,4.02,3.467,3.034,2.651,2.281,1.965,1.677,1.412,1.166,0.965,0.777,0.616,0.477,0.361,0.266,0.191,0.134,0.091,0.06,0.039
LSO,2056,51.145,50.695,50.58,50.512,50.623,50.702,50.934,51.102,51.456,51.537,51.531,51.724,51.824,52.019,52.046,52.116,52.053,51.767,51.496,51.357,51.181,50.698,50.427,50.127,49.713,49.449,49.007,48.813,48.43,48.214,47.88,47.726,47.404,46.944,46.515,45.886,45.481,44.902,44.373,43.766,42.601,41.826,41.356,39.828,38.598,36.416,35.775,35.245,34.708,32.722,31.782,31.362,31.329,30.319,29.019,27.829,27.252,26.911,26.631,25.619,24.377,23.335,22.722,22.147,21.274,20.199,19.28,18.258,17.026,15.393,14.148,12.912,11.668,10.446,9.332,8.293,7.353,6.478,5.724,4.967,4.267,3.632,3.101,2.685,2.318,1.971,1.675,1.409,1.168,0.95,0.771,0.612,0.476,0.361,0.267,0.193,0.135,0.092,0.061,0.04
LSO,2057,50.857,50.44,50.375,50.356,50.349,50.499,50.603,50.85,51.027,51.388,51.473,51.467,51.656,51.746,51.924,51.926,51.968,51.872,51.554,51.252,51.086,50.886,50.385,50.098,49.787,49.363,49.091,48.644,48.444,48.057,47.835,47.497,47.336,47.006,46.539,46.101,45.463,45.05,44.463,43.926,43.311,42.141,41.362,40.882,39.355,38.12,35.946,35.294,34.75,34.198,32.216,31.267,30.829,30.772,29.755,28.453,27.257,26.662,26.295,25.984,24.95,23.695,22.635,21.991,21.381,20.484,19.4,18.477,17.455,16.233,14.632,13.406,12.194,10.976,9.789,8.709,7.706,6.801,5.962,5.24,4.521,3.854,3.248,2.744,2.347,2.002,1.68,1.407,1.166,0.952,0.761,0.608,0.473,0.361,0.267,0.193,0.136,0.092,0.062,0.04
LSO,2058,50.693,50.164,50.124,50.153,50.194,50.225,50.401,50.519,50.777,50.96,51.326,51.411,51.4,51.578,51.651,51.805,51.778,51.788,51.659,51.311,50.982,50.793,50.573,50.057,49.76,49.438,49.009,48.731,48.279,48.074,47.683,47.456,47.111,46.943,46.605,46.129,45.682,45.037,44.614,44.019,43.473,42.85,41.679,40.893,40.402,38.875,37.636,35.469,34.804,34.244,33.675,31.699,30.742,30.287,30.206,29.18,27.874,26.672,26.057,25.66,25.311,24.258,22.99,21.912,21.235,20.59,19.678,18.597,17.669,16.648,15.435,13.869,12.662,11.473,10.288,9.137,8.094,7.13,6.261,5.459,4.77,4.084,3.448,2.874,2.399,2.027,1.705,1.41,1.165,0.949,0.762,0.599,0.47,0.357,0.267,0.193,0.137,0.094,0.062,0.04
LSO,2059,50.172,50.013,49.852,49.905,49.992,50.072,50.129,50.318,50.447,50.71,50.898,51.263,51.343,51.323,51.484,51.533,51.658,51.601,51.577,51.418,51.043,50.691,50.483,50.248,49.721,49.414,49.086,48.651,48.369,47.913,47.703,47.307,47.075,46.724,46.546,46.199,45.715,45.259,44.607,44.175,43.571,43.017,42.387,41.213,40.419,39.916,38.387,37.143,34.981,34.303,33.726,33.141,31.172,30.206,29.734,29.627,28.591,27.28,26.071,25.432,25,24.614,23.541,22.26,21.163,20.455,19.786,18.868,17.788,16.855,15.832,14.632,13.102,11.916,10.756,9.605,8.493,7.489,6.563,5.732,4.968,4.309,3.652,3.05,2.512,2.07,1.725,1.431,1.166,0.947,0.758,0.599,0.462,0.355,0.264,0.193,0.136,0.094,0.063,0.041
LSO,2060,50.03,49.506,49.703,49.636,49.746,49.872,49.975,50.047,50.246,50.382,50.649,50.837,51.197,51.267,51.23,51.368,51.388,51.482,51.391,51.337,51.151,50.753,50.383,50.16,49.914,49.379,49.065,48.732,48.293,48.006,47.546,47.332,46.932,46.692,46.333,46.146,45.789,45.296,44.831,44.172,43.731,43.119,42.556,41.918,40.741,39.938,39.421,37.889,36.639,34.483,33.789,33.195,32.595,30.633,29.659,29.168,29.034,27.988,26.67,25.45,24.783,24.316,23.891,22.798,21.505,20.39,19.66,18.975,18.051,16.972,16.033,15.012,13.826,12.332,11.173,10.043,8.929,7.859,6.895,6.01,5.217,4.487,3.853,3.23,2.665,2.167,1.762,1.447,1.182,0.947,0.756,0.596,0.462,0.349,0.263,0.191,0.136,0.094,0.063,0.041
LSO,2061,49.707,49.374,49.203,49.489,49.479,49.626,49.776,49.895,49.975,50.182,50.321,50.589,50.772,51.122,51.175,51.114,51.224,51.213,51.274,51.153,51.072,50.862,50.447,50.062,49.828,49.573,49.032,48.713,48.377,47.934,47.642,47.179,46.959,46.554,46.306,45.939,45.74,45.375,44.874,44.4,43.733,43.282,42.663,42.091,41.444,40.26,39.448,38.916,37.38,36.122,33.971,33.263,32.655,32.037,30.083,29.1,28.589,28.427,27.366,26.04,24.805,24.108,23.606,23.142,22.03,20.725,19.603,18.858,18.158,17.227,16.149,15.205,14.188,13.018,11.566,10.435,9.338,8.264,7.237,6.314,5.469,4.712,4.013,3.408,2.822,2.299,1.844,1.477,1.196,0.961,0.757,0.594,0.46,0.348,0.258,0.189,0.134,0.093,0.063,0.041
LSO,2062,49.393,49.063,49.073,48.991,49.333,49.36,49.532,49.696,49.825,49.912,50.122,50.261,50.524,50.698,51.03,51.06,50.972,51.05,51.007,51.037,50.889,50.785,50.557,50.128,49.732,49.489,49.228,48.683,48.36,48.02,47.573,47.278,46.811,46.584,46.173,45.916,45.54,45.332,44.956,44.446,43.964,43.289,42.83,42.202,41.62,40.961,39.772,38.948,38.4,36.86,35.593,33.446,32.725,32.101,31.468,29.521,28.527,27.996,27.8,26.724,25.384,24.135,23.41,22.87,22.366,21.234,19.928,18.808,18.051,17.333,16.395,15.318,14.375,13.361,12.211,10.803,9.704,8.644,7.61,6.627,5.747,4.94,4.214,3.549,2.978,2.435,1.956,1.546,1.22,0.971,0.767,0.594,0.458,0.347,0.257,0.186,0.134,0.092,0.063,0.041
LSO,2063,49.194,48.76,48.766,48.864,48.839,49.217,49.267,49.452,49.626,49.762,49.853,50.063,50.197,50.45,50.607,50.916,50.918,50.799,50.845,50.771,50.775,50.605,50.482,50.24,49.8,49.397,49.147,48.881,48.333,48.007,47.662,47.213,46.912,46.442,46.207,45.787,45.521,45.136,44.917,44.534,44.015,43.523,42.841,42.371,41.734,41.141,40.469,39.272,38.436,37.87,36.324,35.049,32.91,32.174,31.535,30.884,28.944,27.938,27.383,27.153,26.056,24.703,23.44,22.684,22.109,21.564,20.423,19.125,18.006,17.234,16.5,15.555,14.484,13.539,12.535,11.408,10.048,8.983,7.96,6.969,6.031,5.189,4.417,3.726,3.1,2.568,2.071,1.64,1.276,0.991,0.775,0.602,0.458,0.345,0.255,0.185,0.131,0.091,0.062,0.041
LSO,2064,48.904,48.572,48.468,48.561,48.712,48.723,49.123,49.188,49.383,49.565,49.703,49.794,49.999,50.124,50.36,50.494,50.774,50.747,50.596,50.611,50.512,50.493,50.305,50.167,49.914,49.467,49.058,48.803,48.534,47.983,47.652,47.305,46.852,46.546,46.069,45.826,45.397,45.122,44.729,44.5,44.106,43.578,43.079,42.389,41.908,41.259,40.653,39.967,38.762,37.911,37.326,35.775,34.493,32.363,31.613,30.955,30.286,28.352,27.332,26.749,26.478,25.362,23.996,22.718,21.933,21.32,20.745,19.604,18.312,17.195,16.408,15.658,14.71,13.644,12.705,11.712,10.612,9.302,8.274,7.29,6.343,5.447,4.641,3.906,3.254,2.673,2.184,1.736,1.353,1.036,0.789,0.607,0.463,0.345,0.254,0.184,0.13,0.089,0.061,0.041
LSO,2065,48.586,48.293,48.283,48.264,48.409,48.598,48.631,49.045,49.12,49.322,49.507,49.645,49.732,49.927,50.036,50.249,50.354,50.604,50.544,50.364,50.354,50.232,50.195,49.992,49.843,49.583,49.129,48.717,48.459,48.185,47.632,47.299,46.947,46.49,46.177,45.692,45.441,45.004,44.719,44.318,44.078,43.675,43.139,42.628,41.929,41.436,40.774,40.154,39.453,38.238,37.371,36.768,35.213,33.925,31.801,31.036,30.361,29.672,27.741,26.703,26.09,25.778,24.641,23.262,21.97,21.155,20.514,19.916,18.775,17.492,16.374,15.574,14.81,13.861,12.805,11.873,10.896,9.826,8.569,7.578,6.636,5.729,4.871,4.103,3.411,2.806,2.273,1.829,1.432,1.098,0.826,0.619,0.468,0.349,0.254,0.183,0.13,0.09,0.06,0.04
LSO,2066,48.314,47.985,48.008,48.081,48.115,48.297,48.506,48.554,48.978,49.059,49.265,49.449,49.584,49.66,49.84,49.925,50.11,50.186,50.403,50.314,50.108,50.075,49.936,49.884,49.671,49.515,49.248,48.791,48.376,48.114,47.837,47.282,46.945,46.588,46.125,45.803,45.313,45.051,44.607,44.313,43.901,43.652,43.239,42.693,42.173,41.463,40.954,40.28,39.642,38.926,37.699,36.818,36.196,34.637,33.342,31.226,30.444,29.749,29.036,27.108,26.049,25.404,25.05,23.891,22.5,21.195,20.359,19.699,19.079,17.937,16.66,15.545,14.733,13.957,13.011,11.969,11.047,10.091,9.052,7.849,6.898,5.993,5.122,4.306,3.583,2.941,2.385,1.904,1.51,1.162,0.875,0.647,0.476,0.352,0.257,0.183,0.128,0.089,0.06,0.04
LSO,2067,47.988,47.726,47.705,47.809,47.935,48.003,48.207,48.431,48.488,48.918,49.003,49.208,49.389,49.512,49.573,49.73,49.788,49.943,49.986,50.175,50.06,49.833,49.781,49.628,49.565,49.345,49.182,48.912,48.453,48.035,47.77,47.489,46.932,46.589,46.227,45.756,45.427,44.929,44.659,44.206,43.902,43.482,43.221,42.797,42.241,41.708,40.986,40.462,39.772,39.118,38.382,37.145,36.25,35.609,34.048,32.744,30.634,29.835,29.117,28.378,26.448,25.368,24.69,24.292,23.114,21.711,20.401,19.554,18.874,18.23,17.087,15.819,14.709,13.887,13.104,12.163,11.138,10.231,9.297,8.292,7.145,6.229,5.359,4.528,3.761,3.088,2.5,1.998,1.571,1.225,0.926,0.685,0.497,0.358,0.259,0.185,0.128,0.088,0.059,0.039
LSO,2068,47.727,47.409,47.448,47.509,47.663,47.824,47.915,48.132,48.365,48.429,48.862,48.947,49.148,49.318,49.427,49.465,49.594,49.622,49.746,49.761,49.923,49.785,49.541,49.477,49.313,49.243,49.016,48.85,48.576,48.115,47.695,47.426,47.142,46.58,46.232,45.861,45.385,45.047,44.542,44.262,43.8,43.487,43.057,42.785,42.349,41.781,41.233,40.498,39.957,39.25,38.577,37.824,36.577,35.667,35.009,33.442,32.128,30.026,29.205,28.462,27.692,25.761,24.66,23.947,23.506,22.307,20.902,19.598,18.738,18.037,17.369,16.227,14.97,13.866,13.04,12.251,11.32,10.317,9.427,8.517,7.548,6.452,5.57,4.736,3.954,3.242,2.625,2.094,1.648,1.274,0.975,0.725,0.527,0.374,0.263,0.186,0.13,0.088,0.059,0.039
LSO,2069,47.404,47.158,47.136,47.254,47.365,47.554,47.736,47.84,48.067,48.306,48.374,48.807,48.887,49.078,49.232,49.318,49.33,49.429,49.426,49.521,49.51,49.65,49.496,49.238,49.164,48.993,48.917,48.687,48.516,48.24,47.777,47.354,47.082,46.793,46.227,45.872,45.494,45.009,44.663,44.151,43.861,43.391,43.067,42.627,42.341,41.893,41.311,40.748,39.997,39.437,38.712,38.019,37.251,35.994,35.07,34.39,32.818,31.495,29.396,28.552,27.777,26.976,25.046,23.922,23.176,22.69,21.48,20.083,18.783,17.912,17.189,16.498,15.359,14.115,13.021,12.193,11.404,10.487,9.506,8.636,7.753,6.817,5.769,4.923,4.137,3.408,2.755,2.199,1.727,1.336,1.015,0.763,0.557,0.396,0.275,0.189,0.13,0.088,0.059,0.038
LSO,2070,47.088,46.846,46.889,46.945,47.112,47.257,47.467,47.662,47.776,48.009,48.252,48.319,48.748,48.819,48.994,49.125,49.185,49.167,49.234,49.203,49.272,49.241,49.363,49.196,48.928,48.846,48.671,48.591,48.358,48.185,47.905,47.44,47.014,46.737,46.442,45.87,45.507,45.122,44.63,44.277,43.754,43.456,42.977,42.642,42.19,41.889,41.425,40.83,40.249,39.482,38.902,38.158,37.449,36.662,35.396,34.455,33.754,32.176,30.839,28.742,27.869,27.064,26.232,24.301,23.155,22.375,21.853,20.642,19.252,17.958,17.071,16.329,15.617,14.484,13.256,12.177,11.351,10.564,9.663,8.71,7.862,7.001,6.095,5.099,4.299,3.565,2.897,2.307,1.813,1.4,1.065,0.794,0.586,0.418,0.291,0.197,0.132,0.089,0.059,0.038
LSO,2071,46.676,46.539,46.581,46.699,46.804,47.004,47.17,47.394,47.599,47.719,47.955,48.198,48.261,48.679,48.735,48.887,48.992,49.022,48.973,49.013,48.957,49.005,48.956,49.065,48.887,48.614,48.527,48.347,48.264,48.029,47.852,47.57,47.102,46.673,46.39,46.087,45.51,45.139,44.745,44.247,43.884,43.354,43.045,42.557,42.209,41.745,41.427,40.948,40.334,39.736,38.951,38.35,37.59,36.861,36.057,34.78,33.822,33.097,31.51,30.158,28.059,27.158,26.321,25.456,23.526,22.359,21.552,21.002,19.791,18.408,17.117,16.219,15.459,14.729,13.605,12.398,11.337,10.516,9.736,8.854,7.929,7.099,6.259,5.387,4.452,3.704,3.029,2.425,1.902,1.469,1.114,0.832,0.609,0.44,0.307,0.208,0.138,0.09,0.06,0.038
LSO,2072,46.423,46.137,46.278,46.394,46.56,46.698,46.92,47.098,47.332,47.542,47.666,47.901,48.14,48.194,48.597,48.63,48.756,48.832,48.831,48.754,48.768,48.692,48.722,48.66,48.758,48.576,48.297,48.207,48.024,47.938,47.7,47.521,47.236,46.764,46.329,46.04,45.73,45.146,44.767,44.365,43.859,43.486,42.949,42.628,42.129,41.768,41.288,40.953,40.456,39.824,39.205,38.403,37.783,37.005,36.258,35.434,34.145,33.168,32.417,30.818,29.445,27.347,26.416,25.546,24.648,22.721,21.541,20.719,20.14,18.926,17.549,16.265,15.358,14.581,13.837,12.725,11.543,10.504,9.692,8.92,8.06,7.159,6.347,5.531,4.702,3.835,3.148,2.536,1.999,1.541,1.169,0.871,0.639,0.457,0.323,0.22,0.146,0.095,0.06,0.039
LSO,2073,45.948,45.894,45.879,46.093,46.256,46.455,46.614,46.849,47.036,47.276,47.49,47.613,47.845,48.074,48.112,48.492,48.499,48.596,48.641,48.612,48.511,48.505,48.411,48.429,48.358,48.449,48.262,47.981,47.887,47.702,47.613,47.373,47.19,46.9,46.424,45.984,45.687,45.369,44.778,44.392,43.982,43.466,43.085,42.538,42.206,41.693,41.316,40.821,40.467,39.95,39.298,38.66,37.841,37.201,36.404,35.636,34.792,33.489,32.49,31.71,30.095,28.702,26.603,25.642,24.739,23.808,21.894,20.712,19.871,19.264,18.046,16.679,15.404,14.487,13.701,12.944,11.849,10.697,9.682,8.88,8.12,7.277,6.4,5.608,4.829,4.052,3.259,2.635,2.09,1.62,1.226,0.914,0.668,0.479,0.335,0.231,0.154,0.1,0.063,0.039
LSO,2074,45.693,45.431,45.64,45.698,45.958,46.153,46.373,46.545,46.787,46.982,47.224,47.438,47.557,47.779,47.993,48.009,48.362,48.34,48.407,48.424,48.371,48.25,48.227,48.121,48.129,48.052,48.138,47.947,47.664,47.568,47.381,47.289,47.046,46.858,46.563,46.081,45.635,45.33,45.004,44.407,44.012,43.594,43.07,42.678,42.12,41.774,41.247,40.854,40.341,39.966,39.427,38.756,38.098,37.262,36.602,35.785,34.995,34.129,32.811,31.786,30.971,29.339,27.928,25.829,24.838,23.902,22.946,21.055,19.868,19.01,18.373,17.155,15.799,14.535,13.614,12.818,12.055,10.981,9.86,8.872,8.084,7.333,6.505,5.655,4.896,4.161,3.443,2.728,2.171,1.693,1.288,0.958,0.701,0.501,0.351,0.24,0.161,0.105,0.067,0.04
LSO,2075,45.383,45.186,45.182,45.462,45.565,45.856,46.071,46.303,46.483,46.733,46.93,47.172,47.382,47.492,47.699,47.89,47.88,48.205,48.152,48.192,48.185,48.112,47.974,47.939,47.824,47.825,47.743,47.827,47.634,47.35,47.251,47.061,46.966,46.718,46.526,46.225,45.736,45.283,44.97,44.636,44.032,43.628,43.2,42.668,42.264,41.694,41.331,40.79,40.377,39.845,39.447,38.888,38.199,37.521,36.667,35.985,35.146,34.334,33.442,32.104,31.05,30.199,28.552,27.118,25.023,24.001,23.04,22.071,20.201,19.01,18.133,17.467,16.252,14.908,13.659,12.739,11.939,11.173,10.122,9.035,8.076,7.3,6.554,5.748,4.937,4.218,3.534,2.881,2.248,1.759,1.346,1.006,0.735,0.526,0.367,0.252,0.168,0.111,0.069,0.043
LSO,2076,45.27,44.885,44.94,45.005,45.33,45.464,45.775,46.002,46.243,46.43,46.682,46.88,47.118,47.318,47.413,47.597,47.763,47.725,48.018,47.94,47.954,47.927,47.838,47.688,47.645,47.523,47.522,47.437,47.516,47.322,47.036,46.936,46.743,46.643,46.39,46.191,45.882,45.388,44.927,44.607,44.263,43.652,43.239,42.801,42.258,41.841,41.257,40.878,40.319,39.887,39.334,38.913,38.334,37.625,36.926,36.052,35.346,34.486,33.646,32.726,31.364,30.28,29.393,27.73,26.277,24.184,23.139,22.165,21.179,19.332,18.135,17.241,16.549,15.337,14.012,12.782,11.865,11.065,10.299,9.275,8.225,7.292,6.525,5.791,5.017,4.252,3.582,2.957,2.373,1.82,1.398,1.052,0.771,0.55,0.385,0.263,0.176,0.115,0.073,0.045
LSO,2077,44.647,44.778,44.643,44.766,44.876,45.23,45.384,45.706,45.943,46.19,46.38,46.632,46.826,47.054,47.239,47.313,47.471,47.608,47.539,47.806,47.703,47.698,47.655,47.554,47.397,47.346,47.222,47.217,47.13,47.208,47.012,46.725,46.62,46.424,46.319,46.059,45.852,45.536,45.035,44.568,44.238,43.886,43.268,42.845,42.395,41.839,41.407,40.809,40.411,39.835,39.379,38.806,38.363,37.762,37.034,36.312,35.418,34.687,33.801,32.931,31.977,30.591,29.477,28.552,26.874,25.399,23.32,22.264,21.273,20.271,18.445,17.247,16.338,15.621,14.418,13.114,11.907,10.998,10.2,9.438,8.444,7.427,6.518,5.765,5.055,4.323,3.612,2.998,2.436,1.922,1.447,1.092,0.806,0.578,0.403,0.276,0.184,0.12,0.076,0.048
LSO,2078,44.308,44.169,44.54,44.472,44.639,44.777,45.15,45.317,45.648,45.891,46.141,46.331,46.579,46.763,46.975,47.139,47.187,47.317,47.424,47.329,47.572,47.45,47.429,47.374,47.264,47.101,47.048,46.921,46.914,46.826,46.9,46.703,46.414,46.306,46.105,45.992,45.726,45.511,45.188,44.68,44.205,43.866,43.504,42.876,42.442,41.979,41.41,40.962,40.347,39.929,39.332,38.855,38.262,37.796,37.173,36.422,35.678,34.762,34.002,33.086,32.182,31.194,29.784,28.636,27.674,25.981,24.497,22.441,21.372,20.364,19.344,17.544,16.346,15.424,14.686,13.495,12.217,11.038,10.139,9.348,8.591,7.624,6.638,5.758,5.031,4.354,3.671,3.022,2.47,1.973,1.528,1.13,0.836,0.603,0.423,0.289,0.192,0.125,0.08,0.049
LSO,2079,44.003,43.84,43.935,44.371,44.346,44.541,44.7,45.085,45.259,45.597,45.842,46.092,46.277,46.516,46.685,46.877,47.014,47.034,47.135,47.216,47.097,47.32,47.182,47.149,47.086,46.971,46.806,46.75,46.622,46.613,46.523,46.596,46.396,46.104,45.989,45.782,45.662,45.389,45.167,44.836,44.32,43.837,43.488,43.116,42.479,42.03,41.553,40.97,40.504,39.871,39.431,38.813,38.316,37.701,37.211,36.565,35.79,35.022,34.08,33.288,32.337,31.397,30.375,28.94,27.762,26.759,25.062,23.577,21.545,20.462,19.436,18.401,16.63,15.433,14.503,13.748,12.574,11.327,10.176,9.292,8.51,7.757,6.813,5.864,5.026,4.333,3.698,3.072,2.489,1.999,1.568,1.193,0.865,0.627,0.442,0.302,0.201,0.131,0.083,0.052
LSO,2080,43.687,43.544,43.61,43.77,44.245,44.249,44.464,44.635,45.027,45.209,45.548,45.794,46.04,46.216,46.44,46.588,46.753,46.863,46.854,46.928,46.984,46.848,47.054,46.905,46.864,46.796,46.678,46.511,46.454,46.324,46.314,46.223,46.291,46.088,45.791,45.671,45.458,45.33,45.05,44.818,44.479,43.955,43.464,43.104,42.72,42.072,41.608,41.116,40.516,40.03,39.378,38.916,38.279,37.759,37.122,36.606,35.936,35.136,34.339,33.368,32.538,31.553,30.578,29.518,28.059,26.848,25.818,24.126,22.64,20.631,19.532,18.493,17.444,15.704,14.513,13.578,12.81,11.658,10.442,9.326,8.458,7.682,6.932,6.019,5.118,4.328,3.68,3.094,2.529,2.015,1.589,1.224,0.913,0.647,0.458,0.316,0.211,0.137,0.086,0.053
LSO,2081,43.424,43.237,43.318,43.447,43.647,44.15,44.174,44.4,44.579,44.977,45.161,45.501,45.742,45.979,46.14,46.343,46.464,46.602,46.684,46.648,46.699,46.736,46.584,46.779,46.622,46.577,46.506,46.386,46.217,46.159,46.029,46.017,45.923,45.988,45.78,45.478,45.352,45.131,44.994,44.706,44.465,44.116,43.586,43.083,42.713,42.315,41.653,41.174,40.664,40.045,39.539,38.867,38.384,37.726,37.183,36.523,35.98,35.283,34.455,33.626,32.622,31.755,30.735,29.72,28.625,27.141,25.906,24.856,23.169,21.683,19.696,18.586,17.533,16.475,14.77,13.589,12.653,11.878,10.748,9.57,8.49,7.636,6.865,6.123,5.252,4.407,3.675,3.079,2.547,2.047,1.601,1.24,0.936,0.683,0.474,0.328,0.22,0.143,0.091,0.056
LSO,2082,43.07,42.981,43.015,43.156,43.326,43.553,44.075,44.109,44.344,44.529,44.931,45.114,45.45,45.683,45.903,46.044,46.221,46.316,46.425,46.479,46.42,46.452,46.474,46.311,46.498,46.337,46.288,46.216,46.095,45.926,45.867,45.736,45.722,45.624,45.684,45.47,45.162,45.028,44.8,44.655,44.358,44.108,43.75,43.209,42.696,42.312,41.899,41.223,40.727,40.198,39.559,39.031,38.341,37.834,37.156,36.587,35.902,35.332,34.603,33.744,32.878,31.84,30.934,29.876,28.824,27.692,26.192,24.946,23.875,22.192,20.703,18.744,17.623,16.56,15.496,13.831,12.664,11.733,10.952,9.851,8.711,7.663,6.823,6.064,5.343,4.522,3.742,3.074,2.534,2.062,1.627,1.249,0.948,0.701,0.5,0.338,0.228,0.15,0.095,0.058
LSO,2083,42.784,42.636,42.762,42.856,43.037,43.234,43.479,44.012,44.055,44.295,44.483,44.884,45.064,45.391,45.608,45.808,45.923,46.073,46.139,46.221,46.253,46.175,46.192,46.203,46.033,46.214,46.051,46.001,45.928,45.807,45.637,45.577,45.444,45.426,45.324,45.377,45.157,44.843,44.702,44.466,44.311,44.005,43.745,43.377,42.825,42.3,41.9,41.47,40.779,40.263,39.713,39.055,38.505,37.796,37.266,36.564,35.97,35.258,34.655,33.893,32.998,32.094,31.021,30.075,28.98,27.89,26.729,25.225,23.964,22.871,21.193,19.705,17.776,16.648,15.578,14.511,12.891,11.744,10.818,10.038,8.966,7.863,6.847,6.026,5.29,4.6,3.839,3.129,2.53,2.051,1.638,1.268,0.955,0.709,0.513,0.357,0.235,0.155,0.099,0.061
LSO,2084,42.53,42.357,42.421,42.605,42.737,42.945,43.16,43.417,43.958,44.006,44.25,44.437,44.834,45.005,45.316,45.513,45.688,45.776,45.897,45.937,45.997,46.01,45.917,45.923,45.928,45.753,45.932,45.767,45.716,45.643,45.521,45.351,45.289,45.153,45.131,45.023,45.068,44.843,44.522,44.372,44.127,43.962,43.647,43.376,42.996,42.432,41.892,41.476,41.028,40.319,39.782,39.212,38.534,37.963,37.233,36.678,35.951,35.33,34.588,33.949,33.149,32.216,31.273,30.165,29.178,28.044,26.924,25.746,24.235,22.961,21.845,20.174,18.689,16.793,15.662,14.59,13.526,11.954,10.83,9.914,9.136,8.092,7.024,6.047,5.256,4.554,3.904,3.21,2.575,2.047,1.628,1.277,0.969,0.714,0.518,0.366,0.248,0.16,0.103,0.063
LSO,2085,42.16,42.111,42.146,42.266,42.489,42.647,42.873,43.098,43.364,43.909,43.961,44.204,44.388,44.776,44.932,45.223,45.394,45.542,45.602,45.697,45.714,45.755,45.754,45.651,45.65,45.649,45.473,45.65,45.485,45.435,45.36,45.237,45.066,45.001,44.861,44.833,44.72,44.758,44.525,44.197,44.038,43.784,43.609,43.282,42.999,42.605,42.027,41.473,41.038,40.571,39.842,39.285,38.693,37.996,37.403,36.65,36.068,35.316,34.662,33.888,33.207,32.367,31.397,30.414,29.269,28.24,27.078,25.938,24.74,23.224,21.933,20.797,19.138,17.659,15.801,14.67,13.6,12.544,11.024,9.925,9.024,8.245,7.23,6.203,5.274,4.525,3.865,3.264,2.641,2.083,1.625,1.269,0.976,0.725,0.522,0.369,0.254,0.169,0.106,0.066
LSO,2086,41.798,41.749,41.902,41.993,42.152,42.4,42.575,42.812,43.045,43.316,43.864,43.917,44.155,44.33,44.703,44.839,45.106,45.249,45.369,45.403,45.475,45.474,45.501,45.489,45.38,45.374,45.372,45.195,45.371,45.206,45.154,45.079,44.957,44.783,44.714,44.57,44.535,44.414,44.445,44.204,43.868,43.699,43.435,43.249,42.91,42.612,42.202,41.61,41.039,40.584,40.095,39.348,38.77,38.157,37.44,36.821,36.044,35.435,34.653,33.964,33.152,32.429,31.55,30.539,29.516,28.333,27.271,26.09,24.929,23.711,22.188,20.883,19.73,18.084,16.617,14.802,13.676,12.614,11.568,10.103,9.032,8.143,7.365,6.384,5.41,4.539,3.84,3.23,2.685,2.136,1.654,1.266,0.97,0.729,0.53,0.372,0.258,0.172,0.112,0.068
LSO,2087,41.571,41.395,41.544,41.752,41.88,42.063,42.328,42.515,42.76,42.999,43.272,43.82,43.868,44.099,44.259,44.612,44.722,44.961,45.077,45.171,45.183,45.237,45.221,45.238,45.219,45.107,45.099,45.095,44.919,45.094,44.93,44.878,44.801,44.676,44.499,44.425,44.275,44.233,44.106,44.127,43.878,43.534,43.355,43.081,42.881,42.528,42.215,41.789,41.179,40.589,40.113,39.602,38.838,38.238,37.602,36.862,36.217,35.415,34.773,33.96,33.231,32.379,31.614,30.692,29.641,28.577,27.366,26.28,25.079,23.895,22.656,21.129,19.815,18.647,17.019,15.568,13.799,12.685,11.633,10.601,9.195,8.152,7.274,6.503,5.567,4.656,3.851,3.209,2.658,2.171,1.695,1.288,0.967,0.724,0.532,0.377,0.259,0.175,0.114,0.072
LSO,2088,41.301,41.177,41.193,41.396,41.64,41.792,41.993,42.269,42.464,42.713,42.955,43.229,43.773,43.813,44.028,44.168,44.496,44.579,44.79,44.881,44.952,44.947,44.986,44.961,44.972,44.948,44.833,44.826,44.822,44.647,44.821,44.656,44.603,44.525,44.396,44.215,44.135,43.978,43.929,43.795,43.806,43.549,43.195,43.005,42.718,42.504,42.136,41.804,41.36,40.734,40.123,39.625,39.093,38.309,37.686,37.027,36.261,35.589,34.76,34.082,33.232,32.462,31.57,30.759,29.795,28.704,27.606,26.376,25.266,24.044,22.836,21.579,20.052,18.73,17.551,15.947,14.515,12.8,11.699,10.662,9.649,8.299,7.281,6.423,5.671,4.791,3.95,3.219,2.64,2.149,1.723,1.321,0.983,0.722,0.528,0.379,0.262,0.176,0.115,0.073
LSO,2089,41.036,40.914,40.978,41.049,41.286,41.554,41.723,41.934,42.218,42.419,42.671,42.913,43.182,43.717,43.742,43.937,44.053,44.354,44.41,44.596,44.665,44.718,44.697,44.728,44.696,44.703,44.678,44.564,44.556,44.552,44.377,44.55,44.385,44.331,44.248,44.115,43.929,43.843,43.68,43.623,43.479,43.48,43.214,42.851,42.647,42.346,42.115,41.731,41.381,40.917,40.27,39.64,39.12,38.565,37.761,37.114,36.429,35.638,34.935,34.074,33.356,32.467,31.655,30.722,29.866,28.857,27.734,26.612,25.362,24.227,22.981,21.753,20.482,18.956,17.632,16.447,14.87,13.465,11.807,10.723,9.703,8.707,7.412,6.428,5.601,4.88,4.064,3.301,2.647,2.134,1.705,1.342,1.008,0.735,0.527,0.377,0.264,0.178,0.116,0.074
LSO,2090,40.679,40.657,40.719,40.835,40.939,41.201,41.485,41.665,41.884,42.173,42.376,42.628,42.867,43.128,43.648,43.652,43.823,43.912,44.185,44.217,44.381,44.431,44.471,44.441,44.465,44.429,44.434,44.41,44.296,44.288,44.285,44.11,44.282,44.116,44.058,43.971,43.833,43.641,43.548,43.378,43.312,43.16,43.15,42.873,42.497,42.28,41.963,41.715,41.312,40.941,40.455,39.788,39.139,38.596,38.019,37.192,36.519,35.807,34.988,34.25,33.352,32.594,31.665,30.81,29.834,28.93,27.886,26.74,25.594,24.323,23.16,21.895,20.65,19.365,17.846,16.524,15.339,13.795,12.42,10.821,9.758,8.757,7.776,6.543,5.606,4.819,4.14,3.397,2.714,2.14,1.692,1.327,1.024,0.753,0.536,0.376,0.262,0.179,0.117,0.074
LSO,2091,40.308,40.307,40.464,40.577,40.728,40.855,41.133,41.428,41.616,41.84,42.131,42.334,42.583,42.813,43.059,43.559,43.54,43.684,43.746,43.994,44.003,44.149,44.185,44.216,44.18,44.2,44.164,44.169,44.144,44.032,44.024,44.021,43.847,44.016,43.847,43.784,43.693,43.548,43.351,43.25,43.073,42.997,42.834,42.813,42.523,42.135,41.901,41.568,41.3,40.877,40.484,39.977,39.291,38.618,38.053,37.449,36.6,35.899,35.157,34.305,33.529,32.594,31.793,30.824,29.924,28.905,27.962,26.892,25.72,24.548,23.254,22.069,20.786,19.525,18.232,16.726,15.411,14.23,12.724,11.383,9.847,8.805,7.819,6.864,5.705,4.822,4.087,3.458,2.792,2.194,1.696,1.317,1.013,0.764,0.549,0.382,0.261,0.177,0.118,0.075
LSO,2092,40.033,39.944,40.118,40.325,40.471,40.645,40.788,41.076,41.379,41.571,41.798,42.09,42.289,42.529,42.744,42.97,43.447,43.401,43.519,43.555,43.781,43.773,43.905,43.933,43.957,43.918,43.937,43.901,43.906,43.883,43.771,43.764,43.76,43.585,43.75,43.577,43.51,43.412,43.262,43.057,42.95,42.762,42.677,42.504,42.468,42.165,41.762,41.511,41.158,40.869,40.425,40.009,39.48,38.773,38.079,37.488,36.857,35.983,35.252,34.476,33.587,32.771,31.797,30.952,29.941,28.995,27.941,26.968,25.869,24.673,23.474,22.162,20.953,19.657,18.387,17.089,15.6,14.298,13.125,11.662,10.358,8.885,7.862,6.901,5.983,4.907,4.089,3.414,2.843,2.256,1.739,1.32,1.004,0.755,0.557,0.391,0.265,0.177,0.117,0.075
LSO,2093,39.689,39.675,39.758,39.98,40.22,40.389,40.579,40.733,41.028,41.335,41.531,41.757,42.046,42.236,42.462,42.657,42.859,43.308,43.236,43.328,43.344,43.552,43.532,43.654,43.675,43.697,43.657,43.676,43.64,43.647,43.624,43.513,43.506,43.5,43.323,43.484,43.306,43.234,43.13,42.973,42.76,42.643,42.447,42.351,42.165,42.113,41.795,41.376,41.106,40.734,40.421,39.955,39.516,38.964,38.236,37.518,36.9,36.241,35.339,34.574,33.759,32.832,31.975,30.961,30.072,29.018,28.034,26.952,25.948,24.82,23.597,22.373,21.045,19.818,18.512,17.236,15.94,14.475,13.189,12.029,10.611,9.344,7.932,6.938,6.015,5.146,4.161,3.415,2.805,2.296,1.788,1.353,1.007,0.749,0.55,0.396,0.271,0.18,0.117,0.075
LSO,2094,39.343,39.338,39.493,39.623,39.877,40.14,40.324,40.523,40.685,40.985,41.296,41.491,41.714,41.993,42.169,42.375,42.547,42.722,43.144,43.047,43.119,43.117,43.312,43.281,43.398,43.417,43.438,43.399,43.418,43.385,43.392,43.37,43.258,43.249,43.242,43.06,43.216,43.034,42.954,42.844,42.68,42.459,42.333,42.126,42.017,41.816,41.748,41.413,40.977,40.685,40.291,39.955,39.467,39.005,38.429,37.677,36.934,36.286,35.596,34.663,33.858,33.004,32.039,31.139,30.085,29.148,28.06,27.046,25.936,24.899,23.741,22.494,21.249,19.907,18.666,17.356,16.078,14.791,13.352,12.087,10.946,9.573,8.342,6.999,6.047,5.173,4.363,3.474,2.806,2.265,1.82,1.39,1.031,0.751,0.546,0.392,0.275,0.183,0.118,0.075
LSO,2095,38.958,38.999,39.159,39.359,39.521,39.797,40.074,40.269,40.475,40.642,40.945,41.255,41.447,41.661,41.926,42.083,42.265,42.41,42.56,42.956,42.839,42.894,42.879,43.065,43.029,43.142,43.161,43.181,43.144,43.165,43.131,43.139,43.117,43.005,42.994,42.983,42.798,42.947,42.759,42.673,42.556,42.382,42.154,42.016,41.798,41.673,41.456,41.37,41.017,40.562,40.247,39.831,39.471,38.96,38.473,37.871,37.093,36.324,35.646,34.919,33.951,33.106,32.213,31.206,30.262,29.166,28.191,27.076,26.031,24.893,23.821,22.635,21.367,20.103,18.751,17.501,16.191,14.92,13.644,12.237,10.998,9.874,8.545,7.361,6.1,5.2,4.385,3.642,2.855,2.265,1.795,1.415,1.06,0.768,0.547,0.388,0.272,0.186,0.12,0.076
LSO,2096,38.541,38.621,38.824,39.028,39.259,39.443,39.733,40.021,40.222,40.433,40.603,40.906,41.212,41.396,41.596,41.841,41.974,42.13,42.249,42.373,42.749,42.615,42.657,42.633,42.813,42.775,42.888,42.907,42.929,42.892,42.915,42.882,42.89,42.868,42.753,42.739,42.723,42.534,42.676,42.483,42.388,42.262,42.08,41.841,41.69,41.459,41.318,41.085,40.978,40.605,40.128,39.791,39.352,38.968,38.432,37.918,37.29,36.486,35.686,34.971,34.206,33.2,32.315,31.378,30.331,29.341,28.211,27.205,26.062,24.985,23.816,22.713,21.503,20.215,18.937,17.582,16.328,15.025,13.762,12.503,11.132,9.919,8.813,7.539,6.413,5.243,4.406,3.66,2.991,2.303,1.794,1.395,1.077,0.789,0.559,0.388,0.269,0.183,0.123,0.077
LSO,2097,38.444,38.211,38.448,38.695,38.929,39.181,39.379,39.68,39.974,40.181,40.394,40.564,40.863,41.161,41.331,41.511,41.733,41.84,41.97,42.065,42.168,42.526,42.38,42.412,42.384,42.561,42.523,42.636,42.657,42.68,42.645,42.669,42.636,42.643,42.619,42.502,42.483,42.463,42.268,42.402,42.202,42.099,41.964,41.772,41.521,41.357,41.109,40.952,40.699,40.571,40.176,39.678,39.317,38.855,38.446,37.883,37.34,36.683,35.849,35.016,34.262,33.455,32.412,31.484,30.504,29.413,28.387,27.23,26.192,25.021,23.91,22.712,21.579,20.347,19.046,17.758,16.405,15.152,13.86,12.612,11.376,10.04,8.853,7.775,6.567,5.512,4.443,3.677,3.005,2.414,1.825,1.395,1.062,0.803,0.574,0.397,0.269,0.182,0.12,0.079
LSO,2098,38.132,38.118,38.042,38.322,38.597,38.852,39.118,39.327,39.634,39.932,40.142,40.357,40.523,40.813,41.096,41.246,41.404,41.6,41.68,41.787,41.86,41.946,42.292,42.137,42.165,42.134,42.31,42.273,42.388,42.41,42.435,42.401,42.425,42.393,42.398,42.37,42.25,42.226,42.199,41.999,42.125,41.916,41.805,41.66,41.455,41.191,41.012,40.748,40.57,40.298,40.146,39.728,39.21,38.824,38.337,37.899,37.309,36.736,36.046,35.18,34.309,33.513,32.664,31.581,30.61,29.585,28.46,27.403,26.219,25.148,23.946,22.804,21.582,20.422,19.172,17.863,16.57,15.225,13.978,12.702,11.473,10.258,8.96,7.808,6.771,5.644,4.67,3.707,3.018,2.425,1.91,1.417,1.061,0.791,0.583,0.407,0.275,0.182,0.119,0.077
LSO,2099,37.956,37.812,37.951,37.917,38.225,38.521,38.79,39.066,39.281,39.593,39.895,40.105,40.314,40.472,40.749,41.013,41.14,41.272,41.441,41.498,41.583,41.64,41.715,42.051,41.891,41.916,41.886,42.063,42.027,42.144,42.168,42.194,42.161,42.184,42.151,42.153,42.121,41.996,41.967,41.934,41.727,41.844,41.627,41.505,41.347,41.129,40.85,40.655,40.373,40.174,39.879,39.702,39.264,38.722,38.311,37.796,37.33,36.71,36.103,35.378,34.474,33.565,32.726,31.833,30.711,29.694,28.631,27.479,26.39,25.178,24.071,22.842,21.673,20.427,19.246,17.983,16.669,15.38,14.046,12.81,11.555,10.346,9.155,7.902,6.8,5.819,4.781,3.896,3.043,2.434,1.919,1.483,1.078,0.789,0.575,0.414,0.282,0.186,0.119,0.076
LSO,2100,37.683,37.643,37.648,37.829,37.822,38.15,38.46,38.738,39.021,39.241,39.556,39.857,40.064,40.265,40.409,40.666,40.907,41.008,41.114,41.26,41.296,41.365,41.41,41.476,41.806,41.645,41.671,41.641,41.82,41.786,41.905,41.93,41.957,41.923,41.945,41.908,41.907,41.871,41.741,41.706,41.666,41.452,41.558,41.331,41.198,41.026,40.794,40.499,40.284,39.982,39.761,39.443,39.242,38.779,38.214,37.776,37.233,36.734,36.082,35.439,34.673,33.73,32.781,31.898,30.96,29.796,28.741,27.649,26.467,25.347,24.104,22.965,21.712,20.516,19.253,18.053,16.783,15.473,14.19,12.873,11.653,10.418,9.231,8.072,6.881,5.843,4.928,3.987,3.197,2.454,1.926,1.49,1.128,0.801,0.574,0.407,0.286,0.191,0.122,0.076
