uid,nhits,alphaH,ARTmulART1,chi,eta,j1A0,j2A0,j3A0,j4A0,kappa,lambdaH,musTB,multiplier,phiS,pR,progmul,pT,rho,sageA15,sigma,t,theta,zeta
90692936b903c8b895075041ffa42e3b,12,6533.94838968796,0.384788959758178,0.138080605717943,0.35857801994373,0.825112500657788,0.627992682624862,0.625517102254143,0.926283774009477,0.120286229072801,59.4621966695129,0.168963373636244,0.915139212411067,0.0420438180917827,0.773768782606609,9.8067889448336,0.000246538394088052,0.0586599116094151,0.94487766011664,0.000442773266902849,0.880755026207197,0.0749850524371214,0.568940180660866
22f857a64b4e9519ec9d3ec6f146d63f,12,6516.56827439613,0.366054984869643,0.161646523864111,0.503967772867487,0.0690074731575572,0.0734115335314733,0.550871845167967,0.789109848406248,0.129450077379423,62.0877241614917,0.175903954774253,0.557334165399326,0.0460459696778911,0.749805093024849,14.1496920547432,0.000398871672766652,0.0255616846154851,0.737216179907134,0.000654363604070945,0.693556210420588,0.0721504505398001,1.04098427183479
e9de8842ef3a48750b11957443490b2e,12,6149.01560836698,0.434986899105265,0.133771605350162,0.304847216649252,0.292564274911598,0.33983692813038,0.262773889345411,0.825787968328325,0.095251811549285,59.3969569060314,0.133599127517717,1.17626359892824,0.0421697759706234,0.782747287071736,12.1960810434068,0.000324141698610054,0.0280511171862099,0.85112324220442,0.0009880395814209,0.647866103777485,0.0814131304079651,0.568443043123428
53b8d4660d541e4d1f0c883a1205bc38,12,6471.38318153074,0.333727897072779,0.149067393466044,0.32102993846016,0.709662257949654,0.284713446747302,0.244328182568071,0.829785985828973,0.0618159950275311,57.2513833011201,0.151085720821755,1.07467407842772,0.037671807471414,0.762794701984598,12.8086292576643,0.000275380604423441,0.0330470226366496,0.914107109264057,0.00108915006091519,0.806628811486364,0.0950806592552884,0.358346861995885
7ac2d6d3558201b07c008d61ff7c0b42,12,5766.65664857822,0.361931131850498,0.1567276625818,0.563338186523495,0.718054624899149,0.243977172318846,0.613472771500456,0.636564377889177,0.164300789995192,53.9490023552641,0.160036659594158,0.700217103170106,0.0432758153092515,0.623420256532671,12.036363432215,0.00027659348894952,0.0258562916644088,0.942091825648244,0.000723229699049389,0.793867494780391,0.108398076385018,0.693138424835337
fb392ba7f8b980affc54d196ff11be55,12,5181.84618766569,0.375972440387919,0.179706362690306,0.270875271685212,0.732293922495097,0.000399637648459739,0.29100297444689,0.573068820561879,0.152689002857443,61.9230757141522,0.176336610273726,1.09429432384264,0.0384400905379738,0.712812185060901,6.48111741234714,0.000352177856698659,0.0386160007491117,0.815456366592093,0.000423632457301924,0.851217816168997,0.0866377039843794,0.631446103182874
3a3edb619374d1a1f9ddfee371f20800,12,5519.41264185198,0.331091303971497,0.206446711742998,0.575985111562127,0.842106593467179,0.471955094133657,0.421224227596844,0.585556037051866,0.170639832286347,58.1105909000527,0.143808691351746,0.0154069852949182,0.0357140313797485,0.785460593567636,12.6888657352783,0.000407894317813038,0.0323547266141119,0.939159836421672,0.000596118327179832,0.698486208329746,0.0880472456652284,0.915533434382583
c9920806c2a3e763e0d982adaaa9067f,12,4806.17498256602,0.428228007050516,0.147932408321495,0.346252203979615,0.67036028058113,0.621660325874888,0.852794422438052,0.735916873282558,0.0925734437923239,59.2682925784619,0.160678039902865,1.35734109917702,0.0457741846110724,0.765513560490583,9.87551464996236,0.000337355240149562,0.0238011394153516,0.897377657717586,0.000963773333646405,0.955521925512415,0.0877876571523644,0.761921038783737
9675c90aefdb6e820c2c1b4dcbdc5ad0,12,6652.89735973435,0.389026288254212,0.200091503784646,0.453104258553798,0.242041824400089,0.135858714042864,0.822302131201105,0.630714624403958,0.145228456222224,54.3391826779815,0.145591674528053,0.954790728331917,0.0370654771092108,0.666025153703102,11.9298403511214,0.000408529834787758,0.0242334463210766,0.853474502262323,0.000604801232908349,0.842317903503672,0.0854667894388951,0.878372270474887
ee3ebc56901bc4f4e4d710553d8ad3a9,12,6045.61439269319,0.382891620784614,0.198077709933656,0.529123067819343,0.647517569212481,0.104422321728032,0.840370392580553,0.620050637677501,0.170036704442504,56.3769535940632,0.161151892087078,0.720704718317505,0.0433213687876936,0.694593531311096,13.6503496148646,0.000356911436712646,0.0259741558551874,0.837956013121799,0.000989923965186868,0.842210958146952,0.0818870675876616,0.705561569140429
cba4c5c867681eefd8b7bfedddf7a34c,12,4848.13134849027,0.349608160290442,0.172277204825047,0.379901606668233,0.602671486531626,0.391710717520891,0.675484174466936,0.64182062393063,0.139919698234672,62.5870789453433,0.157255308650719,0.76106236711378,0.041095991419086,0.665597450168423,12.5978391596954,0.000323792540344057,0.0269127447491474,0.870072624975114,0.00077091582093554,0.927256866071729,0.088080784119928,0.186126169338797
0d01a4284a7f644771e4590bdcb34d3b,12,5648.10609473651,0.367819608474341,0.173063908580195,0.491160868696461,0.701422902409458,0.406507225902172,0.648221156515372,0.556274955223472,0.156487376325323,54.192698917574,0.1580291438855,0.629918751969652,0.0386129517975208,0.671922704102602,13.4418516344253,0.000319267036902689,0.028919968474256,0.879156520890788,0.000662902355571473,0.860420952432025,0.0881886671689142,0.359865439568561
f9dc9a53a5c5c0bc6747bb80f3c6b1f4,12,5505.22541785872,0.302950619821698,0.158454306370748,0.384262391023983,0.617713678553848,0.388612506953192,0.148078871256973,0.66122948730833,0.156744956157088,62.7151926957016,0.0982959684756494,1.8585746611287,0.0344973320684603,0.702815749986271,13.581101681541,0.000338911196375235,0.017926167518346,0.937742033390845,0.000579965063998414,0.814829176478901,0.105839892718174,0.767819839871158
8390355b3904ef5adba1f9f874353b1f,12,4661.59050176643,0.406924361539791,0.153915012844039,0.416045959016955,0.903763301430982,0.729236420666182,0.861003775740272,0.433142891704694,0.0636040513397575,58.3020429653817,0.164120494400655,0.81899467628338,0.0265940338577543,0.846180344263938,14.02168739098,0.000338017650673789,0.0214998288645627,0.997076168461638,0.000562806971577196,0.803866518709408,0.0991994262219849,1.04113556553122
36f7a7147976c6a6c7c4ddb4e178ae13,12,6271.96673763398,0.323665702476072,0.149095333057221,0.264329263372585,0.55499129638309,0.623033785238622,0.363373118694796,0.52842904142835,0.11144146918889,53.8664055290298,0.121422042168131,1.59710636181342,0.0363869829488695,0.713439817999107,13.8737418631743,0.000351482369732559,0.016556232701151,0.982207323174298,0.000522858892268784,0.900687512314461,0.100751580489091,0.644522286052249
d4a5badd22c6e8e986b8e977a3eb2aa7,12,5262.08333377767,0.300974996339959,0.138105324785186,0.33740856884742,0.570802588911803,0.32684969781395,0.00100448101567518,0.795020156717852,0.118128859637367,56.5897502019958,0.127253751097291,1.79363765351281,0.0327148577678463,0.733232541158098,12.7568834944827,0.000306365421874944,0.026051234234454,0.961081662132763,0.000661917134897852,0.900407942309315,0.0918805007067364,0.747493605530869
03f55349914045048bc769d380b0179c,12,6032.09252419917,0.305102731053207,0.130166828939571,0.283253360340498,0.562757961620585,0.547659186331171,0.253108982853405,0.642659549054985,0.134279840175413,58.5211022703204,0.119355902695793,1.4594944234603,0.0399851276537085,0.710075654067594,14.3279098983682,0.000292114373806104,0.0179690512516163,0.94353860761869,0.000595932648137865,0.89891448853046,0.10035362946996,0.579523398112927
fbb6badd84517fdc4644c7f2e09f9f1e,12,6180.76288932053,0.302500551238881,0.12728558329757,0.294540002761619,0.459076112525134,0.32023647149795,0.207697979246851,0.604869961416528,0.123206709447334,59.2850306681308,0.117225406403118,0.947065996156093,0.0400402706738513,0.709519709225092,14.4321332999009,0.000312789875451466,0.0182155258639865,0.944757611171237,0.000619207824081762,0.934695987140979,0.0924058464739716,0.366195224122967
90ae400e0f31b43d3b0273a4d2a3d684,12,5831.28524017463,0.329143472663625,0.146287699190213,0.297880358599296,0.737633599430403,0.767160310650073,0.975623755378817,0.824841415437488,0.118277603623279,57.5755653268139,0.136891009272299,0.122278584091674,0.0360322584839324,0.675822454834629,11.0793332977624,0.000307629907756763,0.0244690867227648,0.838800023881098,0.000285421942755025,0.766701024851751,0.0992807677472234,0.705090840784186
b17896a5b534529b35b150db2d793b03,12,4909.14089218054,0.405067687908603,0.214720162502046,0.343572589457604,0.360662552094069,0.253226420511662,0.31123749257698,0.687381914290601,0.0885022061910748,64.2223753889355,0.149499174697364,1.01330257808223,0.0417346928497862,0.827165884445884,11.3557603153962,0.000432314615647218,0.02475647856825,0.991037091905571,0.00056651495527679,0.941036411447769,0.0876033189252689,0.774623235598145
204923bdd76a82c344ebbeaabed193bf,12,5451.37309144945,0.373969393601254,0.139737380972947,0.532711142527825,0.53615319481447,0.636956202752998,0.276292718442256,0.735384778718291,0.161901569295823,56.765005465191,0.176329763142019,0.215107637576146,0.0309927240620473,0.767096250957606,14.4175595092362,0.000317018649950945,0.0241438266602805,0.877255396103613,0.000682554157420742,0.84253015704931,0.0963688533182149,0.846287094807277
392572151533136f8b6a942a8e6c979e,12,4804.65592727585,0.309270750958886,0.140973970702432,0.436554417125151,0.464042966301267,0.5202663693671,0.48912775231639,0.917293421079789,0.16706518414666,60.5777011691289,0.168257894065268,0.528351705274186,0.0293409908819369,0.795090951451956,13.7350411141364,0.000357806688923795,0.0258150448897938,0.883801507654407,0.000767185099793716,0.794723363854809,0.0938590329437019,0.757170785618825
6d0d935871d79133b33cc928dd6e4072,12,4694.1862403025,0.361599836062965,0.133166556525027,0.417802778417385,0.542300530347534,0.67910642985093,0.447695792248835,0.665793607316426,0.16359541670027,59.7988676554068,0.153875022652806,0.245675695366495,0.0298851908354323,0.7755549374068,12.1018936124515,0.00033981598927998,0.0252325036820195,0.898036242478787,0.000688502576823524,0.825548192541867,0.0932133603351244,0.867019431270631
b883c765c403331d18ed2006a89281ee,12,5372.67578786425,0.353500539636383,0.129542491459028,0.431656247655476,0.486385990931589,0.553097189079714,0.399185804035941,0.708826859623225,0.173601339704797,65.3910429124748,0.169377019768019,0.265176893387589,0.0303188269034192,0.763940750410511,12.8092667002085,0.000333871441737805,0.021515210643832,0.860861846268531,0.000757699207883013,0.863287307318554,0.0958614450305879,0.889589122090589
347d76b927e8f4abbfc1519db5cc4415,12,6035.1646809365,0.303314585551113,0.152061007823992,0.267426422052139,0.536896737161686,0.496556636048131,0.863885687625657,0.793770312052583,0.154596253384742,55.9103757689684,0.175457841214466,0.300901108010691,0.0281397375658238,0.831410801008294,12.9345553200907,0.000347261800946344,0.0264265713057081,0.805395497057502,0.000943223927413977,0.947581003411583,0.0978832987013877,0.510688964393488
2e1321313cf3723bc07cf5e44614171a,12,5201.79905025464,0.311953177913718,0.155447321011366,0.387056748696961,0.536392388448005,0.734684091000241,0.505318286310312,0.745786685204692,0.16176370463528,57.3790358306648,0.153316292609193,0.376905815246568,0.0319583857469863,0.843036097843052,13.0781277498851,0.000380247240681566,0.0242011236265716,0.814424363976646,0.000795305720598012,0.916295674422343,0.0921227164790355,0.840752780874152
dae54c419d695a1c2542995150fada66,12,4489.93121168423,0.38483912070094,0.228828588850267,0.362541433561313,0.481815027933351,0.521637705152029,0.661492122413452,0.569860627379763,0.123628240638803,57.6273233310319,0.148782647159575,0.341158078016947,0.0436149785789367,0.6420426984707,13.8667742261499,0.000419337747513714,0.0150917763889273,0.913564351695583,0.000479574663167593,0.851180894619088,0.108780001051968,0.582489321456255
09ef8b3490f236661ba5eb48a0b96541,12,6894.3642331542,0.419962798212184,0.146786831543181,0.358591539772107,0.543646934689837,0.411670150358573,0.37724586758364,0.423648762361711,0.149987725211085,56.7364927545111,0.174576591253366,1.72948333610572,0.039738742214778,0.799319591453666,11.9760695477351,0.000451034429610613,0.018756545214033,0.937240283999576,0.000769196653571138,0.706452996860406,0.0974374083291172,0.344362956408612
899be3758f4b8306afa174c7c0660240,12,5778.5809977091,0.334208895449908,0.107404910224939,0.231033442416963,0.322111354474118,0.154140796824079,0.660720660383012,0.798130528777474,0.0876104741087341,56.4953396049424,0.153700236093424,1.22834110643404,0.0296097834855968,0.770828836830509,9.40147772026852,0.000312235957367315,0.0319523990279937,0.918538106966868,0.000761980686114712,0.754388108990642,0.0958514314883307,0.213097654318662
201ccd4d12cbf26d1cd274d0b9fb4ce7,12,6028.88141735957,0.356447349822209,0.204665188509453,0.532715092433287,0.822090434578529,0.460130714796438,0.862085784110565,0.898440516063285,0.152814353609104,63.114422844292,0.163397026965512,0.294739524275684,0.0323327365596517,0.748187591120748,12.3349135377921,0.000373040118161846,0.0238854157097931,0.994516698374681,0.00091170417097946,0.932682600525708,0.0863626511510207,0.765103639617768
3ad97ca226fd83689863d73542e8831d,12,5283.00444010915,0.389344631117672,0.185010155936345,0.298012643533309,0.281630187325537,0.730907912086296,0.150752532137704,0.83422812812725,0.131149466777301,61.0622090216379,0.174398981273319,1.42860876655227,0.0282485421167423,0.678695982774611,8.61958948827687,0.000432110898116821,0.0208485769058352,0.833080462699581,0.000301175997621393,0.648245429212048,0.106774650888618,0.506407171561637
6c2d4483e01c75a096d43ae26cc7f6ef,12,4185.40545244756,0.28394100297815,0.138988632606474,0.372473579060727,0.877380318617015,0.210158592166244,0.106147120360192,0.419223556520692,0.168104972678233,60.0558120289388,0.142740340848019,1.56449163449449,0.0412612085214543,0.678478761355906,11.4764403477187,0.000349824701467909,0.021028036224415,0.923790183247319,0.000906172433844112,0.871086663183333,0.0794896129710224,0.881473895313608
517299ca8f5b547282b64078fa3117fc,12,6075.18100349293,0.340023690467916,0.128909069688891,0.275154432313739,0.275900679266588,0.395752432987074,0.436120794620649,0.921785820598313,0.0861958277048117,62.2715082685124,0.164819367409879,1.52050304849131,0.0330920410116119,0.748027935160309,9.69096597945653,0.000313409720095162,0.0308868662177385,0.887278059441701,0.000757796943081071,0.728142847536357,0.0975169466591581,0.445565433176624
493c704d705d6fbcfdedb47434be6cb6,12,5145.21258014264,0.355403853318634,0.218103737482654,0.451027885795749,0.251733908078394,0.896991484830907,0.419818987382101,0.670309242933804,0.169209014090274,56.5463559926543,0.141919182336976,1.34558389112434,0.0430764742801056,0.629431815202488,11.7402572635827,0.000368608115405922,0.0233158109426538,0.934262369681811,0.000817814853653869,0.846966715007241,0.100130980499371,0.951359004410408
517515839851324a0c9a2afde0608a35,12,4940.97035075534,0.335530727235826,0.165706663325604,0.378324808210525,0.671173554084112,0.899055493898572,0.67613648333616,0.70014508855465,0.156700782445493,55.0443043365823,0.171880939580352,1.81058785685744,0.0295516900142667,0.670066667913897,11.3309121117584,0.000330413556900007,0.0221160047956346,0.99436942649276,0.000308758128784819,0.95666702486182,0.0967019842471174,0.373093440343451
dba8f6ae81643d4e3e4e2aa3feab462c,12,5644.68539425405,0.408934284452996,0.212432702529286,0.457605210225074,0.766029888412008,0.512028748704282,0.428206061301894,0.802259067789559,0.0955634063208346,61.5757741794829,0.170107010310738,1.21917264816652,0.038304016396827,0.715280604690024,12.8390564943637,0.000502990850676554,0.0167377196057731,0.953953437897269,0.000411091876278126,0.836467061896793,0.0766485202654753,0.706861156325862
1b8db5c4a4c11f0cbf21051b7624b49b,12,4488.77065163044,0.392074848403528,0.189229397894649,0.360362243343561,0.573890723299408,0.404327177811248,0.840408958723582,0.451025535157837,0.150690335553504,58.7994214262291,0.139256879002061,1.70721296671605,0.0452939291185687,0.717892642208502,13.2314311614028,0.000474546699095758,0.018880786542944,0.955947847723377,0.00054188708236756,0.762267464948717,0.0754012921291874,0.340637402717344
9c3dd6863df34aa30e9e74476e76d624,12,5053.11445200193,0.31513602639694,0.144518413078115,0.378946147197412,0.696068147321218,0.886988310947106,0.537065854015864,0.683671061670313,0.170826312729078,58.4296545919639,0.166784998811957,1.73756848307585,0.0336026465640863,0.677895077145427,12.1019442304425,0.000376899341087035,0.0186478621102004,0.964155220450133,0.000232297456095684,0.915809313135308,0.0848668875586967,0.398173555145272
fcb808d1b8fb9e400e4ace1fbb632706,12,4379.35461693974,0.35450205294628,0.16442159615498,0.355290077731651,0.631759569060308,0.243757725136371,0.786164331947786,0.543002991222601,0.137647170276693,57.372191961405,0.134048748827674,0.253176051149746,0.0309797918924433,0.645741015413741,13.9460591724159,0.000366610983423711,0.013430068133342,0.891982863383273,0.000502400393379075,0.863804919665748,0.105383800925575,0.599468238703059
11f8e674c50d3be184bffa68835e54dc,12,5908.12584155071,0.391819474023158,0.174302696172939,0.331428850684744,0.658635887638389,0.913469396341043,0.78294099781288,0.724894058577859,0.0657081246897289,55.7896799584416,0.149433865764868,1.37969743464145,0.0412486027942103,0.801309071622224,13.1212557173826,0.000395152981319622,0.017200365235265,0.965444348805943,0.000734036037205245,0.785796245890473,0.109929026267049,0.511290991553536
5a7af3c652f46d642698be5ed56ee830,12,5082.52946183026,0.331239320144927,0.143449910187008,0.361192102733146,0.772584829326764,0.973057541721778,0.715021202850726,0.713533533554242,0.159645740319909,59.8012497831219,0.169943579716463,1.71455590151018,0.0282348995020873,0.655956313615507,11.6072918364665,0.000347206386774287,0.0200052383413341,0.974871374519107,0.00033982649275208,0.938634017203707,0.0856970823486967,0.508518222955639
ddb21b392697601135cd22e9d2d7efc2,12,5520.08278385954,0.390139668665386,0.220870127533462,0.506543454121566,0.854335124396885,0.499883932400736,0.670614759513907,0.894478200332359,0.118623688322767,60.6259194080918,0.157265498801719,0.169524943063814,0.0336273807004971,0.64604234763408,14.1483738330564,0.000376577320488562,0.0149703943511894,0.954349877178483,0.000768963568217173,0.760902920550089,0.107011202528172,1.07392774275572
df5f03b24398d0481f15b08f05b00c65,12,6016.86086090468,0.301553646257622,0.172362562725191,0.293527061146665,0.424061091078725,0.337232207908092,0.8265659636798,0.747252740835418,0.0822089818106533,59.6124229123464,0.156674193862582,1.40066287524737,0.0311058098989371,0.753106787219607,11.8647633107459,0.000391026578283199,0.0213802043207076,0.898711903670857,0.000801750624011727,0.762794904844713,0.103784643926266,0.801513975495484
6b4917f774cd8866e36a58c8524de0ee,12,4456.59285630831,0.40771842862117,0.174022279707286,0.280901256754825,0.277446511773215,0.178389036706188,0.0186984642409986,0.74823445683639,0.119378883449029,57.8239551785142,0.118958504489951,1.57414211362632,0.0408693289845356,0.844447083122097,13.0993928928998,0.000419237734099248,0.0214987939049896,0.855961120398545,0.000611541664475758,0.699189831288162,0.0996488749391072,0.849101376316062
f3bba1fd602cc286253fb01dd0dd4c9f,12,5610.45273194482,0.289026816627203,0.176106961518114,0.334843701661092,0.551993163518313,0.470026299689043,0.787287373371552,0.82312774046224,0.145388146978005,61.4737858046853,0.145809250886471,1.69378700513824,0.0352337148522181,0.794653995253214,13.939998326713,0.000342685436363738,0.0247517215469904,0.992109278374179,0.000604097446898106,0.781065184701495,0.0990204384352917,0.902010282665988
7929bf92fecff7ce2c8aa14c51489711,12,6261.27982904631,0.339339803159057,0.186785744578273,0.348376850653328,0.690033724052319,0.516946830114625,0.760024628489255,0.70008448940464,0.0760547071840229,59.9955822548599,0.146264696618241,0.649650370130634,0.0296039536280689,0.702439598576233,11.2040401239577,0.000379649153613776,0.020404364960543,0.963214156951592,0.000595136190661545,0.78726540099391,0.104479960387259,0.739792195643311
8a83b0873f0238e6d0227d530946f3d9,12,4631.26446931517,0.397739996139182,0.183592764529218,0.33737753613921,0.289401528168118,0.202456854946048,0.0907289938156365,0.702703538221276,0.14017499596096,59.4991753650546,0.13535884158779,1.54404204759592,0.0407475231840008,0.842973345351286,12.1875903090456,0.000460656492865372,0.0229806034741705,0.849172648725402,0.000594940530328861,0.62601735532225,0.0928606153168173,0.960700389110094
64d6ea00880114b3dae009f52e433e75,12,6062.359860603,0.415350621972971,0.219965167389339,0.556197908399864,0.790984949665353,0.359829991241031,0.811052296510986,0.910568825664385,0.157899994213364,55.9855171156441,0.169075184984084,0.552047550716546,0.0308126694986126,0.702447030294087,13.209042414112,0.0003608210757994,0.0207663699125291,0.898134279710672,0.000927282796410153,0.746749897454371,0.104284008918315,0.992429170361152
f80be5d3aff64058d539ede6b9918b93,12,5246.05657203164,0.391616315535126,0.182425216129132,0.363049956441448,0.240192728727574,0.390915952450331,0.0902483994631577,0.72701806673659,0.143125627406721,64.2701470808523,0.14666814968053,1.05349342109134,0.0405795998234813,0.811320234877325,12.1534039612854,0.00045533332772443,0.0214200775027087,0.903088703946206,0.000452594046065377,0.632295150014331,0.096658537744169,0.865472396725135
d1db1bf7438a47cf173ead004bc8e818,12,4707.03824193225,0.371727241931338,0.117788942183104,0.49472717191524,0.421876343936286,0.433513663005244,0.578592071536195,0.658080172148258,0.145312477162129,57.8944385974679,0.171322206219568,0.573064467955623,0.0375706542764052,0.789776255580666,14.3400751156764,0.000347472071373271,0.0177082523327954,0.879031985447519,0.00100050721749121,0.858630186776773,0.0910344999543405,0.656072011403447
86800c99538a8e38b1d01fe3129671ad,12,4259.40075563388,0.299190468300418,0.176306813527935,0.321938084433836,0.34274534078281,0.579271863273751,0.0387875847456298,0.527604346397805,0.152199998854802,63.4719613607889,0.138276701559188,1.34648803202522,0.0323917116965074,0.781084472192873,10.9099752739541,0.000388347930967837,0.0269093407447964,0.91847225652043,0.00101531365681998,0.9052921060264,0.0812306486271471,0.817139128466575
79d52fb43b3ff1225e51fbbd717f2959,12,4928.35391224969,0.439650412507766,0.177965899572519,0.586566961895394,0.868040882619792,0.6770271227393,0.171392275636319,0.733259032357729,0.118961182274928,64.0279163535084,0.163743821227311,0.480839508256316,0.0397384737284606,0.624488266990968,13.4253680830858,0.000426447694817532,0.0195304279791576,0.990357932893299,0.000584252125796838,0.657354153665735,0.0719435819052052,0.392217936950276
17a4ec8166b93ed9f4b0c8d5665675ac,12,4526.62882796068,0.334103079657848,0.186899327044409,0.346375890258195,0.36899434445686,0.474905787640289,0.165032825034389,0.620678142524707,0.115631099038314,59.659341167842,0.14092552705936,1.44022007516291,0.0350969722171399,0.750289195258946,9.69507273726424,0.000383539130005561,0.0289657087889066,0.951357873180319,0.000921307371377305,0.900809369869041,0.085472152728928,0.769515326756531
9c2d685cf127766418e7a69a87e19215,12,4954.95925881733,0.309528515074483,0.12988896035419,0.215619436583806,0.261425973931088,0.694259912922896,0.0929644793017167,0.870126407238434,0.155698408102616,59.8547980322811,0.164140748369121,0.984102090564659,0.0315757173903897,0.798553558629491,11.4387344750411,0.000309134911031695,0.0266928639657147,0.687959433034078,0.000332927205095861,0.824979374995653,0.101091007416668,0.536861534490555
47d3a16469e47773da8b07ebc6b2028a,12,4313.2813838693,0.355744307997355,0.138355080404797,0.250891524275088,0.570199689811779,0.140316569736407,0.845648703173777,0.615411018522419,0.0496079917961274,61.2422968189108,0.173040407753381,1.26626884390945,0.0454018231716408,0.734314822021189,8.42413868220546,0.000384025426079278,0.0233101318596445,0.802309462245855,0.000259443400625436,0.757803848701329,0.093225040621746,0.315695044777559
f7b11e5ba93dffd0d8c13e4ec558d235,12,4920.66312472884,0.364473394740813,0.120594114193661,0.430693400863028,0.1370283793025,0.356100286453633,0.573741601282237,0.64102193654227,0.148927288916707,62.7865359412209,0.165879051379748,1.01133728396609,0.0443125510759598,0.809264199802075,12.5536893988559,0.000376355082773181,0.0157848802592459,0.753799733219895,0.00106338256753978,0.817068841011419,0.0955517984835782,0.455257284169055
0c76ce4298917541ce9820ace24c555c,12,6969.78951560365,0.387774135886479,0.122211574640835,0.347322572770358,0.531521301810955,0.446550002932029,0.81648177759838,0.750426564317347,0.140085749901734,58.6065237828592,0.125578221330292,1.59587910806531,0.0410324835408355,0.703566558261018,10.1596893954697,0.000287158898752598,0.0316147696932553,0.929293955408586,0.000845308189303159,0.728301720249759,0.0760438877341639,0.559017061085261
8384d85b3b0e5ab0b5b980375517a259,12,6771.97990889116,0.428193636173214,0.181919377555463,0.574044273856575,0.0581588507717237,0.995951138596438,0.0735590214165303,0.545888546015352,0.174656878914089,57.0580036108254,0.137590217047765,0.761635898168389,0.0349806819376712,0.79186550434741,12.5073466708756,0.000496372087841462,0.0196888767066689,0.934208582287125,0.000878813337073733,0.765829549437222,0.0832102008258792,0.695270749572671
79558a9ca2504d6618d5edf0f5246835,12,4529.8617597328,0.379698553162711,0.131949617698383,0.41397825439042,0.429459593638879,0.282457947454302,0.554658863492181,0.746473799166543,0.138519270819982,60.0225091771984,0.148902142881686,0.700266606146284,0.0432802428749985,0.824965608884981,11.607193706098,0.000345008156497557,0.021775430843149,0.890725745888179,0.00103259047261294,0.803539572952257,0.0999296564524254,0.443509353276959
c0a0b4a823eedf6cfbf239fdf8d2e7cd,12,4825.5475381819,0.372464749899245,0.110194836561216,0.314834475111768,0.195244937871345,0.370544741363126,0.614141261426355,0.742745262923554,0.165505094586988,59.5077739270218,0.170674092803184,1.21043863202493,0.0429903591374303,0.849266253504716,12.2261995044996,0.000336451441892158,0.0166192524641802,0.745497519922572,0.00107781930304717,0.886213755181574,0.10092054615139,0.465208233219338
138ac91c668947464ccf9af4d7e4d9f5,12,4789.90931403905,0.40399905093887,0.164731634430552,0.283496372704286,0.296164117940185,0.0164922997996678,0.983487647381344,0.955498707879982,0.172246326446979,63.0758205850846,0.102620383707328,1.30213262460424,0.0293221664777116,0.758852052392745,11.292090833374,0.000325537038185207,0.0235368581013723,0.910954537068648,0.000216163441091128,0.861035951834928,0.102078978187281,0.668987171294769
b8cf2ce8c9a7631bfe16a319e214e9b1,12,4814.64866403973,0.356003734178081,0.217225882427669,0.480560434078445,0.751351582689119,0.358240433748062,0.713913821193801,0.48009030953277,0.143003226846073,63.8134625565694,0.156278424711359,1.29910652793877,0.0404509769080428,0.803339331168567,10.33543398995,0.000477132136104684,0.0227181542925748,0.95149090770799,0.000249054313941443,0.661304558323185,0.105772806463103,0.632762447703299
743f9a5e356c4b30995976ccd76c9cbb,12,5154.72133741819,0.43324221640228,0.129065035959856,0.352473195764523,0.126062781971148,0.744106575441318,0.831928426643166,0.537314500383633,0.128367098385462,57.4949302297029,0.166016854038371,1.59003074363214,0.0366809966669104,0.738865620294283,12.2430304966011,0.000394635225704924,0.017806560102822,0.768551623392223,0.000561895972049776,0.62670586540679,0.0841870930647611,0.589567907015141
6607d46780642ce2efab9d0a06206121,12,4400.8041718159,0.410095866461091,0.198588880942043,0.36188503202351,0.360576383745418,0.121876435319512,0.25499899444827,0.53758119829203,0.132134813568084,60.9023105482268,0.157891256443733,1.07888269543871,0.0305602881813096,0.742389231344349,8.42476548793996,0.000495708681806733,0.0196691752223962,0.905414823152066,0.000591843196644146,0.832353610728506,0.097069843080397,1.02705274946157
ad062a657be55b1eae9022a0b781e543,12,5103.4080382301,0.439705604230209,0.161275255443923,0.303720910563058,0.640463559329125,0.243705059801026,0.504205378174689,0.694775494497534,0.090971764301411,64.2857745545424,0.146472214872709,0.385750561519835,0.0350027324187642,0.632184973773006,8.23127686973018,0.00038902846188322,0.0155629684375946,0.962309652247445,0.000190022561204517,0.779920367008377,0.107871673026398,0.478611945824632
8c702f57874aef530aee07f4b24f8b6f,12,6423.71688992307,0.383300679677096,0.164332808719355,0.277836043266538,0.675703089454824,0.575432231172377,0.989082873731723,0.84409014605821,0.135031993130173,59.7128965987878,0.171599185890373,0.984829471179201,0.0340686873274541,0.691990042526389,9.46805536882179,0.000332677010430262,0.0261299451307241,0.865914631536957,0.00046441451273868,0.866336596321122,0.0904110522420538,0.420992289411548
1360ecff674eed56e11c4d0b36d708d7,12,6371.74649076298,0.386864373805143,0.140814929911564,0.284113097949327,0.843765465201527,0.421374963640267,0.681592423925647,0.77580378353694,0.14415224343352,61.6916694949799,0.171210277965099,0.600550125005636,0.0318211374489497,0.672982992146318,9.67114715381647,0.000311521491972682,0.0217977200991359,0.706116773166783,0.000648417554084554,0.900256799076623,0.0891999347872108,0.311522152396447
a626f1bbf541c2d2eaf1d14d7947a1c1,12,5234.74211596966,0.419511389317145,0.18736532322091,0.268662137414359,0.556997860635836,0.238548296157153,0.634147234436033,0.79679425812853,0.0788734578029465,55.3529849887854,0.148598035018659,0.56903816508659,0.0359889480061561,0.646989394549623,8.53878568103398,0.000409117696818532,0.0187653535443161,0.982855427701097,0.000197423076848015,0.815970531410484,0.103896889257604,0.751400156176516
4d92ff403d6f076daac2af529f5b39cb,12,6201.14369731743,0.375646425537327,0.137981186352969,0.224656637585682,0.676937952725598,0.46935165471347,0.373198023660459,0.682623644076788,0.154817659103724,60.490380881406,0.151849008029113,0.749662514813207,0.0341220990519605,0.690685906315344,8.74065038404937,0.000314552316242563,0.022613965418343,0.737454576160854,0.000399724362445165,0.918430597804837,0.0896485516380883,0.472205710582282
2b00656a897cdb831887aae66b9adac1,12,4199.2798606969,0.350955587994508,0.176246075621695,0.483514586727017,0.666673461192358,0.278995294022617,0.748046529045832,0.935046518209202,0.173505539706632,64.5465199498776,0.162414808561862,1.13958476482147,0.0338327362683092,0.724098392590658,11.4221110683423,0.000430666646766343,0.0168149953293422,0.869034689649934,0.000802747840205817,0.824859308593247,0.0898235371477171,0.753894847607388
35ec1b7b45f90e45ceade3f8cc6f9523,12,4847.31335863086,0.373318856147408,0.131884395233129,0.220617464948371,0.575586924274133,0.782152274150585,0.75592774703756,0.829437765331026,0.0947776380631422,58.0666996909378,0.164411721784421,0.408041430045503,0.0387962282465047,0.80293356843905,11.1582749954923,0.000297405984777802,0.0295878894167366,0.734707984228193,0.000489217724743585,0.79903745097971,0.108216861645934,0.361865928711365
338c20e6c7990d16aff334da78a9c928,12,4876.49379751458,0.352538846111358,0.128423982347071,0.286709997266686,0.426662656281482,0.847769526069362,0.709879124132059,0.532502524674932,0.175052903194996,59.0730139025741,0.133018993257456,1.83491464311109,0.0356683224052346,0.724168165435076,10.4783320109523,0.00033912389746363,0.0185019361940008,0.895040277543111,0.000338740737311568,0.795372861439326,0.1050521741679,0.315918319551879
e98c7909fd7a93a5bed8afd322e9f348,12,5914.75967937507,0.368640970399176,0.200236438125815,0.521865288310479,0.626309159096197,0.325519304686563,0.821917995561598,0.685896450105901,0.136380104634742,62.3601294418164,0.167152346738067,1.08860807251462,0.0445392096502524,0.830354571693089,13.0967835784698,0.000390223848174323,0.0255120445410418,0.945953601207992,0.00075059298755763,0.927465249008777,0.0788574990384985,0.78848876474815
083f04e85791447ced9e4cac67a32204,12,5897.22692983444,0.403623124130538,0.196168162048472,0.309254914559181,0.857274302343456,0.306200692018991,0.43556870525648,0.568258381731748,0.168066858621342,62.4288832276213,0.132317090814748,0.18680474092623,0.0299993514919758,0.74958576352492,9.90648941537036,0.000399309975791695,0.0230052802332449,0.915540700868667,0.000681362409108058,0.66905582911897,0.0883868112965595,0.92565542720403
a13ea53823bca1d7809dc53a93a75589,12,5402.90315963363,0.383253718701571,0.215433013725721,0.347821691297352,0.20559543773106,0.834139955569782,0.452186955239296,0.624130133086617,0.159761746032963,61.2171571021905,0.152942718469663,0.564811365769776,0.03047171593042,0.676557797236261,10.5050647239569,0.000430140464134825,0.0287851954053376,0.894855726944405,0.000161865421100514,0.84537183638922,0.0770145557816147,0.887154906116536
18bf8e7762c113d812c4fc802cad381d,12,4672.7600728682,0.375990218156792,0.135742753008791,0.430957522462549,0.910605417921291,0.688756343430622,0.844511543163454,0.510780386168402,0.10421245254546,60.5520833748354,0.147502900190908,0.960354459588194,0.0381399433330762,0.648789514264939,13.0600960783646,0.000342420499592667,0.0208745759326679,0.963052091465054,0.000839719269229549,0.785237024595237,0.0724166072394973,0.440144474461866
249b2766bf5ba8703bdf5f379ca26b4d,12,5571.02415331343,0.346777395322203,0.125759026398113,0.214868524079396,0.74619504087055,0.54376415181121,0.579649239533814,0.811683309612798,0.0781045579373634,57.2953657701688,0.14665046371202,0.0422457033959408,0.0337917242735667,0.779699157506032,12.7766769388692,0.000316981255010821,0.033833155196292,0.784481358231139,0.000331854873119485,0.729866720041739,0.0844339973607433,0.398127960937644
0e8e44126f68ac540cdac8fc74558eda,12,5582.04781917335,0.376823735314265,0.114009693012944,0.216435964889113,0.781685341273598,0.381025941715339,0.482229247901941,0.866675711827077,0.0700067844833552,62.3720707416823,0.152456995069874,0.28292500305172,0.03025635889851,0.785664661271448,10.6808921281465,0.000311594325273848,0.0360768851853578,0.807583562792121,0.000334394798992144,0.721716473873285,0.0793740516418986,0.490941803874107
63c1ac8b92ea74ce391b2804c73d822d,12,5897.37813458476,0.386167484098973,0.22134985992482,0.530677947997969,0.380362169917425,0.665587857504061,0.639558919981119,0.738065906741127,0.166768455645056,56.0302766091589,0.157418994636881,1.21822835997342,0.0391738005162338,0.711840139189101,11.1248222891586,0.000515924713298115,0.0194161951764792,0.997658588580091,0.000291896391734169,0.73607634845488,0.0996309478970852,1.02327349949433
c0f6b581ec33995da7a589452bc65f8c,12,4295.13905552653,0.385183140870503,0.127923505259075,0.287477709646473,0.910657515667849,0.83460966958981,0.588512700677609,0.815079477232478,0.0302498129494215,58.300231656353,0.144651747124603,1.10430539444774,0.036994242991594,0.822973475814598,14.1380579161126,0.000263136178770052,0.0330620883301014,0.891915487532881,0.000353135539575446,0.774729807734619,0.0891550850248348,0.529205582280826
90d57f858f2a21937b1b41ce221821fd,12,4628.63005472791,0.405497788826536,0.128428435905649,0.254140885114343,0.710494077321804,0.161046028078948,0.00786278061704571,0.913861609266029,0.0863068721290315,64.1131673250584,0.142354739483647,1.13865118842682,0.0440988371998289,0.711525643026146,9.56561928117657,0.000355766256352019,0.0206359990504075,0.78429218098451,0.000936264556662143,0.644576135152028,0.0897392034040525,0.337768641684204
7d4309d0b1d4372bede282d5f4733795,12,5450.79387256067,0.391436076201149,0.222480762407068,0.535123468340201,0.396898859384473,0.389810601436327,0.289345224992732,0.724587606129419,0.14983496715908,62.5106207859831,0.164558651673067,0.836912288910474,0.0385607045957356,0.649549016343609,14.4179613240991,0.0003920067701325,0.0200726625853799,0.862322261321941,0.000543011342908653,0.93881370654943,0.0791206416482265,0.679636017752894
05f8543f53e2e714941c60ce57d452ac,12,6440.29660145328,0.383984039060511,0.137501059387506,0.365085321475883,0.161875615521063,0.0643570533476659,0.0929322628684189,0.998607625018568,0.109386758437642,56.8583679310053,0.148001131884913,0.598485614933538,0.0296546936097216,0.722586245619253,11.6266698298146,0.000325972531211078,0.0315808316754793,0.992277141366767,0.000963079769929859,0.791174663628847,0.0871558760749639,0.309823281298406
ee02d81e5362a455ca1d7c6ac25428d3,12,4654.71308878026,0.382615707312583,0.187293214691047,0.519233614599247,0.496394845974947,0.282065357773015,0.509396856123684,0.702600146627093,0.163803301277785,64.9039011628164,0.176414348773685,1.1947935461718,0.0417921552089378,0.760324236008649,9.78552785072791,0.000409937576374749,0.0302750692901085,0.927299207965285,0.0010530802672275,0.733142574565548,0.0768016342276674,1.24953268374348
08753c74dedbc4ec092dde7828beffac,12,5161.22132457079,0.377599901295264,0.166833013152437,0.719628357694736,0.32284490624879,0.443207398549562,0.381827694551544,0.914839862921376,0.172401496182356,62.6967546330806,0.120558384230398,0.317672292424099,0.0405957754628754,0.753058129471663,13.5770412943513,0.000359318382375491,0.0240104799288775,0.958508085126098,0.000824888059161114,0.729227947288538,0.0941857378795084,0.842253701149257
a2a86b3d46b791fecc5d7969190b02c1,12,5010.952743776,0.333628306674466,0.12203886401793,0.310328151671108,0.164843170259683,0.208363228136334,0.606746368107677,0.431141601600898,0.101041246380759,65.7998920388848,0.171927446675211,1.09544955659733,0.0426029967915795,0.630425507951572,12.754466496897,0.000381282402144736,0.00970923948520947,0.887872696800184,0.000928378640925407,0.775859259734382,0.085567712837191,0.599162830918809
30ed359b76f6323228b0447c204d01eb,12,5368.05753718794,0.397822247267588,0.222171368917251,0.44379560637622,0.439182766678376,0.811550143290162,0.559463761857486,0.390633548261118,0.116368278789189,60.9457371068139,0.164071157701142,1.45428644801295,0.0386818034676379,0.676635843223952,11.3655789816541,0.000497180471492574,0.0132767193477726,0.938355029621478,0.000864556786783586,0.849556840344466,0.100426960472299,0.438785965560388
a2b699fa9eafdaad6022f85ccd16bfcd,12,5058.20039379617,0.304536523396462,0.112079429144131,0.384003566123728,0.243631102264187,0.249078594372935,0.615191633563758,0.292522243103726,0.113012086883598,66.1166780806382,0.172878934334658,1.42294410485015,0.0406137426985242,0.605826342544225,13.5078589897449,0.000373967614080358,0.0115859206767743,0.930147101645428,0.000728057326151112,0.717122032574557,0.0801394347263037,0.707641936091605
a2bcdc285c420d00f4b05d4d18a9221e,12,6621.33264920898,0.325978453815017,0.129342142221277,0.241547651690921,0.300338612668295,0.02115339017439,0.76718992914702,0.893259106723607,0.101175501542319,58.8316205806449,0.12314074949953,0.724516413915987,0.0297341431387006,0.715931349702577,13.8685838884642,0.000334078797244155,0.0163648679229558,0.812424939189934,0.000621498563708622,0.776171113763644,0.107187253632992,0.52673757615671
ea4483309fe2afb0a79f827ab36e8269,12,4522.38571329505,0.314530185436335,0.172112998072868,0.262858649069768,0.699048618285354,0.658187927269655,0.732330571854833,0.842944871778915,0.0680183950744706,63.2722642224798,0.157498304457999,1.52862568161142,0.0294628515024315,0.666657948728103,11.902684209692,0.000270229763292901,0.0332590129694063,0.989019397225604,0.000650768541179836,0.922636347067814,0.0935575085022793,0.693686912017422
dc2e730105c0584deb089ea206fc1469,12,5992.02186293012,0.340075259977315,0.130328870046843,0.234368460213722,0.209132734875778,0.234350831738797,0.730679149056656,0.705841749251113,0.118287777139579,63.3724444710073,0.124903311457571,0.166183071527093,0.0326243714006677,0.614397079222937,12.64726799135,0.000284324127575865,0.015649011189039,0.77170036053357,0.000473911674105468,0.868981862903542,0.105680099642901,0.623855160614466
b726a4ae6c2a2821c1bd5d06b3c3fef3,12,5134.30602720596,0.381943852191046,0.199010583675374,0.325331809618664,0.33982206491569,0.842724966592048,0.630382823557332,0.540040109459637,0.17271697740374,55.6614133548715,0.138373928781993,0.946471730949739,0.0436610008580797,0.710149407878316,10.5394296671115,0.000424156327465053,0.023934015238756,0.786242964776752,0.000353054477813663,0.826631784729276,0.0964584271909637,0.426189337294115
bfa4e5b81c85c2655c408fc7a8134b17,12,4429.43199026322,0.388927666807948,0.242996555484977,0.492733521288911,0.266693369111076,0.846735301074006,0.387701236527806,0.658398388249114,0.159246986207255,65.3340832642418,0.144205770873912,0.429589128140612,0.0374996079440323,0.831794486897362,11.5121527321139,0.0004833226446174,0.025652648969896,0.964968198799325,0.000543394238783715,0.659277325069834,0.100041716837686,1.26840523523075
cfdfa748e080726b261481c9627a1a1d,12,6258.09353269135,0.365923512438282,0.140990812764794,0.447637603301828,0.139625551235779,0.87173518407645,0.601771804043091,0.629171385658644,0.142921258596282,58.7128846361853,0.142015051686325,0.58348521976821,0.0370132386561938,0.645886854285139,13.9381609209546,0.000398332440879779,0.0110180880443487,0.998256884744319,0.000379582759651707,0.705557390817556,0.107643095380878,1.04759087722189
081687d4d69e228becc4f191421fe33a,12,6178.21277600015,0.372979487837391,0.14935499437959,0.527795201902007,0.251879217754754,0.956228912765517,0.316702707628056,0.616771527945033,0.15308171214716,63.1098754013424,0.164040152441176,0.781030387947529,0.0384860327543792,0.65934682504401,12.8288658162953,0.000427711556069696,0.011863004381628,0.967973023712303,0.000479375980051581,0.679451607208734,0.103425126939765,1.06896855208726
cf2ee41d56f8a39aaf031a52aa76233b,12,5287.97331038239,0.364101031116087,0.1480983138417,0.324764364931225,0.564563019453442,0.941910577713926,0.60685909912082,0.707396095767674,0.134666718261387,57.6662880555302,0.118577121859436,1.65641395681631,0.0273830551682629,0.773888734209422,12.936471772309,0.000281427629536981,0.0354049828851003,0.928007048636991,0.000377164771706869,0.775019944672427,0.0968292259359142,0.481080958814975
c07e8cab6897a5130284104bca8b6536,12,5310.59259844785,0.381920140457142,0.125240803949901,0.522028748267268,0.226936617629722,0.579915109901779,0.689387976401842,0.662250400562474,0.143471959316195,63.9580243127903,0.131716697853009,1.43444239918698,0.0421881768150449,0.660398952322265,12.7459322420161,0.0003103519137276,0.0169598410441749,0.974320013187818,0.0006969580258061,0.660109685825077,0.110407812154503,0.818605052128593
6aab0340bf5721c5044767909d2bccbb,12,4153.66265377961,0.431726024790849,0.166854638594997,0.502229026684327,0.512385487656816,0.406039684043578,0.255644818061792,0.772034883835018,0.131726980584285,58.2815429536687,0.174272662762076,1.53139347205391,0.0342983889099394,0.629279099191834,12.121638074839,0.000305116664748919,0.0287144167550453,0.953264390878474,0.00067881676078133,0.914252300142749,0.0895692286529073,0.208777918871641
eca6ebb16164eadb99275e2798f68d5f,12,4218.26755471672,0.380957723841232,0.177466494219666,0.605598449641114,0.561173826962223,0.148733749751872,0.632532341310451,0.699969579711665,0.143871884624423,64.8329760892298,0.169859364285896,1.87271636869397,0.0344770906315734,0.628745046759386,12.30330400686,0.000300188468288186,0.0277391741066359,0.953170999011376,0.000950291615471444,0.897035014909956,0.0848219812986882,0.253308881020102
d35442a9401971b9f1bb77089ffebe3a,12,4636.59491443008,0.3260223373497,0.103340485538647,0.212616041336686,0.737165912060717,0.529462046712714,0.486339256518389,0.934344002009594,0.0781512589358152,61.7588120228437,0.129702780496388,0.0432017972780885,0.0305730485247696,0.715443639620687,13.9537288667662,0.000285497188774385,0.018806824990804,0.713894257033502,0.000773859977300927,0.868632553915139,0.07688877086351,0.439237609591509
aad1abad81145e875fe04a93e5eaba27,12,4186.37079615834,0.425129629402178,0.187157509940256,0.576080970310087,0.561807050348881,0.462114589634348,0.430094293541326,0.735799494984667,0.14709161800062,56.2412603110568,0.173688891659406,1.69088249904047,0.0315124002513995,0.617171099751075,12.6230447400047,0.000330582408319467,0.0241497798588756,0.888216940155516,0.000832359725840585,0.88489406150603,0.0939286948688241,0.392492113004643
24fdd06b8dda1f03d3ab170d6bde6095,12,4243.63500088609,0.425942161365455,0.156190804787677,0.445084845501546,0.669167082003853,0.388056221497056,0.102496785208775,0.744568537714667,0.110042259846858,59.2662257886714,0.154198623739474,1.36887878211661,0.0341536760317974,0.665266559226712,12.9876993724598,0.000299120860197307,0.0289465831393792,0.867844029731693,0.000439498712251685,0.942500346067155,0.0824630120478249,0.338433633164332
1392c3f19c7cf562df51fba5735f1bfa,12,6595.61969728158,0.344908894475696,0.143490793762143,0.278808868398315,0.812158185593432,0.175326019658791,0.152107341933044,0.567422164053682,0.168515259496951,59.1635710526918,0.162299635436906,1.38721067513769,0.0419287173963486,0.79030838180323,10.1098073321941,0.000350959520703439,0.0241457440226645,0.744109517002233,0.000739344920887412,0.954941257634084,0.093764161035137,0.220404678084016
dff1d7204fdc0dd992bdd8bd82db46fc,12,6169.68365301665,0.314531230773135,0.166446551220469,0.301737889676855,0.461965860506899,0.643518667061909,0.121420306293909,0.75300821190689,0.103123022802287,57.6453434580109,0.146622718488093,1.50868571028728,0.0297114243560433,0.725771648562613,10.6571206346156,0.000351608285369297,0.0370330649500565,0.972432709296203,0.0010215371394077,0.654744606170884,0.0759954963481168,0.527170232740639
0d056e76d8697bc5cd557738177488d0,12,6532.32308981039,0.339710606777185,0.156497344572835,0.265460885663603,0.26345713729123,0.688680841026588,0.113531413844964,0.611750136261889,0.146996010164707,57.673860678799,0.173312986054138,1.55440814879685,0.0264035634112046,0.708878999220731,9.65045282937329,0.000399478183365605,0.0322166149579293,0.968604288320169,0.00109209810705517,0.668530954684416,0.0736386360563808,0.425304968472275
04e916fdf4e46247d1978751eb774cdf,12,4936.28566503029,0.401145565673929,0.118369449460698,0.419315148364587,0.0512341411717431,0.230663380162719,0.92786994983889,0.377074351187329,0.134720969571256,61.3419362584384,0.177246320805802,0.226968765912337,0.0287535272583233,0.771311351539225,9.39963281546838,0.000340016511868814,0.0239659664416193,0.893815069906634,0.000417477332434871,0.866370432577306,0.096588214759601,0.536827794606825
4a0d4ab746ea23bc2a2d7a945f05ea13,12,4192.12312784025,0.39706722704656,0.171765029847281,0.691777622699983,0.688384421186214,0.259394483961623,0.519841193836904,0.664123465547189,0.120563018451211,62.6617235690032,0.172757350770488,1.69353880076319,0.033105924171541,0.656427457866094,12.48413338561,0.000332980384178112,0.0235184717129206,0.951908767754544,0.000846870055777485,0.972736459686901,0.0794822150323334,0.439767266599611
8d6923e70a0223a377728ca463d86a16,12,5769.78592309043,0.288543770663056,0.118599422135603,0.200682563841723,0.782588303555813,0.7973141298884,0.749210610686654,0.730518042414367,0.0711384088144472,58.1632603668949,0.108255426043829,1.39261372045511,0.033605842894131,0.757155474188755,13.1329576054189,0.000225828669621357,0.0309381832675655,0.88087441269953,0.000752181086716213,0.80600754688082,0.100604307987523,0.458638336504486
88b7f7af1ced9bac3c149453eee2a808,12,6235.07020332284,0.319621678067843,0.137167023290133,0.360612946105186,0.483084923583129,0.736194707144981,0.696996022364247,0.582311016709603,0.0644903216255374,56.9675498150179,0.1615352522702,0.699335254613085,0.0365067102045566,0.761946517652195,12.3296874405618,0.000352616066168231,0.037349730149823,0.965284216761347,0.000347269465187608,0.639991500297629,0.077925664707626,0.39740393412108
7f6175574164a7b6ccb31cc64cd1fd53,12,6925.41430371791,0.349289141103664,0.194929577315448,0.371104539099923,0.482895429431003,0.729498056906692,0.543271581645852,0.597052719481935,0.138296879930193,60.31594856928,0.15688220784732,0.533575215556587,0.038051823730582,0.654711768088652,8.64276818081803,0.000382873477072109,0.0265885058526513,0.804205486853192,0.000365936507176324,0.970720204367195,0.089054781861034,0.987631522935083
22c3bf271ca1c8a23204ed8371c81185,12,5069.17338236609,0.411976087234408,0.232590577617294,0.503687031811523,0.71118835090713,0.876258289419286,0.479360383087362,0.518858614774459,0.143746066664366,63.0286810482997,0.153087456781483,0.729769311626628,0.0388449266818188,0.799723194985492,12.6943700726368,0.000517087800753659,0.0193375160621129,0.917103733511371,0.000639472101456687,0.642075482841,0.0928020343943621,0.963850581606891
ded188aac1dc0b895054320d5986f08b,12,4892.43013717708,0.341942178714903,0.159928322737636,0.405877010533684,0.123508587175261,0.801032549674951,0.401805280687306,0.926095455264051,0.121709680295665,61.7965585526185,0.134370865266892,1.4830254621846,0.0317464790522477,0.779016487407981,13.8193256465233,0.000303464785668659,0.0334895738612856,0.954700769383879,0.000671909313406679,0.724994961402383,0.0982614256241364,0.842311860547971
77a05039343ba8a886a116d211a762de,12,6311.10747323306,0.402369258397752,0.187938193157269,0.416695535724775,0.680316014089546,0.8133056561653,0.379771942630359,0.678873533750726,0.148633326519764,58.2828421492259,0.156283792988793,0.409031816636317,0.0379603441606684,0.703077181231432,9.33558259191819,0.000381603096796368,0.0285025751649896,0.821926522473734,0.000285528691512194,0.9484685307468,0.0879434944385188,0.966744053021305
40df55eb863937f7fe0423d063933535,12,4996.17389533459,0.363021908646731,0.10742873773001,0.355461358672708,0.471566086242564,0.533728486061233,0.840860674928639,0.596619104101767,0.160412048741545,63.8004943121314,0.16393981073371,1.58554222372009,0.0445859559576437,0.72288719520695,12.7601334651871,0.00023521596560461,0.0345220346606378,0.835531843113194,0.000380179618693578,0.92079316696905,0.0883532491004734,0.186866680336106
b6c23882e5be89761c083ad389446bba,12,6643.29346927131,0.409617844732176,0.1221815815861,0.405295066279164,0.426155369558291,0.720068199522001,0.746947923467912,0.662929850859938,0.156028418217355,56.0278545872703,0.116419349077714,1.17605531971957,0.0436263470024391,0.783334636426813,12.8185230072791,0.000339965150097934,0.0194946587323669,0.859199715140456,0.00110544481243248,0.76578648932824,0.0873974546862089,0.638734482772499
c7cd1a522b0dbc471061c83ef125e1a9,12,5590.43041490886,0.351071279151447,0.174650512090147,0.280305660762995,0.547745386878816,0.626452115685447,0.710680101784075,0.776021757511267,0.144571780069162,56.4859678356143,0.172156181685577,1.34731134590631,0.0410270412894688,0.664483852504758,12.1746896794692,0.000305787358373503,0.0327323974361878,0.759911189884308,0.000537471461007235,0.902775603772169,0.0816758010939055,0.407337106102832
1bac22555e6bbbd7d97acc92a8164d3b,12,4838.63932074204,0.321727861096359,0.161297027776086,0.329033581880949,0.51824966368665,0.507401303398754,0.990618221890688,0.556549971793458,0.146521003618019,61.0944872518053,0.161294429806012,1.09286832090483,0.0362849304137804,0.699829210345961,12.2387433678924,0.000305971485437743,0.0360086456656412,0.767776742670663,0.000441794686191538,0.944004439551508,0.0780388491264158,0.368678678082671
531565db89c77f18954d5934736f2d0b,12,6303.93098260806,0.417604934146697,0.132684656413669,0.368842871484254,0.219280303035401,0.500884111391909,0.689945461156728,0.700896281090078,0.175053761189684,57.6943633218189,0.140583875045251,0.969458335437439,0.0298493558313249,0.637009968827545,9.92047800353836,0.000290786501545757,0.021895465942034,0.981455834937838,0.00112351700583263,0.728202869580679,0.101754872832721,0.411453871634955
56c05594d04075612f5e81dd01f7a1dd,12,5753.91282407811,0.40691538148373,0.129977795218966,0.419186521095149,0.230645256701667,0.484340506450968,0.476745316437284,0.740514171723657,0.155187644705354,60.8413637162681,0.129454003644149,0.785485200874905,0.0319816428476105,0.644181412627727,9.75280479360849,0.000295713850060127,0.0169815126040571,0.965657101614935,0.000940927811666011,0.868910873134035,0.110548915177282,0.569381405116429
8ad3d3deb72ead688320e85201db9fa4,12,5384.8679258614,0.344319161519379,0.202801684814761,0.316897220865444,0.524920072519374,0.353196278063387,0.150710068217748,0.690509795451483,0.116995148010088,55.787560110264,0.153985158927043,1.31683009919267,0.0426290298099325,0.770853513027903,12.0303073410255,0.000414701569957098,0.0329311646475629,0.974816844696581,0.000609145239120575,0.924656377586871,0.0734317397729052,0.635678606057127
2af74add46a4d59d683e9e30882ed82d,12,5384.63159277821,0.427404070414436,0.115286589867111,0.22753963917151,0.821337847203182,0.445220504935112,0.805080032259293,0.737368145571212,0.0816409658462349,58.010651018911,0.162505720511557,0.904281888273016,0.0353538636857992,0.666321947064806,10.3786262730222,0.00024060175287141,0.0241253105527812,0.803290312200607,0.000773372589498359,0.757800569965989,0.106520397795609,0.185913358767725
f196eb6c5a353b8a6b78ae231e476108,12,5234.65240332553,0.391459507986692,0.16211895924604,0.365079786995042,0.788921875369997,0.265499242096833,0.313930817468181,0.732044231642287,0.144679114410474,64.0678220475403,0.161896131776523,1.24089116215171,0.045082742270602,0.824686066572456,12.9190234504699,0.000338433893384528,0.0320039402285213,0.878380886672527,0.000414219711842391,0.898795035016043,0.0759574086926654,0.580843182370907
6730f8eeed3e8f628526568e777bc79d,12,5367.55458809057,0.400917312466589,0.133359939674833,0.246218350403743,0.671313711499737,0.248862780821918,0.731768253509995,0.920795544572565,0.0720653710911378,59.2120544754547,0.169485383786063,1.38523112662584,0.0369756822563582,0.694924773769301,10.3930505757973,0.000225699021065318,0.0283330739879836,0.966497702200511,0.000557278986542403,0.946493973792272,0.109508070008306,0.537481551949808
e514d57a25bcbce224df14b906f8dbd0,12,4869.76819250425,0.40858174538329,0.158389358184622,0.334192400371659,0.774397387829176,0.453300181102094,0.109156616452774,0.642530230023724,0.131567095623969,59.0450770084243,0.169646818005766,1.13088310819656,0.0459160920184175,0.790077159456515,14.0383276587543,0.000338013629363469,0.0250601654165963,0.851207277639975,0.00053378238424083,0.886792208349849,0.0891624964106733,0.304846315449877
d9dd090c63d675cd40947c8e05cbc504,12,4675.99544233719,0.427222088366524,0.206329067245307,0.40892154302378,0.146844055841189,0.794847952437828,0.21127948801404,0.611402115325378,0.0254783022117287,63.7919386371511,0.1745289806958,1.24006992715253,0.0438942330487994,0.635056311164112,9.55574622776319,0.000417861226749186,0.0195747996418172,0.968606376234497,0.000939743533676706,0.761841055660189,0.0916740211422455,0.854249160519173
38f7ad239c7cf2fdd803863f098bb933,12,5419.65915134387,0.393254505458768,0.134918656827454,0.230471429952593,0.515484159611945,0.417923042596808,0.77611367861512,0.933738845508779,0.102340738239396,54.5224650623178,0.148911397950558,1.28513112565907,0.0375805607500746,0.715465685732863,8.83993670497113,0.000295018959730757,0.0261912662292307,0.891675036226966,0.000496436218354851,0.807322789301033,0.110492749876706,0.423958300576216
97c2b8de1f8844eeea074b58cdcb1f9e,12,5198.62363766498,0.389570076062513,0.145346031699038,0.290128415126186,0.714132862621028,0.431933018149584,0.598910375962871,0.763926512267674,0.087437164327292,57.5233045710595,0.146025960828219,1.48116393637437,0.0389853876736911,0.741323079756955,11.2769090633479,0.000279461075863126,0.0266800015004164,0.886290717618938,0.000580287467848665,0.909616103206597,0.105067827841374,0.342073477184589
00ba242bea1065ed84897d2e8fb8138d,12,5196.43386359485,0.415067957477921,0.128511721859851,0.29091474460934,0.762978588398882,0.485512962135796,0.764942634818166,0.965901887855176,0.112693732544968,63.4968569129648,0.162689866937487,1.29947836356528,0.0405588567991303,0.705313438426918,9.21043936189035,0.000235805971326156,0.0264115878299811,0.800310110347797,0.000654103986484619,0.902634776850195,0.104738594463547,0.591807650109538
9b5e4ca92fa422969e2cbef74eb5828a,12,5443.85045019654,0.354165528535479,0.135763602339149,0.287950489472514,0.378593338278917,0.176059269735285,0.538078424259381,0.976599309159952,0.136351702288646,60.3582461651713,0.157261615933105,0.598860183586548,0.0360041076959845,0.786329087255245,10.5370793078062,0.000316802465740277,0.0271755971237595,0.829683129378406,0.000958068286426131,0.983204708123877,0.08775279651568,0.728527557124672
5f6099527aa6845f097b20f7553fc01d,12,5550.53244848871,0.373927660135647,0.143871721379108,0.220458531412432,0.543183793901167,0.275318284944596,0.895532192484819,0.945768064009388,0.088518602721196,61.1205411168178,0.172599141350484,1.12408168028839,0.0420423485974074,0.698743203948395,8.39257748041224,0.000265319388206585,0.0267055321136402,0.846831919340816,0.000611494131987443,0.838483985899148,0.109577298495382,0.502697820961693
b0d2bc7baa7813a9c2997f710e32d2db,12,6139.77665658422,0.30973086963534,0.240115228942926,0.613117279213653,0.810294022365179,0.770034226463823,0.862524293532313,0.502064340803291,0.165575256416557,62.3225450570084,0.166482593529289,1.1864865910844,0.0254368134066805,0.81521804047964,13.9555246205047,0.000465168948536435,0.0204873300550155,0.983443371489239,0.000906222130001263,0.890281242592169,0.0907241272765237,1.00707404397336
0b840c93da2ba0cbebdf1089cc19dab2,12,5195.78879847079,0.357151527570837,0.176031130574772,0.351115551842645,0.576194550977805,0.371028323007774,0.183299038726009,0.660583325899138,0.131447179763302,59.376742519362,0.129684388761298,0.894991742206626,0.0432774258768939,0.787928480936207,11.6795658774007,0.000400457624799622,0.0295686194198352,0.949221525783241,0.000789536813351381,0.978042007765498,0.0717973580470896,0.265514487602486
f5a662b4bd3523bf06314367dfc39597,12,6677.98155761912,0.368273602236797,0.109022650118293,0.237814369223228,0.410754260808779,0.464895453075453,0.49156102218084,0.88135325826558,0.11125536795567,56.7569801716196,0.159210270740135,1.30896102417854,0.0414166400380866,0.779601429101221,10.0206540166666,0.000344958811294799,0.0317636987921441,0.87788346047311,0.000550680896850124,0.918024199847116,0.0712231680697308,0.153258387079045
5f67fbb118daaff463bfaa1934e5a5a6,12,4332.49036688972,0.382903827166661,0.134580243814881,0.548621413056481,0.800944214509602,0.0663278726738791,0.224348800340606,0.37769091491309,0.141716545060408,61.6443297608333,0.146955084625144,1.3227371948016,0.0446070986424522,0.753216952806887,12.3540916338398,0.000403421746670122,0.0152626201329026,0.953965655642022,0.0010746751451944,0.730470506101759,0.087085970251184,0.518798820416393
19396907beca57558929754e85338eb6,12,4770.08514519459,0.381468673247905,0.198969720508186,0.266018186054709,0.603251460446067,0.60031781586339,0.4125255606423,0.631950318713829,0.11106177796725,56.605934449915,0.158907603659052,0.879706094823581,0.041166366999922,0.725041583582016,12.4855152556433,0.000405638056101914,0.0284375312344234,0.925660025668302,0.000389387200804824,0.939062524193212,0.0748976687673159,0.569201139130603
f85f0e72dd748ba54e0313b4ab354623,12,5167.8320845874,0.35846865686298,0.170713563831292,0.321687811630034,0.655216846234919,0.523867587765151,0.206490512020635,0.633944194102782,0.134252426226488,57.8841331633643,0.15028363636492,1.32763788813441,0.0442916943145831,0.804372565272205,12.836476868782,0.000353076131099933,0.0362132422705261,0.907488451900588,0.000407162273502138,0.922888251556907,0.0724368865045155,0.568718129150186
f855fb564275ea08cde3ac1fb460d8f3,12,5292.45648363913,0.382431095541759,0.152184872665166,0.201355182073771,0.548192121398095,0.636489319495847,0.50369658827652,0.854847587120164,0.0920087021875187,56.1755205091987,0.156255233195074,0.871170792651952,0.0350011135509658,0.704938694867676,9.84684308811092,0.000296513155334998,0.0281945209738278,0.748341443637096,0.000576288024434798,0.81164023794816,0.105883985111828,0.349489563540107
a77c38830d2ab5ca5bee7843cc3e7b60,12,5977.93864755535,0.340414748761453,0.216420829086276,0.330897510977302,0.394373323120035,0.638632346141655,0.24121403282996,0.632106509593681,0.111480051029728,61.9665356943914,0.165800939757571,0.384017329533761,0.0370820243847505,0.769839821100621,9.725535829706,0.000415864971207982,0.0306738621063622,0.825931737755692,0.000520447677469253,0.698798062450911,0.0991277070735328,0.889096582249326
5157e0c935cbd7b6b8fd47ad3df76437,12,4627.93318699665,0.369328105662059,0.205404798582626,0.373897289129463,0.408023409318624,0.271617684110525,0.157762789987859,0.714229843447118,0.153816903242727,57.8332299668843,0.121418434422935,1.18940517039887,0.0448005011243981,0.79142828739151,12.2556664754317,0.000441853084083935,0.0282134377279085,0.986395115655807,0.000704748284703974,0.980438864941407,0.0746785526691228,0.323296591428511
c0b8871c6958bfdc5b4850d875866e9e,12,5155.47122079439,0.383799698488929,0.177978370616869,0.3212527402969,0.61696018816355,0.426333473649331,0.22157113469065,0.72034833632219,0.144269067788628,61.869945684377,0.164942775064196,1.21569407595212,0.0464558932450629,0.818423686479653,12.4921610187727,0.000380541909654018,0.0305269998863421,0.922479524761674,0.000526460980100788,0.949146922627044,0.0775315293847044,0.430703588607315
2474fb9e86d712011c7234afb5919255,12,5107.633811562,0.372274811952175,0.229809727292558,0.354426868351674,0.710910762567537,0.807081468989756,0.464052002192784,0.549629756277901,0.122554288971957,54.1635264233582,0.154134808428556,1.07146008587252,0.0410031095183102,0.745595018637639,12.0549608862082,0.000448882246926617,0.0323566433491434,0.910155080716723,0.000501883894664091,0.942826331981544,0.0702503806838756,0.423959690760528
c73ed8ce686ff2f49f17216525a61127,12,5017.4515696132,0.425262833184831,0.235215383412985,0.469584766842096,0.484337887975979,0.860024002651133,0.668633263340959,0.451833756848936,0.135259630570655,60.1161532000895,0.167273127162694,1.70522203596088,0.0350291053019129,0.68560752211607,11.1664511318796,0.000468152606924562,0.0262066867697182,0.977151314057541,0.000260647034505097,0.789518195377637,0.0920573589320091,0.331239834829609
4325d769f10e8ea0f4da1d99895fcfad,12,5553.12798200143,0.38236012403535,0.23068544104961,0.413314020560764,0.43138358467705,0.935109043852775,0.961707592820295,0.520549456831532,0.138300746264965,56.373493696162,0.142968363084926,1.58135978383485,0.0341385419095768,0.723176136925529,11.6691061806939,0.000436395986060796,0.0313686295723546,0.938675353683301,0.000224889736425412,0.687561524262945,0.0975753140596298,0.457676179436843
afac8fbcb4666ea649180ab51c13c4d2,12,4499.91008355058,0.427692653731159,0.233303380518474,0.441645885909415,0.569513917729301,0.899050976943655,0.619149088593602,0.500439308190361,0.147548683470753,61.7935180216656,0.164582832941779,1.40897793923358,0.038378622585406,0.706483079528679,11.8123167146619,0.000486622543528583,0.0206913917815483,0.935790204139201,0.000335026239379681,0.722023913763258,0.0932251787475658,0.494285558755228
8891e1b11690a87357bd9c514997a6d2,12,5255.12524326673,0.3236661978174,0.143616015822523,0.203689982556876,0.043771168377029,0.0357335170997947,0.586761208939421,0.69102347321344,0.140885945609205,62.3601981446567,0.158039314460803,0.521261063377861,0.0423897873465926,0.6790968398308,7.92511756632618,0.000308775267250838,0.0189114058915926,0.818699409783432,0.000630088855658242,0.97312698322504,0.108893837361189,0.593866425772182
0969aff036950958eb2829a9ae2bbe55,12,4658.85957355915,0.394510951552234,0.164264569536666,0.447454621928279,0.276075890948715,0.635981677109616,0.625971966525648,0.969032698163482,0.164545213011967,62.9974292383766,0.163913360872849,0.265734671015171,0.0339370242522263,0.693833219470839,11.8341108330092,0.000376598831600746,0.0131140241459837,0.903709832745567,0.000608910642299474,0.905369877623363,0.106133909447616,0.586396716484134
230717f1f1d076674bdb9f4e23334bcf,12,6335.75838921287,0.386079003292718,0.117434865916527,0.232108312002583,0.533107004248989,0.726267835942478,0.263471632663457,0.830255888987728,0.114219655294693,61.1793930165953,0.128797425095601,0.673381166164677,0.0312967518087537,0.761108614529438,9.71659255337689,0.00028789557132366,0.0329016143557491,0.744673099397382,0.00107121149586646,0.76479130521002,0.0799696806394936,0.421170100763208
64fb7ecc8f81e9129d7a01e620049404,12,4823.28115012013,0.415457065377578,0.22957117566981,0.522796527723419,0.659292533892541,0.669540351745535,0.484386812219427,0.492583231142503,0.1396065753381,58.0410407507523,0.168232953816624,1.71031351504045,0.0361516594351191,0.71912762528707,11.3037607911575,0.0004979395251038,0.0227568917118871,0.990030908600001,0.000198482051370884,0.793891135894883,0.0935927929569571,0.434618208306088
bf534dc7a2f1685b0142909d92b1e04c,12,5253.96291886501,0.319628152342877,0.122730375451905,0.19949475559664,0.841964200926754,0.25924294352347,0.732080318869479,0.852908227268015,0.0581952562227371,55.1316159668992,0.139410501406089,0.337904219847424,0.0427480882089062,0.673242795361008,11.7333304647266,0.000290545476714007,0.0258178762848478,0.865502593041489,0.000535265093678373,0.672429484363274,0.0856236410426179,0.566135904929678
3f4713ce12bf9e439eb1e8dc5a17cc69,12,4557.77714360732,0.400976858781007,0.125662726179911,0.31953224544408,0.339657772647157,0.737247415369614,0.699332799094635,0.751889873200204,0.123089545123387,59.8735991568717,0.164610647693887,1.33469411128875,0.0409531138460572,0.691520239791282,7.18365823782047,0.000274619007429485,0.0366282808071737,0.91232351820843,0.000866747039607766,0.706859237601398,0.0925299881173507,0.521692491267118
625e7497450183acabfcccc0f8295484,12,6479.61433912431,0.354877144014715,0.231829849081785,0.441756830106432,0.763724092618585,0.633386392183383,0.333495791980162,0.46616302405994,0.155200591007265,60.0176920227563,0.144003426599693,0.781798532576242,0.0365919505485725,0.71402307654611,13.0430340591724,0.00053018391296025,0.0193256771761928,0.900303675437357,0.000392998725276428,0.686929069661919,0.0854262114080486,0.528730534091434
84d73614026697285bb2249c5645dd0c,12,4761.73351020804,0.369669534741664,0.123541524071885,0.310585210224577,0.349582802984066,0.349050132990505,0.681421953525444,0.722741380113846,0.117363276787065,62.1068498543755,0.166230039843952,1.23228317678659,0.042042295222589,0.728985537096145,8.33540979383201,0.00027230899794216,0.0350014010196249,0.944790499871972,0.00108492924155117,0.658014017015392,0.100146171369521,0.469728595116211
9ae4390fa59757699fe0ef6167cc7be4,12,4912.9827402737,0.387791950566779,0.185573262688258,0.535713204967235,0.371863548087779,0.485837413979331,0.0877397980408184,0.41238318988005,0.152825906260172,61.8890769473296,0.175907903773549,0.710623854292817,0.0358047306181532,0.786626337441354,7.98879494128297,0.000502493570121929,0.0251642182485819,0.993006055340861,0.000711751881147684,0.736732026456427,0.0954946034310615,0.457579621932269
a14c90f0208a521d5370de4d498d5009,12,4640.66000712317,0.383007305619292,0.129397635372555,0.29841094154892,0.352572859817429,0.574055506434393,0.78780155117587,0.893153574945029,0.125268019675054,64.2078339735274,0.146396802628155,1.59020663025749,0.0457483441439647,0.696708722278885,7.96937610611267,0.000273097833054085,0.0296699235548258,0.8972410428563,0.00101981195909025,0.768624749304267,0.0994695910861502,0.474340424881286
32b4ff828d940122046c53c287ea06fb,12,4168.07651625506,0.299911253349357,0.131031909975721,0.256299394530217,0.369880196931532,0.559646381079492,0.340028200093336,0.716691683626142,0.0581290864395479,57.2717914244526,0.174019755880078,0.496300062380803,0.0314579548341039,0.735213696818055,12.6179135638192,0.00032060480238834,0.0283675402859674,0.73875954065664,0.00100184441532255,0.892367361649668,0.0811609140079934,0.360512524529729
001dfc9a693d1cc4051b7c067e7f33e9,12,6670.19569956544,0.367325938277328,0.233897951301536,0.487592103899262,0.618694245718266,0.426521231811878,0.33101468013523,0.545949828626309,0.132082757123006,62.4315545157905,0.174663599776108,0.59051817691586,0.0289662934392452,0.651693644860626,8.30064976014608,0.000484380232507707,0.0181327108091966,0.941262899484944,0.00110847666231512,0.988775282797102,0.0902442355542963,1.00407726578463
f754a9a5336ed8c3156efcd6e81f6947,12,4348.48630870246,0.415413557139901,0.124195432911868,0.428002784042916,0.255310546188764,0.270987296641556,0.46842960327188,0.320436394135973,0.159493721001719,57.8493371795375,0.163777864712264,1.86820334409794,0.040290431179202,0.74883497169153,11.7087517191472,0.000413444611620044,0.0194519574401759,0.910366483948674,0.000859226716708512,0.65884474466234,0.0726636772841184,0.681252962740359
575f24d5fc25ba8006bd901995cc7c97,12,6251.69536216036,0.353988789952928,0.168759386662796,0.377668398084061,0.663775670772396,0.117337155181379,0.138387139043036,0.606412982480233,0.134763625262194,53.9198921183536,0.176586832602067,0.444362006710012,0.0364150878850126,0.692449882670324,12.7105929249788,0.000344831808991105,0.0235985418445267,0.945823316303608,0.000590585846642048,0.992783463589757,0.0980207109567707,0.415033041513701
e688529784a598f9a9a3ee9fcf41483b,12,6394.16901221365,0.390986985235798,0.188159556992881,0.332284789854599,0.931165126681957,0.277381245862351,0.765098949240018,0.936410852778596,0.150149935550692,56.3491682428394,0.15704723988491,1.57762411731929,0.0457086729163121,0.659018536944115,11.9822154065488,0.000296749501451911,0.0270406832260033,0.836365179265297,0.000226687550645758,0.681739476852926,0.101147313109953,0.641461539867761
5c2e9a534fe9261d5484ed088c6f8250,12,6458.85651429529,0.302810303138586,0.209375017146472,0.380948157281732,0.313219948452481,0.246295084941611,0.123740780695576,0.653623568082017,0.159975715738683,55.1572091603749,0.156996467734761,1.40468346763342,0.0346522312854855,0.762875851610309,14.0588486426835,0.000384191599688626,0.0286205237431865,0.799031574142246,0.000496036329809382,0.908163605101392,0.102592648449063,0.579136165352469
58946f9f9ccdbd47f23b2f3a7153f155,12,4998.88107591146,0.392715307621691,0.144791906855326,0.419831515570088,0.702981396792585,0.625581976115655,0.795229464205788,0.677006716825156,0.136916803511807,62.9113065818455,0.137766127043342,1.06728867675145,0.044255793559937,0.721725261765919,10.3890988144673,0.000355622786699713,0.0251570076999762,0.932244898124083,0.000605394893173722,0.78752273396386,0.0807883727126726,0.569600668345424
2c3443309884f05848bedbe79f66bcbb,12,6981.930062732,0.301577405917498,0.205768078444371,0.458673489557199,0.341492109817611,0.346997353236606,0.251952885328917,0.495005077121454,0.129146883173452,58.8907242521227,0.165066942780591,1.28106979584471,0.029937088325532,0.794210630205895,13.7674598684801,0.000426036051579946,0.0271822390796124,0.811533731556964,0.000379691366191474,0.796461977128171,0.102223014454966,0.918532030871941
d34d7fe42c6f1b89a3f1ad8a9d9dbade,12,5273.05003683732,0.302698241305502,0.119550322728137,0.268672106813826,0.0140441841315355,0.74240466205636,0.106201950155267,0.951854230470687,0.149050063719245,56.1631231199111,0.108827103626274,1.53928721271758,0.0300916769862936,0.606992622900662,12.6151653314177,0.000291510876590383,0.0227110561220492,0.998771481522383,0.000702043056364287,0.820029013770952,0.0844234020356593,0.238753552819899
186e22d525255472e50d9a523ef4df22,12,4672.39480643993,0.415101193856276,0.147176567161851,0.222379009278573,0.369952911912025,0.631217851282128,0.137309316002225,0.672395480289063,0.0851578464741282,55.1174141287926,0.121506904227122,1.4377998473978,0.0328922977519407,0.757919894585239,10.3435194140563,0.000332724510074454,0.0221045964041887,0.984067365902203,0.000937647731722777,0.871115723951082,0.104279561891525,0.58324583549446
ec5c6a9124c59931810250ae828b67bc,12,4824.32744076598,0.40625764067357,0.10239000725294,0.333819252531644,0.523915696329012,0.13083215081289,0.196378757494467,0.399243818191519,0.151983588813911,63.1926517737936,0.156741864665704,0.609426606425443,0.0396234808866608,0.700868195582438,7.06625579494286,0.00038952070730987,0.0227419424219919,0.907829163800547,0.000349523674022934,0.702187035872621,0.072413067248739,0.349527274487963
8232d6cba7e3545a5c2e99f8f7a9f1cb,12,5261.62317900204,0.312995407107191,0.125610332392451,0.265182648626009,0.0163123045277127,0.848560506657679,0.0569291975849579,0.963380181587322,0.159097551786719,58.5974207001137,0.101431567836011,1.26052251338669,0.0265990825459872,0.657211721392199,13.6626965697754,0.000277734249720245,0.0229119999150924,0.957508300913665,0.000807259206862526,0.899273578068574,0.0888081172811699,0.223525142028309
44f7bf6a6d51e1e3e07ae0d01e7ca97d,12,6953.65958464721,0.394428853216195,0.172997187444931,0.319287237770004,0.88327562514665,0.0487821673529173,0.61363598206634,0.826583002740621,0.140531240545832,55.7794870693757,0.158532697360481,1.34192886202604,0.0433919295812336,0.715611042221488,12.7889089925465,0.000307840276190352,0.0250622712207599,0.805252228406132,0.000431759289957236,0.633646321434208,0.10888738847323,0.38710322758356
a29f54b9c4077b2f20aa4fe6910d1659,12,4466.82946390183,0.334964660371938,0.216589658536771,0.524903057283782,0.825822670362554,0.231622495627383,0.77598240982797,0.604257360206819,0.168634659605228,65.1426983796171,0.170916007704887,1.46290649250405,0.0260641140207407,0.659690081952346,11.1761398096287,0.000372830790755191,0.0227448923258228,0.924366870113652,0.000963400113360047,0.899300787152933,0.0859318281008338,0.89790636880982
635a7a29ae2d0b2e744a7564daa7fd7e,12,5894.50648432888,0.340462268341241,0.18989673957462,0.372363597461803,0.655871443493354,0.849163279510019,0.74562762628051,0.804726282653424,0.168776868321907,55.9964574706473,0.155500821325644,0.563121457821176,0.040015384768793,0.795370084884483,11.5955895872095,0.000333848362908928,0.039909173708614,0.752635833561943,0.000266712140536725,0.830255013543794,0.0994386964296146,0.487159468806433
1bdaa0370917f0d091a749e1b7501c7f,12,6289.65140785607,0.401940184371271,0.240465214043584,0.545607775733952,0.0345935451360797,0.771149875431785,0.0452047939432035,0.81837609006506,0.160910782050653,56.5490094698892,0.151911023934222,1.41754956946655,0.0366764062717302,0.700012551181646,10.9183981737179,0.000480114938415225,0.0234451192665169,0.895828828091333,0.000927024329125401,0.725317076731893,0.0980229274097604,0.709954638726862
fe4fb0d0d891f3ad3db1acd76d2df209,12,6367.19597825671,0.422890159352734,0.242809746304192,0.569908482643861,0.0644650223752403,0.895825600973718,0.0321541527080254,0.955623821831193,0.163609196320699,58.5700850858408,0.138259071376114,1.41563518956888,0.0432852834565053,0.7071831735687,11.1048002207484,0.000462019605385941,0.0255730773546186,0.933210961270891,0.000864443557692406,0.674681845535081,0.0937439012560573,0.648470721046654
3010bb48ade2a8d16b7912a7a5471af7,12,5573.67271486859,0.325676874582449,0.167625708343864,0.427034288012461,0.863584884311368,0.448507785387188,0.910691605426302,0.570709604607103,0.13506430838156,57.7455005391363,0.177754422194132,0.504584951714711,0.0273439209496211,0.811416353825984,14.1069648157383,0.000334763961535969,0.027515213250731,0.871320504493591,0.000794748768833933,0.64353236892883,0.104871041134396,0.297611406601096
3f5d19a0b00117f1f72d426351decb21,12,4360.5195565174,0.320101661219538,0.130200116373641,0.262249783303877,0.905425599045366,0.169900862698212,0.576238312064962,0.897149833441381,0.171845231047467,62.7958890341563,0.0952024762837788,1.55026786938192,0.0373196853172847,0.712378610088117,11.198821084664,0.000229018982133547,0.0324565685739564,0.857777071198425,0.000373488551078701,0.949737574611388,0.0929933703713716,0.538592644726648
2b50f1b77de5200086efd817a644c9a0,12,4635.264589685,0.331408945127071,0.22630226926629,0.421522868826902,0.650412898933051,0.373907134238165,0.202837438881219,0.892678825310118,0.0990220876676297,61.8537668377494,0.170027277234869,1.67814355865009,0.0372978023184383,0.66865079584645,9.82466515372412,0.000367429218177403,0.0371681751565276,0.88190909504597,0.000796713833553572,0.805236964071406,0.0863415048273644,0.837940534924659
57d3853fa04b311a54117e06f92b0537,12,5363.14082181173,0.417850991078264,0.19836141448301,0.660052142315369,0.761737912486585,0.653699272491143,0.873917266319448,0.618269783518962,0.153931389673943,63.6514055306067,0.149010706292421,0.847562356892375,0.0356269482303526,0.68890252997516,14.0758254190139,0.000478320586010094,0.0131251170042161,0.941113234420704,0.00102855627802458,0.817301381057216,0.0777359905858531,0.616737101857938
5da6924f39f255d97396c66965c888e3,12,4767.00331182661,0.329744800898902,0.12728847748286,0.31007060805197,0.485361741704805,0.105001107506036,0.735451749932182,0.696310044218563,0.112235953879782,61.19363747303,0.136737060907919,0.622240820431632,0.0395561652001418,0.713402977057222,11.1022608004859,0.000300758956121023,0.0237300867463672,0.855940397549702,0.00059280573179098,0.854302159682684,0.0970422728659528,0.339032460421356
507c2d6510dbcb16a0c0c29e2ffec00e,12,5013.52788277467,0.333085544779825,0.175988762432078,0.343319039004757,0.383574590517323,0.861145283084704,0.971274825978802,0.714341224600353,0.0717535644150639,62.38469941337,0.176740816036459,1.26852806690978,0.0431983602040893,0.829341254420265,11.1198019250405,0.000352957833293534,0.0315475268212679,0.924437124843134,0.000735611019676328,0.938991753497872,0.0853580042654958,0.487816603911081
38d4df860215c93580e1936d20ab7513,12,5745.467611132,0.365183270403038,0.148561627527962,0.377206241546487,0.344286405298018,0.897509506364348,0.324035900310145,0.878563773343877,0.149345024463026,54.2662773580868,0.166148675017998,0.255036718296665,0.0459935232073391,0.681452603294896,12.4640841973215,0.000327038943483178,0.0318478097676508,0.870949991903315,0.000295111976504331,0.733648110820824,0.0837638357879337,0.713568636114778
5120978742caa11ddec6109f4390e9e3,12,5804.76941310176,0.384322087842273,0.226773808788609,0.43156740377535,0.605368741277582,0.115468916983637,0.249456351583318,0.621618268529659,0.15245064458264,53.9297379964035,0.168098995790571,0.562626021610035,0.0410201550780491,0.809374334099295,11.8948616862174,0.00052148956701794,0.0229362403165346,0.926673251437159,0.000742255853094539,0.669927586464158,0.0915827984151661,0.891572781290821
799efe43b43f1a2db6313f4f98fb8c3d,12,4845.48383264436,0.416240938509745,0.167411523709761,0.414481545038175,0.787256146863391,0.824362868729751,0.414835319587807,0.638762239047373,0.122420320125191,63.5162831113905,0.176634768306823,1.40203258778554,0.0341356136966794,0.840879263728239,8.08177760854478,0.00037987803358025,0.0378023535602894,0.880589265945655,0.000864411893144102,0.620543098074135,0.0881544495313423,0.944114015462241
a91ef288dacf25153181a980fbac8074,12,4169.98777617366,0.403541869332756,0.113349580819967,0.508841242835127,0.353398653591313,0.449774420319392,0.531740202405569,0.795987464880668,0.152907009637713,63.5188768212336,0.156208168344191,0.771000364905772,0.0380829773248742,0.736850031640769,13.2016355480593,0.000355983462792659,0.0194222483947557,0.971820554124087,0.000890389394433259,0.731512544748092,0.0802876786944259,0.458626762756552
390f2a24002d3f640ad0c6756b9bcd08,12,4598.03980316335,0.356880406935725,0.130132437864776,0.32140564485649,0.112821375694236,0.120061485091851,0.332101960812685,0.85524364460566,0.148965028034691,62.040501981433,0.147686077852307,1.76238668132127,0.0309832971409742,0.645601916571584,8.53908563824314,0.000325036198531045,0.0290682475415063,0.954534614892667,0.000421910373306111,0.796266915581887,0.0962795495101049,0.181172520500982
9648038104b166a6e765f435f66c330a,12,4278.6517532345,0.326869658366047,0.234903914122284,0.727237967053131,0.7777539270669,0.0240263345945939,0.51081759884259,0.35267922694406,0.168873021489665,63.0342775572095,0.172968040337189,0.981235894088937,0.0288574344957083,0.72707899925143,12.758296318557,0.000504479833417002,0.0319584533725009,0.974032980750949,0.00027101273429522,0.757829277084383,0.0723858075379984,0.471353094876181
409e96c9816818edcf348ca41438a192,12,6017.32582846315,0.332219947504692,0.167058357876646,0.354318610891742,0.143084789785176,0.602431952510286,0.707120169535655,0.970541188543854,0.170318403440564,54.805807762511,0.141105093677515,0.818046876629004,0.037455461113533,0.768398899226683,10.7474007421837,0.000321239187977047,0.0395228463068968,0.980941325335097,0.000500843608776891,0.802485840532545,0.0916746281258376,0.749992059330179
6ffab5d35e891371bfe82ce5f3b376bb,12,6678.7349638941,0.411639392206769,0.152647065456402,0.33687037970854,0.443017108684143,0.121054867122769,0.835602334966375,0.573144139111912,0.16745176199473,61.4048548324803,0.130954218376282,0.356203686998128,0.045229014681353,0.663616364617099,9.9867627704077,0.000377853590637719,0.0138516881409656,0.959123983214778,0.00101738219155794,0.948971257616454,0.0930556922444755,0.86830069946452
7c38a7e69d474909956072b723dd75ef,12,4884.0341199245,0.405574925706417,0.115980065145974,0.271693048437112,0.344637116787761,0.452686650759622,0.531914666313731,0.698656956009406,0.0735196357457521,55.7871554254794,0.13799949382404,1.69199195979352,0.0293399746330739,0.697674192241912,11.9344425241197,0.000319866365372989,0.0160231280639333,0.984042399956107,0.000535520681049352,0.969286988257645,0.0939168351393009,0.382637744334109
4a3f16c0b82da50aaa23eb4659ab2e2f,12,4724.07657185162,0.317519944417866,0.187277511231702,0.508648572978429,0.661514202103099,0.859051117306689,0.322224713921314,0.830677872047177,0.134467456279523,60.5740415530399,0.156844716564311,0.159610081416316,0.0430625332394694,0.756418952960216,13.3264818820376,0.000372966945745942,0.0342024076296738,0.923671643542827,0.000983116474240035,0.631912470260262,0.0761356722603928,0.632812652012947
c88864e17d6d12e9dabf93d3cf4d7fe9,12,5667.6826708339,0.314351384199749,0.17377800799947,0.624872981179912,0.159069840046482,0.622536128404132,0.0924746692676193,0.615658427278708,0.161353078503708,63.1720344944729,0.15030758019338,0.851189654663036,0.0434639598047634,0.769516443689587,12.39945773001,0.0004143182325585,0.023192503796698,0.969082180034494,0.000672321885075402,0.661083964819267,0.103967916856583,0.575033908619505
fe19d7b383f6ce38073464053965e34e,12,5939.70930239308,0.389226517394304,0.222352957859448,0.430298056712626,0.321617135509928,0.298230864588153,0.636607285678064,0.387770244322772,0.174467131451162,57.9925587989158,0.172458875984831,1.53893907080485,0.0332152896404245,0.822807253820442,9.03100476957569,0.000523050311538001,0.0288094556749883,0.844436454365636,0.00110100308002304,0.821865077515296,0.0914199711305181,0.406795250533328
8febe622957be3cabc6acb0c3c5109dc,12,6762.01499888462,0.416384965056871,0.142469905194689,0.461935035676985,0.47666635565872,0.331165120418432,0.132835816578021,0.614941806868714,0.133380640137092,57.2137532218758,0.165605156127336,1.43044599761888,0.0404647273980069,0.827663368412478,12.546379628836,0.000293574625350491,0.0263402570533748,0.878478723992508,0.00110981446670129,0.894348530080921,0.10074122995793,0.322822068172745
2efedfa68f03cec7899d8188a6731c29,12,4140.04283226963,0.317109494711313,0.143236150061012,0.394218106289699,0.690815748489867,0.554616887542348,0.569298618465043,0.633217289104728,0.108262462649496,65.6766360181648,0.177444590523051,0.516799499024385,0.0462276522657634,0.775269871763211,12.7575843960484,0.000315519990361418,0.0225694860266722,0.854740271005572,0.000628060630583323,0.632266229722967,0.105961952634959,0.556120299152408
5dfd3b869e78e43b718d572ac7220f29,12,6758.19516563252,0.312557660625883,0.130668554773031,0.283013944140051,0.664791752153347,0.218827929157904,0.993379407660409,0.88033277692042,0.119840579185836,57.5803844344006,0.167565702290821,1.45796510642876,0.0425715636462766,0.797840653211909,13.8215710378823,0.000278793794832013,0.0252551937953619,0.730567558935044,0.00103177600895071,0.690663964753352,0.099915775218016,0.546511145889749
4d31d1b8611b1cf95e0fc3ed73112ccc,12,5402.93478540081,0.300330970791945,0.135174618014683,0.52438199156284,0.283529498456585,0.808387812623286,0.668382177712219,0.928909103571487,0.161750120865086,63.0417627924655,0.159899162436339,0.719539053765678,0.0358405199855558,0.635853952283111,12.7648993459564,0.000243850140533987,0.0328167013628427,0.964396488584202,0.0011218308427825,0.878978180787462,0.0880467886569834,0.757505811173924
2f2160a660fa905d617dbaf2317125ea,11,4520.57736192651,0.403188324714268,0.149633038535711,0.802445829507687,0.169225584712999,0.801359594762232,0.819655286966702,0.860917258247763,0.166201813481523,148.391941157214,0.141094011293975,1.42533800283219,0.0337688836315692,0.668707011553912,6.4234037107982,0.000468460468538301,0.00793109778990185,0.994072116772814,0.001033188162141,0.833592007189727,0.0924947104872691,1.43114050252479
1c5b11e282f4a69b602d3d71dfb21412,11,6819.09821030434,0.395412849822914,0.141917605618643,0.628924937805501,0.575743291426142,0.120592617562497,0.868504144978772,0.743040059715761,0.167422091983129,102.28417196128,0.159909665553941,1.59160471613903,0.0421586587224215,0.741920294457529,8.10954331310447,0.000388538013260832,0.0133161510028052,0.802392568195052,0.000472207057391734,0.906680409419909,0.0910053967816951,0.635270778066566
8865b9fca945da390a6e454eebd65f0f,11,5163.62956718993,0.387901695502668,0.125068247191236,0.437190663809515,0.43510013210135,0.589758777879974,0.960482103931291,0.679826356498807,0.0680864301434022,135.191154252241,0.142160998418772,0.986682427953202,0.036673668757825,0.635435080287314,4.93763801396013,0.00036692309015281,0.0163571911324738,0.895303334630025,0.000281272391834908,0.681718669236103,0.0848691100488555,0.245009381328791
7120486446378673cf31fd9b6040af98,11,6408.61332724296,0.300919531371642,0.16045287523272,0.434008254352683,0.94988086031694,0.457510152674459,0.999733469274038,0.57362126796369,0.088323179497909,85.1669102973955,0.159705586623716,1.3401038350788,0.0432959711707681,0.787737587156519,11.186327309977,0.000422683527160543,0.0119729456316059,0.873185729137254,0.00084402111136163,0.763507638214176,0.0867916319277896,0.934756672007146
cd2b00984cca8553d28e6da95e92b401,11,4088.32583457507,0.300223724982575,0.13337405250346,0.360297836120185,0.201419894253586,0.283828603137015,0.584071406176966,0.77647126003188,0.148363340352181,79.4642062584265,0.149890636522566,0.802297411701044,0.0330919812057298,0.78969034275662,8.99270884561389,0.000376500947497626,0.0225587911837968,0.967707238779729,0.000595479323297454,0.858521869116013,0.0835982250873741,0.880096386442814
af30785363a83049846cfeaf9a7c0b29,11,4551.45447756831,0.288442114958232,0.194148907581365,0.469099909784898,0.641915392666801,0.555763536085241,0.57646370917919,0.878315669860971,0.112079779865133,74.4530319082064,0.17527630011297,1.49507919494429,0.0277066372033772,0.811522564049862,11.9667089516933,0.000382940841510688,0.0286913797957126,0.919192879408967,0.000715199193698763,0.756223690398427,0.0930818458537138,0.70541671590078
ef6e04582ae9f367472880a4e7e2259b,11,4833.66308721048,0.321741381073969,0.138831285974197,0.283534746787371,0.28920795046217,0.41846432206789,0.56827330340206,0.796504071948433,0.165791885181218,80.9477704497098,0.12578080685629,0.235405944517335,0.0415725071054182,0.805804011032429,7.17495389718365,0.000346071166029494,0.0344760578992991,0.875719908640497,0.000609519001020094,0.871121058561346,0.0819695901152451,0.246203148218067
