uid,nhits,chi,eta,j1A0,j2A0,j3A0,j4A0,musTB,multiplier,phiS,pR,pT,rho,sageA15,sigma,t,theta,zeta
995b1b75e03775cedc2a8cc424f70f38,8,0.111080970267954,0.927231391343128,0.913044528905234,0.828750996239388,0.9773420686957,0.683348671894391,0.0690266214869156,1.1630566495355,0.0394115364485195,0.74479262086104,0.000277864639586612,0.0595250933769065,0.922307912007498,0.000230427032685738,0.913021866273238,0.0794900948322795,0.671855262238739
d9c4468f6b552f70d8a36da08060b42e,8,0.102959454189758,0.732610849943704,0.337124564831611,0.899851720416987,0.40508870694372,0.66192282207702,0.0634784824389454,1.69054879799316,0.0437023973684031,0.77014815678184,0.000380790243454492,0.0192142712836613,0.886155270994428,0.000564715105751399,0.737672223589234,0.106905547825817,0.519748767318333
27d5d3922cfcfb2b5d616fef75d4bf6c,8,0.122457876613414,0.998416435545389,0.518590964534943,0.924100716734384,0.138647450752341,0.340114794531458,0.0785493502595278,0.0454223275717232,0.0296447979322924,0.765591859648566,0.000459252836508045,0.0279444147680788,0.969155810983293,0.00100902434844194,0.878960736418914,0.0793736070883985,1.22762770470996
abe5924578b9d444b42bcfd8ec707aa2,8,0.161465075551637,0.814828061680061,0.0509375190269716,0.683303700492645,0.603821643274705,0.757718400432639,0.106866610064102,0.00369543493039881,0.0374789379122416,0.730333620280439,0.000455111767144925,0.031445199457157,0.71003609028079,0.000336949644816538,0.733920665882776,0.108563418548245,1.5428880696399
52a9707fb70e60bfa4a9a88927f921dc,8,0.114159991855046,0.786714022210534,0.00450234162465407,0.698544162783022,0.854777992585783,0.595528245952284,0.145104703989466,1.08068178884937,0.0349915997380464,0.716066432831897,0.000470342124622095,0.0232956459015399,0.478473394229084,0.00047395334029776,0.83173948627106,0.096483569201303,1.60045565738976
7a24fd03b6931fdf3d36cbe63b26a1ac,8,0.105109401203825,0.929547411527635,0.391912277305554,0.202017635720292,0.262039981702658,0.753991259641524,0.133414648768891,1.80461359228933,0.0422956787463084,0.67126675151538,0.000473941665494403,0.0200074273913851,0.661250687237375,0.000764356888769912,0.742854915817028,0.109879394999841,1.35646000763126
78f11d767e8c6ae99cd133760c087422,8,0.180248413149902,0.942081963102157,0.508825239592697,0.32414637880345,0.2216954612275,0.978262780201193,0.0547581272770302,0.887936936362374,0.029817593539563,0.794481574735332,0.000386964402480398,0.039557782939658,0.984688270649144,0.000958186461318947,0.720577307157316,0.102397005290958,0.650606627239332
7030268f96d786bfff3fc02c4c1f2650,8,0.162222345963946,0.801953397156857,0.513265545361312,0.468496508054822,0.756472327920406,0.350402279033217,0.0682196259126497,0.577533155637454,0.0346108204389627,0.753689325316497,0.000459516072160254,0.0339797605951054,0.825265530255028,0.000137028717549239,0.783252371238621,0.081065363073769,1.30377195146354
a139a83acb2bc770d269a9ac289d6080,8,0.180023752025235,0.933184659032607,0.577040833849956,0.937562644800414,0.10272726551758,0.337741234840709,0.0966550165701984,0.0739412596773592,0.0461234447922172,0.778674841929811,0.00048593174734285,0.0399930578742655,0.946727507684917,0.000498447013005143,0.934237158050043,0.0733010931889027,0.789159996409069
16ac412d440f09d11fa8004e21fea950,8,0.143721583912186,0.599169271242743,0.534662078422552,0.777092890399508,0.190291037395552,0.645835891038496,0.0497725545085906,0.219499594763822,0.0449139050228871,0.726087419306448,0.000296827711324545,0.0403228812996798,0.917066254630269,0.000676844801451092,0.791573866623464,0.101704112662418,0.346416402826479
ff298165bdfe268cf9312977726551fe,8,0.116329857127374,0.818945651337679,0.797155107189336,0.434026599853858,0.0179974032576908,0.84683026731147,0.134561354534006,0.153079390814963,0.0413447423705335,0.834480529286418,0.000352396163234342,0.0531533509650416,0.645667607875908,0.000538649915581695,0.702666582891558,0.101664531255698,1.6034761396671
4839277c02e99bb489c824abce07fe44,8,0.143161317599078,0.783365287556915,0.92672078693931,0.168456806769091,0.0284456006590935,0.633265702325842,0.109090574010404,1.02592761908746,0.0370411210769907,0.840232833363612,0.000337052865977777,0.0592924710718098,0.563113738955665,0.00043609614961272,0.852769646359477,0.075451850009325,0.275661264833416
212164aedc3f07ec975aaecfd103642e,8,0.10096183864861,0.88348382890018,0.484112409666431,0.405368464789062,0.270409559753949,0.658151001248701,0.0700023440239733,1.49647425164451,0.0341265357958483,0.634499624835088,0.000321953811134084,0.0422761690501264,0.918265431474814,0.000889969377043311,0.799710508813353,0.0828827651024723,0.985139728923732
81510330ff344353d34242ccdbc39742,8,0.22592221868565,0.857862188529068,0.335407788871157,0.980981805392966,0.969808233603321,0.672283501314652,0.0924102132007366,1.79373511202575,0.043794470661191,0.611790589934852,0.000417949896242833,0.0418953366815493,0.745345275735134,0.00029543009174822,0.711898083126379,0.0974077156718646,1.27527700914427
d26ab3dc22e03185326e870024ebd40d,8,0.194372323371356,0.852161884735469,0.681408843829053,0.810193856456386,0.808946669614251,0.927743854363765,0.126576032205268,1.88431968179774,0.0456123627969913,0.730816342931379,0.000394207648738293,0.0605366040724809,0.78675764591484,0.000302789347323392,0.69500993342171,0.0880146738899312,0.423366447345305
e612da781a9e58b3c6a30d793f6026f6,8,0.183901860177197,0.983790894115065,0.840090830013437,0.947714866140929,0.518374696441289,0.632245482734702,0.117241427587113,0.760337735410189,0.0331691143946332,0.784671615653347,0.000444064516556265,0.0511791839766492,0.866668864032511,0.000867455341743326,0.956315183210146,0.0746006614261745,0.99788195455682
31f7e446a11ae5e6a611af319e1567b9,8,0.199957131219882,0.956777962019142,0.573529692005301,0.393984070086324,0.750345068122106,0.785664124670494,0.0930268926326026,1.18704425327523,0.0310769937197284,0.73551465614867,0.000452560167223984,0.0626414641401578,0.761642551903535,0.000301092726343022,0.691853857952594,0.0716157233789159,1.8779222897798
d98861d83ab804459b4ddb86c97d8aa4,8,0.166849913604907,0.892136114559521,0.956893099268696,0.852743737284567,0.407675752888728,0.710412724380778,0.171020670839279,1.89893332447453,0.0255245413233687,0.617264095075653,0.000474439991830897,0.0438158209690962,0.768464839354995,0.000395421314923712,0.794813310384777,0.0789694127370202,0.878892797352552
64219c1d6b5dd07d72ba9abd449afa2a,8,0.186321660173421,0.921221560764716,0.873803526494046,0.942080780543055,0.191894231070062,0.451253820439163,0.106618769421962,1.53567294972529,0.0325475689751492,0.736110737630738,0.000428028159693899,0.0490340550068852,0.788470684838354,0.00107533971885316,0.829925794788623,0.0699930048659383,0.640928722346973
0c53e03a69d125c950fa79827934efc0,8,0.120329528402974,0.88661607851536,0.00872724206402542,0.164562598968829,0.389860227713156,0.735186823621117,0.169557474760665,1.61848092945703,0.0429926087601785,0.811308674957691,0.000460550767410719,0.0401128509548754,0.811318826516391,0.000530212956646654,0.788018155451805,0.104139734061078,1.00704272981613
08f30b9e14feea0432f24e142504d2be,8,0.216469348466938,0.962807959185086,0.635110316710146,0.401996219747388,0.699850257470372,0.319407341817913,0.150115362814463,0.990629540637714,0.0338896178318779,0.708141912528428,0.000592539135418111,0.0389451147911221,0.635794328167246,0.000236887914541256,0.65990585899883,0.0742049214915835,0.421146329582112
9c81ce3f9b28a967e5184191f148107b,8,0.110509417537908,0.693101845226077,0.145638546693218,0.937531450993898,0.903902728876256,0.474033288914991,0.093874897427824,1.18426674429101,0.045222965780573,0.819015658408881,0.000430614235541685,0.0311537773281972,0.804730036254916,0.000514448387168916,0.710526912665424,0.0838446927591169,0.680911112183033
77bce3cec348f82f1f8111ca3cb1963a,8,0.237325442725588,0.935274095723865,0.151040344907755,0.806058960265021,0.0658444458855015,0.838689309895311,0.070492621397313,0.817984064035546,0.0454554463538481,0.665426132837935,0.000482420155725159,0.0414358402503605,0.886984925920441,0.000580284292646042,0.688272833708562,0.087839983324409,0.854074005072362
d0b29867bfef4dec58609f6db4fc03e3,8,0.162713965301314,0.694070345913897,0.0594762164876481,0.75509323211998,0.273653217583333,0.917147529494803,0.140583975111324,1.39900380668031,0.0419038768538294,0.831878961092798,0.000384083011698446,0.0537303073314001,0.576716158696907,0.000155115504127948,0.775427284404787,0.103849741052147,1.38259416443942
6e498052f030324b97e49002df208696,8,0.100414877156569,0.706649501148175,0.38600943597263,0.649814389692465,0.13515753332707,0.601978661295477,0.168334970877661,0.93038945508302,0.0331844667437138,0.81311436940297,0.000370276846890246,0.0252238298478288,0.461655366849345,0.000929255520528731,0.90170146580272,0.103583816690113,0.524512259882424
b91c82dcb5c58fb10e9b76f5f741bb2f,8,0.165848614418851,0.695294979625803,0.147179884003605,0.883719835208287,0.749188674719069,0.630376657380553,0.152209660355859,0.493732701145289,0.0405108260491303,0.645251393774413,0.000439461186910241,0.0337443055261648,0.497005202372738,0.00024647220434919,0.698300468291784,0.0965115201199751,1.02035360028207
1a6eb28be0fa8f5ecfd24787652ad31d,8,0.180155144681313,0.829948782028034,0.0585332848565646,0.881700006744958,0.167561511502118,0.761217887481638,0.0682055585319409,0.990034585253144,0.0279703201321577,0.718500587477106,0.00038924914460106,0.0382475813643914,0.970402517905213,0.00104229813633898,0.775938327841348,0.101629826614805,1.35999600551619
f0d1b65ded556023be407bd09c519fa6,8,0.18155037580256,0.846292096763585,0.525812571907591,0.772622446572179,0.586524368463673,0.870735821951029,0.0904674194541487,1.15365354724549,0.0363615727099868,0.697104807329832,0.000461946786034202,0.0441263598177068,0.897125121365698,0.000186838292871145,0.988873691494229,0.0773614140003702,1.42027214706506
865072bf5474f141dd50dcf7a3d034ac,8,0.1052701484966,0.653042695833507,0.690642055762137,0.011383038724872,0.14787187378102,0.882599560723495,0.11370912380164,0.0678589966139133,0.0335977139495062,0.711596584121311,0.000339844266646138,0.0671762052062628,0.950797090326795,0.000574744430995349,0.696416847306598,0.0983461686768308,1.31736510811602
c03afb5e1c586c90045655e0c451c255,8,0.165405617268805,0.817431197049552,0.384806588046006,0.483075444005166,0.62963058098435,0.774022636252056,0.0721549415404491,1.43439300931017,0.0431391994742471,0.682244619718737,0.000419363563406039,0.0423659897704441,0.765960738383188,0.00094975072721498,0.663356376474602,0.0721931725403996,0.60010535501112
cbc4c952a1c844ab036d3b6df127964a,8,0.161818245845415,0.644980884109226,0.795560566507543,0.237230719450471,0.54652489824099,0.976019165227007,0.0598531678674285,1.24946955394719,0.039965234525704,0.687147664103404,0.000294776656346734,0.0615635083189576,0.997910054332253,0.000320588756305693,0.941921467865785,0.0812495475727466,0.479911879599329
ad4bab62d549a118f888f4aef4e8d41c,8,0.138548377466311,0.946896203148651,0.822204347000704,0.0490684399165056,0.589128239632974,0.909618045966617,0.155541091367444,1.60133467491837,0.0389928151404765,0.839673681000491,0.000310373459924178,0.063111284129266,0.697897376208225,0.000763692439612203,0.85078421634319,0.105276815835799,0.875270257562909
a3b652cf3fc905bd55e219542db387ec,8,0.118736928321591,0.810261824383737,0.670328127233387,0.467696358975047,0.488217010000097,0.724287356453342,0.158461090280998,1.14218182656331,0.0351015352530155,0.750056288129486,0.000381471724392147,0.059338103150053,0.745099991553031,0.000229475867590111,0.756314647956628,0.105879060103007,1.59751447654331
372368fdbf75f60925d51cf06004a74e,8,0.185986427075627,0.781345538355132,0.753820197366294,0.790433257630451,0.871043114109352,0.9189318765529,0.157938977707872,0.192506448493445,0.0448216116744323,0.610951792038271,0.000436894301251585,0.0560513891668004,0.771619565313814,0.00102065622934438,0.749867143597176,0.07936766116781,0.933796682547306
126a27242769372088651836b2da1da4,8,0.145608063345489,0.887808293481369,0.960591455878765,0.0965411758815753,0.310908426954668,0.617521807154004,0.120753485389166,1.12112089965655,0.0361839466713616,0.82250606638275,0.000416433126954223,0.0523468424266398,0.748120568749259,0.000430657753621442,0.804559408560048,0.0855982331538105,1.89952910739359
ccf8569b55d25ba3544494e918928b9a,8,0.122214395931119,0.467159332572639,0.379918199466826,0.923235241542964,0.820637327177204,0.487196444930171,0.0373680055830673,0.479492819547364,0.0292947042837968,0.695776582310393,0.000345221952346754,0.0344846837055255,0.959982884238391,0.000581028879495099,0.670725217920519,0.0790069863766243,0.257697438892777
7c1298317989264ab17cfb9dd721af37,8,0.205936718184453,0.831329402441525,0.911125081205648,0.772985789700281,0.0694484938645345,0.854089446508416,0.0773585059134116,1.24786297063753,0.0423092469178353,0.660933985642585,0.000289402460408469,0.0502522787349623,0.758915580036615,0.000272319456914227,0.943562100477982,0.0985999628587184,0.333897668472747
c91a10781aa40a920daa2ea4c2e2f1e7,8,0.114203184464125,0.652817067677927,0.426151321694659,0.0757785420919946,0.75080153743091,0.952087551390609,0.129651244360285,0.821547304832912,0.038612949277206,0.663319851931498,0.000361099150324848,0.0358560521949645,0.777833516723781,0.000865078589249766,0.790520351843211,0.101423349242974,0.858182430760551
157fa8c0a9aa64e2032da09a16408cd2,8,0.212342947167546,0.99742631051695,0.452694718920924,0.396169270535773,0.511473000153321,0.54459227707511,0.151375895205471,1.5149816997677,0.0383254016811585,0.816059802072983,0.000475574800574993,0.0513917741883053,0.953958678683466,0.000873744759689824,0.956139411525278,0.100368537241468,1.55916228821548
f0890c7ae07b7d485f40668bd5f1019f,8,0.192133483672846,0.782432068644719,0.730467501944273,0.273966773720903,0.00543229656725408,0.971118227744398,0.0875813785280881,0.74182840903166,0.0403337312696919,0.764850965196982,0.000414868689438222,0.0591234561936242,0.646911372511295,0.000153817294453031,0.902089706593638,0.0727828037443974,0.936598634451669
d02f8b27cc65e28a1fbe2ad92adc2030,8,0.128014609228591,0.756290826638897,0.023614894540549,0.964714103556985,0.0698022610828903,0.499165914284208,0.0704013377655258,1.85559039609518,0.0289803575408391,0.67457212933673,0.000369511376778167,0.0380637609860004,0.889832489616619,0.000499903128763225,0.793530319578138,0.0912142308455661,1.40019833534343
4786a5923391891779f180b9bd5d1fba,8,0.137488224141729,0.82381635767693,0.81983336722052,0.282657269608548,0.0578281358811621,0.704193934647147,0.177939505828372,0.56085026357236,0.0423977923289911,0.646329346335975,0.000289161915413281,0.0594652227043745,0.444895477205891,0.000340960650568699,0.845661193371038,0.102183942273277,0.797291106593294
9fbce1dd51f9a16e55c722de060f3726,8,0.164990954551955,0.847807423407438,0.754789998094168,0.585480137433538,0.742181522583466,0.896593385547974,0.126282841720478,1.70314687004393,0.0431532936877468,0.733925455878176,0.000432108820869924,0.0539147125275628,0.792558708020028,0.000590896414898455,0.685837777129616,0.0855775109768865,1.06179097790708
2f787501f45676051ad949b805f9157d,8,0.112808865373181,0.991118980814766,0.00174176896056022,0.0769341029097011,0.798666402644098,0.532729005581398,0.0627670511853732,1.43759456510844,0.0299870699130262,0.713968089604943,0.000372193353408964,0.0402327288906015,0.94408402077681,0.000566513168433291,0.91815357627262,0.0840693093215808,1.37752264545963
35721ae43bf5731e652779d030083a2a,8,0.136655127989502,0.867254662269275,0.667169625844519,0.807134564750749,0.983994851482755,0.750874824809846,0.154108426635074,0.429656660810207,0.031087575713547,0.795018527239055,0.000428974616504604,0.0587160511242635,0.968745007216212,0.000672949839705668,0.946572133386743,0.0898001544389264,1.24683931187694
70a0aa6468c3b10a7fa84752ed3ea468,8,0.171300983027073,0.772404539955696,0.8320920520106,0.159107015498397,0.935956581721274,0.712462386220924,0.177985490969535,1.52668851867487,0.0329996758762383,0.779740228326371,0.000433737885219901,0.051021688928533,0.551982733410295,0.00105703669415516,0.952107290778295,0.0779017651708189,1.14367382284782
9251af37a25ed05bb594fb06ff17f58d,8,0.161861336191787,0.590032619263457,0.994935461643172,0.341075608751271,0.295893600222155,0.692470572853296,0.102089440852577,1.39560100884889,0.0305239097765038,0.662260064284791,0.000311081157676155,0.0661390112824798,0.83766732085297,0.000288988408247612,0.720489878472581,0.0887864857516872,1.30911632154186
cfacdb9aa562412818ed6e7a20822148,8,0.184730354335531,0.799488474358305,0.568621641080296,0.0654566877698766,0.504883445141912,0.491608746333338,0.0956793439496063,0.458219119436827,0.0441212426563079,0.671299384745259,0.00041610594872948,0.0253661968344892,0.67645004041963,0.000678441800928682,0.951921202110741,0.0968009388064809,0.483552677107895
dc6207fd34522110fd3b5189b5b14883,8,0.188849940457873,0.648231429250815,0.278972935702306,0.364677179807451,0.928234877948502,0.620378388254029,0.0684051095268394,0.975240332328983,0.0317778602743018,0.672299115932303,0.000376517201467194,0.0472854462044588,0.932909029904185,0.000300154256472205,0.898755068603339,0.0836363801493644,0.989799195792811
6dc68f3a6db3a350ac2f5cf8c412905d,8,0.134463120216024,0.751512648351064,0.424363987090422,0.527690240832162,0.00810635442446628,0.901548525498964,0.132353657416123,0.850655414415489,0.0255100513639531,0.723574758178639,0.000339501342220159,0.0548621974180039,0.609713678774292,0.00079645550731383,0.929614002392195,0.0981060398483252,1.60587458265107
51500a08136a26f54419bc1d5a8bfadf,8,0.139887447795942,0.779618981593632,0.265487051527495,0.150021331371168,0.451677611716064,0.578983137445988,0.176529983305566,1.38955060371244,0.030187193419097,0.756804931889248,0.000536038353418799,0.0372512707780105,0.76746143626852,0.00111436465375595,0.909260323455736,0.0822416832688949,1.72613528783883
057725dbe54e2fe08084bcce856df89c,8,0.144818273235925,0.451334636620403,0.0665124149626354,0.449847296180464,0.549699527596223,0.881623565100028,0.0940015519580476,1.81287303326224,0.027683791805688,0.824769173554759,0.000286677188757352,0.0625820349470139,0.550190164913028,0.000166034718141396,0.918544937136548,0.0874362264240949,0.446459704520702
1b5c243a7d9472e24a3f85f6bd676785,8,0.158992816330131,0.933933689931064,0.145682028643701,0.44685938782574,0.846282377646541,0.621967354436983,0.0422253083307975,1.05405267617745,0.0382993197733072,0.791679080125819,0.000435562343850822,0.0353277441332161,0.965125494362338,0.000815422406351506,0.657951905969631,0.0896824982878542,1.59895230955563
baf7a91ca8a723a685c948364ecf7396,8,0.119527520912657,0.986362885607428,0.870653908341979,0.558577541439034,0.364772336000015,0.377356173960419,0.140444671358419,0.344561390864764,0.0304488236638188,0.741041787754327,0.000387325915520997,0.0466636265580457,0.782381935065739,0.000170516707814521,0.840250378336398,0.0985077539661417,1.33051517121931
a8543e8e20f08f901b8c06a11b8af0cc,8,0.184001873636581,0.812540430757978,0.535333767691182,0.595840223368791,0.00881088135248692,0.627251112712805,0.0641030420229307,0.466219219800521,0.0302370119727017,0.733044732657119,0.000515222780913397,0.0365012582608413,0.850963548409275,0.000380607137434308,0.835162620821863,0.0758197058137021,1.65759275907481
db2a1b61833ffa709703d5facf5356a7,8,0.157307180103812,0.911433689084558,0.613166794473021,0.601602621709051,0.504749813430295,0.945264280839697,0.177112535654445,1.73028719664813,0.039287999093096,0.752385732043091,0.000544719284458182,0.0570549308318637,0.650169438804079,0.000328426759407842,0.798246030342932,0.072808927944296,1.81954708284704
32a385cf1839c582b0bc4edcc89b8c71,8,0.187238806505199,0.955445054101632,0.607560010384032,0.706671688234714,0.764446856886053,0.842133857147128,0.121773796783105,1.82360872594815,0.0323860617919867,0.660418874296002,0.000489138908624033,0.0573365446329522,0.951790881580221,0.000834353082599123,0.637460255724107,0.0742276025966673,1.45954470402999
3238168112483b1894b3db459b757d6e,8,0.137023340664526,0.646982244962355,0.482576066884692,0.42607371674628,0.43435617747126,0.607077380020983,0.0938352309237986,1.82869808499825,0.0425925356010704,0.80947379484765,0.000391187918370328,0.0517140975386394,0.838763995460953,0.000348353359175993,0.650554481372274,0.0904909883433617,1.26159125911498
36be4050485fb99df90c603e894a8246,8,0.115382844258298,0.493977088992326,0.366437217669582,0.516318583381088,0.333639923119541,0.576520423770655,0.0852910902088612,0.0360544856088065,0.0321389111040039,0.641840129182011,0.000389786041926278,0.0282193751264691,0.682575911060513,0.00082115657499418,0.809049703693466,0.0763865704307191,0.596433493567491
4d7adfcc37f695f914c0a764df3aa85b,8,0.142023377814124,0.865828342015227,0.86223626315592,0.837041828223788,0.698735280443883,0.949700698631726,0.0875888805224738,0.959298202278197,0.0434210730715081,0.838379947811233,0.00034862045253242,0.050076636813988,0.748424083761212,0.000958103530523148,0.674082305088126,0.0925302591809882,0.93290390613223
38b0e4e1c33d00538a3ee1caca442657,8,0.137547972228487,0.831114815072514,0.837746935766926,0.356576596429856,0.764786343581029,0.388317533015055,0.131936379824405,1.69036457904085,0.0326886560563259,0.631572379021857,0.00042033327786692,0.038905931905404,0.532545433026924,0.000509012735638514,0.901053999712624,0.0760184832976473,1.19028777952194
3bacdcda4fa0b15144c2d949a87a5053,8,0.177817919568849,0.609486896559711,0.106085005017641,0.828946966124007,0.216368517335402,0.879328507412241,0.089962430015907,1.04107673545109,0.0264277234208105,0.82859051322912,0.00038911330470981,0.0438174686522721,0.839809607467768,0.000528104097318397,0.755585008020661,0.108328813736535,0.761822063927665
f561d71832c59ad21e42dc2a97b94ab2,8,0.144012146710867,0.847903647155267,0.752899837898816,0.836301665864388,0.54797667305456,0.331641722168196,0.137640053086528,0.209320686051177,0.0357316428822685,0.724954657925101,0.000365159056014467,0.040179246622264,0.380043590228562,0.00025198193498122,0.94265211096456,0.0795288849979002,0.322504614393615
ed93c16b10833952066bae76e92344e2,8,0.241864735419603,0.903203875852515,0.66848821995244,0.416559201489264,0.732542729451414,0.68937975871065,0.141948921376325,0.195552263597083,0.0273675565588759,0.612690852788416,0.000492728806225544,0.0693628104043997,0.852039092796081,0.000528789031818586,0.814745177549437,0.0712460269870112,1.13975132301646
5af746f93a6bc65476e008189617d49b,8,0.131217177824044,0.48800831091676,0.132889031543386,0.00515368934590643,0.762030990530432,0.848558938439049,0.0814695903613464,1.26743780150014,0.0335207486065835,0.603238701792917,0.00029066212953739,0.0524299870118104,0.737166997805916,0.000411572225276994,0.816790802902214,0.0795286905639294,0.17687435214626
6a564dc26bc64371812b9d09ec881088,8,0.246751965519306,0.883365660932371,0.613033838309348,0.462160281417908,0.663069123424049,0.618541557615575,0.146941003650439,1.04488137051016,0.0380651423223804,0.755292392420665,0.000588233651860225,0.0368180026880179,0.583860455128878,0.000476452002504931,0.87602084055903,0.0875107136863221,1.71657904241564
2b289ee6e8510b9dd2f34153dd69895e,8,0.196164680728359,0.804810732445509,0.0615416052561726,0.363918723031427,0.576983259964703,0.442524656017702,0.176102346629489,1.63863500521487,0.0403946670330105,0.744754522478744,0.000490002680292911,0.0419863827667252,0.537322938048822,0.000658488337215961,0.847378402166902,0.0878330381623552,1.26006738160523
eb687726e0b55ec003404b3a70ea8db6,8,0.246320913098646,0.738635290039002,0.625086277986428,0.751524686492185,0.350094069926298,0.45213965769773,0.0746779350370805,0.0945689388600139,0.0275501999476723,0.721623646418623,0.000503200874719742,0.0329541527938153,0.980046068570571,0.000281257756138487,0.799058031853901,0.108334665092641,1.57222988437764
09c58b1dbe3816432827e9f015abc4c9,8,0.135604567824513,0.915179943106534,0.189794343950138,0.213004068137414,0.137495786879855,0.616427674292254,0.0888366793594201,1.85390042298068,0.0460040792683879,0.689805571238411,0.000337862329713438,0.05358348996679,0.964408191082615,0.000438852983440315,0.767469138132,0.102477686372587,0.97437891744148
29341e5fa4cec68ba4813f94adeb684f,8,0.214540287582866,0.774036661274405,0.558084982831668,0.143128976069531,0.850979391558623,0.446981630434193,0.0864456033786377,0.104043713299915,0.0411374033806371,0.763851985098928,0.000465135403140058,0.0318097353773009,0.839278988988626,0.000258530424734674,0.88375266576712,0.0971125904322415,0.452288837090507
d1be86fabed311f33361ef6680a4f54e,8,0.123367837047818,0.833696103153185,0.147850404374493,0.673415518906584,0.218382770289763,0.770093157308848,0.143788703287996,0.0356696125745486,0.0293939020145364,0.650290103053301,0.000465022635442485,0.0410804808953105,0.98285850570773,0.000633003778575044,0.643989071734286,0.103684568422064,1.33332999789043
76280b43debf6f284d015e9bb58721ab,8,0.150183412028871,0.995704318152851,0.709564748414422,0.789389556762985,0.873056537230818,0.618258208113991,0.0996136521881624,0.481644012997144,0.0368656976894538,0.730323800755573,0.000365554622793902,0.0508630853613297,0.593299977991896,0.000518158629934503,0.693567244598003,0.0894079154096227,0.477544993962619
6a05fb45acbc337db9d1241eb1c3eb1d,8,0.163162453778381,0.579477483942734,0.0657536635720274,0.731838003084926,0.80722530976662,0.80941384786614,0.069827156380972,0.913663480956391,0.0341423414209307,0.740622101118698,0.000339427809123569,0.0403617078256779,0.842166212109465,0.000620246503130092,0.928268302714292,0.103142710112542,1.31287879436465
ec6ba3fad644480f8008fda3b36059e7,8,0.154272102928139,0.663621913822566,0.926831421559019,0.473819842932212,0.144502114692432,0.474350246601838,0.145355027549792,0.0390160136327374,0.0448038268637329,0.845980189810524,0.000459615900456052,0.0412856281811699,0.516177349141531,0.000428460861670938,0.865110089498448,0.0815090625017694,1.09098833938274
e863c2a1efa6702cd20e4082071b1a91,8,0.194808782971396,0.73028332642095,0.795441703674853,0.621063722399122,0.784432514283861,0.414608570575607,0.0977557239353583,1.17289106944812,0.0405986197570874,0.843584678077724,0.00047925872804639,0.0331145730512119,0.521071654763811,0.000794220658175053,0.801203444301122,0.0895979506805677,1.24836802378627
2c5d562d17cee75681b1804c8aca5768,8,0.162140681675973,0.90964941141118,0.0351510668603142,0.984746161478671,0.912859276602206,0.557770718627074,0.0872403811291283,1.46555886150609,0.032668564174788,0.756514402151554,0.000352532693114131,0.0439027387872227,0.888047025618914,0.000708459826207455,0.84428249758111,0.107295927989336,0.779465534178683
3c8cf6c2e5fe8341a632e50405b5970d,8,0.171004420450687,0.544159086069642,0.587380875534351,0.607152910290375,0.920060466102304,0.506730521732536,0.17490976221174,0.319902172210508,0.046095114831673,0.807581628420478,0.000433246868918231,0.0606001148334785,0.436844379801385,0.000394751660495629,0.682148334505472,0.0730098493681572,0.608245079643473
ebf27064c115e0322d3038ecb4684074,8,0.24253803693589,0.815045725986103,0.237320919173499,0.369411879002274,0.530904234583808,0.417992301960991,0.17172584978524,0.188878107199397,0.0324310520563555,0.717340436558289,0.000536439507690995,0.0629105535129794,0.602426081208325,0.000507486726026083,0.695777482481814,0.0699667045337384,0.521792028428502
9d0ae145f1f6db46bf9a963dc525e93d,8,0.180371701003978,0.942032549615465,0.414536168489773,0.885595555416486,0.148099423664766,0.976308753537828,0.171041455652162,1.61899373261886,0.0381727107695183,0.74367062790217,0.000460124774651322,0.0385659336154981,0.471677489953303,0.000450333533228147,0.88567338306143,0.108569498457825,1.47861861966682
62b4e5a176f1b00e8d642fd7e52f3db9,8,0.230837102663485,0.770139356851587,0.203961834383937,0.689953124696605,0.541515228984833,0.756916718247143,0.0635617761810095,0.990065987531118,0.0405140073228795,0.616855765288077,0.000385969201705016,0.0570943208999328,0.774050099349676,0.000176412762338727,0.904571526401053,0.077016041199769,0.898514989422882
a3b80487dd34f0a1f2b454ed1c8c2c40,8,0.17758093714461,0.667650402570893,0.721736033176644,0.0611916126663495,0.152985328266274,0.666924913680475,0.119106631110942,0.460429689805332,0.0296274912744018,0.739300742098738,0.000358396931007059,0.0408192974080776,0.451725740637773,0.000770403269828645,0.732428642850666,0.106115289259726,0.255058247579369
a870d80f18f4385611cfcb5f47eda622,8,0.203114154980714,0.693068234586364,0.500626831432096,0.00551488261348021,0.0790589890940807,0.737991041882391,0.125554386558889,0.137078591285029,0.0366580304235942,0.813193458004102,0.000498432445659727,0.050665352484111,0.740769245739931,0.000167312233522276,0.852356437927064,0.0859326024263117,1.1934446575073
28e38b3f5824abbf3ef21615170f9e1b,8,0.202185966470169,0.757138188021649,0.125985700728043,0.0611920137029066,0.656322878852695,0.94520461928451,0.0440974951256967,1.51260400128848,0.0411055432496225,0.762803987549226,0.000367447226435773,0.0445357171315912,0.958820809243977,0.000774165940371011,0.784027719836939,0.100588691746881,1.03658103466618
96b168d7f9b3c6060692352d99c6eaad,8,0.192892719822699,0.997258572156943,0.017772717223013,0.276325162409716,0.654259121089948,0.912391800250833,0.136767817937181,0.589113338023974,0.027221100749297,0.610734445083577,0.000401920690102849,0.0457290248770909,0.618760345453715,0.000686040856361792,0.803946758768274,0.0969759652713267,0.739080824091182
2478ffe25b5d5457bfad05d2d41e54ad,8,0.171191345245453,0.910187481661887,0.464755226402451,0.550974388114512,0.0802061355059199,0.271933704065352,0.0444930022458648,1.43925788356415,0.0363781238700089,0.838721883317626,0.000487239133231159,0.0326086404224095,0.90320191560228,0.000146379914058544,0.72743236011103,0.095720136809334,0.963052255328446
63649be4d95275f3a371bc4fba78c5d6,8,0.125864538901943,0.657415861825037,0.438526349380023,0.682530841893201,0.367800643336326,0.573386311550723,0.152525470129313,1.44815845272507,0.0426035531957065,0.689961732978734,0.000387487927531566,0.0435722988170805,0.373424008824485,0.000233582877290085,0.772464212829608,0.0854794526058102,1.31756272127454
8973f0c52adaf77499aa65e153896083,8,0.140941244438368,0.438906409790994,0.194925668926803,0.102571605351935,0.0417578517053591,0.547885678592803,0.0736933483531438,0.851022495887028,0.0367829171468763,0.847375252881431,0.000414578653608762,0.0414370328747474,0.675561103988102,0.000259780400721115,0.669495065845446,0.081244735471851,0.445179833451017
75529237de2023473bd6c4e92f62b7ba,8,0.161785333321324,0.974623605263459,0.719779720693529,0.0260233460683102,0.7862029432611,0.472972355778032,0.0599572782277825,1.51431662625517,0.0423395641400647,0.79645896615713,0.000422584328599567,0.048177044526755,0.957854220572967,0.000741169480152344,0.899533894994981,0.0759201050465363,1.70538765229852
e5a4d4e0b4f1ab9115a8685d39c74965,8,0.1664152932218,0.933298378789165,0.863942819462921,0.208864694831153,0.326096957898853,0.436993616420325,0.0575918530884864,0.759706247681519,0.0410906676305219,0.754321611225207,0.000461065606242081,0.038887919629341,0.994769573975921,0.000998556573015593,0.690856214430176,0.0804948742282252,1.28500762925817
34afdafa0156dce185fa8f25ea878dcf,8,0.152637665009927,0.97887447974563,0.565931917587569,0.768356697667948,0.521735355834227,0.618124208766162,0.0998664545966489,0.994109674139419,0.0446940273967607,0.754309485621933,0.000422076366826107,0.0439731902485657,0.687170910824394,0.000262553833562604,0.6865230251726,0.104277061465682,1.88669919336653
ad3c5cb1ec68eb454acb11da3538f713,8,0.226310653248547,0.849418619477818,0.778355511658952,0.921268264540584,0.401768285505395,0.580598849360843,0.171999150043261,0.381935203904461,0.0452386358817281,0.719222685414193,0.000631375607025554,0.0345934869836376,0.476499705625691,0.000415425403716566,0.919555552176983,0.077264842135326,1.93234653955105
00cea6c65b463d6f753421b5c24774e0,8,0.154286893298594,0.664823665380103,0.501297080328924,0.381143144323193,0.431060028131812,0.630741220876592,0.13905389486849,1.86200467732672,0.0299782172571799,0.818499660117698,0.000438389236255003,0.0456503747840954,0.586716819825344,0.000291756949867627,0.910488646228653,0.0832243282179555,0.759620757858539
2f8b68660d920d54225202f53e6a5f49,8,0.235738280461125,0.907215198268579,0.305689511153272,0.48416775028538,0.752826032802319,0.692039561355626,0.139826550003966,0.288108204258823,0.0427002083345101,0.644297674066474,0.000472065428516369,0.0452547455906421,0.557646072281117,0.000652163053046959,0.909651251391922,0.0878646898089442,1.59671304437362
07ae84623e14e84fcccd74106122c48f,8,0.198579675703742,0.594925707815442,0.451166004497311,0.198931928255958,0.409110194354041,0.558331910210438,0.0667476831587695,0.738634380916853,0.0298721200352347,0.766954877694105,0.000349739668154772,0.0406690701832305,0.866299008676405,0.000458744026225805,0.894789344817161,0.110260800688907,0.282292440733117
0a5fe0860b8932920bff27ef0cc769f4,8,0.169895158869235,0.699464498474587,0.216945503243067,0.378604580794465,0.756051967886092,0.772094091248559,0.140016405044817,1.28409467994688,0.0346387506717807,0.740359246757353,0.000371621227085112,0.0524649912526616,0.955855783406167,0.000760158007748475,0.707939181868031,0.11063353072662,0.453588733485357
48075baefc521de35a57f69ac1dbc574,8,0.190359064992054,0.827043171611796,0.315656767387614,0.746774291000141,0.0201377257520354,0.999232963293402,0.170079457896435,1.56508867134629,0.0350075497784873,0.718855387025396,0.000401895857726765,0.0479875504891187,0.571144528720253,0.000240590356579664,0.774482054932182,0.10461025166118,0.331157235553951
ce727e771605e492b7872f0f79c384c3,8,0.176087119859368,0.774011267916899,0.339846177397823,0.952420704970119,0.310733109663261,0.509230066413655,0.151158468438113,0.271500188105199,0.0341724982696946,0.735669817574021,0.000410307776072364,0.0559126186010382,0.370182806912122,0.000759028482688636,0.88592633402931,0.0757307508105239,1.54875030810025
989b93cb603ca4def5bbf2df56a46255,8,0.15181348704742,0.650259963583472,0.331194195589479,0.144011695523359,0.182479465389145,0.904648319926905,0.0482708469607077,1.27345440510794,0.042313357585066,0.761733474074242,0.000358288572190571,0.0422069362759239,0.858762198624864,0.00074043854086003,0.771996602920501,0.092385548214429,1.38062892169241
32bc2edc54bafe750b4c3f6dd6812590,8,0.173972547836727,0.759589491860402,0.533116563099132,0.613359294996309,0.762774948419589,0.591048543226031,0.102702890916429,1.26908370982481,0.0261554443219726,0.782797944951736,0.000350109362057053,0.0612746327221129,0.859207428693589,0.000972602108519227,0.822664092864293,0.0996749238246573,1.44359107160241
38809805c6b295bc7b49ac4b0db0abaa,8,0.120052366839071,0.580997255463482,0.746849143821181,0.146909561260511,0.4232792854413,0.657896817287046,0.0940045176129146,0.225197736943298,0.0456786619761954,0.796610480786463,0.000313976239232302,0.0603061843463683,0.647496427073077,0.000414917472716393,0.953417595844287,0.0858596552176246,1.09557270385509
848adc58f2bed0787bae0d69ef8addf9,8,0.200223896708559,0.925030650885578,0.524553052008063,0.82818635650289,0.195436387235549,0.881949191519118,0.16281194183056,0.682368961559629,0.0441131979767072,0.767650324738227,0.000468902632860549,0.0640446813282832,0.913286363314569,0.000672692837063913,0.651063335472349,0.100011988396888,0.895023256823241
855d9c6183975c16205657f2d6665a63,8,0.240976789097665,0.715578946217088,0.283961932862636,0.298400834056888,0.277011752109512,0.378348390531865,0.133129184386579,1.03562594662365,0.033715863390809,0.739646456037804,0.00051178485900296,0.0509424833930457,0.839156147003053,0.000548190018947344,0.747514533800138,0.0829047507440211,0.285275447187223
529234a5d38ce6a4ff90caa9df4990e7,8,0.175972989968333,0.542432388061023,0.185918289418024,0.901148871919089,0.986100788052033,0.656849337677558,0.101855327856105,1.60025386195029,0.0275183800995035,0.684959929426473,0.000371460130476593,0.0432203542776551,0.563575080168544,0.00100105143102463,0.853372929691644,0.0772499545260506,0.668917022886483
7a632fd349492736c50d697471c5e927,8,0.168505648700079,0.777763978744468,0.370597227281473,0.721364306224243,0.590351556704879,0.925022791720055,0.123386245346495,0.424473055248568,0.0354820066351113,0.787891896180338,0.000454487475620021,0.0629472319394743,0.83665778142589,0.000958439875663952,0.702548775733481,0.0777129461140472,1.57951314788993
dc064f168ee4bfeab7805d9771ef5185,8,0.244877403427806,0.708669197001837,0.762557045679577,0.0434889267594896,0.496766407989404,0.560254341458685,0.0453005564279899,0.186173323266679,0.0442057102875522,0.715504062189079,0.000405057955805494,0.0393213648077002,0.871513149539664,0.000331809342935745,0.999939785072895,0.0981641480329516,1.55444064769108
dd692754baba1741baaae50b15d0ba4e,8,0.187986830406769,0.748195853991218,0.855774058714245,0.0632092679577695,0.51160313972272,0.851041396349756,0.144997772109405,1.31482228238876,0.0342867656289916,0.833297263761423,0.000356804811746666,0.060437497960505,0.410878598553786,0.00104152409478547,0.869468627473745,0.0905295378459844,1.69203642711867
9da6d01d6d79113d435d2e8e09a45172,8,0.157946976456665,0.915506613842284,0.0866363854762783,0.150014598065241,0.817286414877111,0.731747135060346,0.161716656175328,0.888224573435435,0.0366446028593611,0.706699184744841,0.000425512974421849,0.0451251095232873,0.751973530721089,0.000825764570013261,0.945148084191045,0.105648334869175,1.52505319169333
97bd2c1efac43a2ccfea39cd14f00972,8,0.219214522265797,0.804338126960208,0.944918162792678,0.381659641006742,0.314967141486653,0.88527822537889,0.154363009668387,0.16818842919203,0.0302439550402661,0.674384385232646,0.000447859143475366,0.0553664412254258,0.88117766470258,0.00100942566515002,0.754003380646262,0.09026194802584,1.1910803321667
9ec4207bf9595d4dc99d4ea7ca5dfe5d,8,0.115657641643842,0.7187160772614,0.775127947620572,0.236873329657041,0.439884336048203,0.827644156670132,0.0937532654422392,1.89250242923518,0.0305746157484632,0.766024970627961,0.000292994767513434,0.0683288740781996,0.810154223948844,0.00111284421370451,0.929683598418842,0.0914234009793705,1.49648161633208
60167f89cc4dfbdf7cd7378ce28a9947,8,0.201059417536586,0.579075021459259,0.043560219030187,0.963875621640182,0.867394584775817,0.497840327815293,0.0450239724045254,1.86267241495817,0.0434826242395622,0.62480610094236,0.00030367147950639,0.0389731399398711,0.80212233589811,0.000936847640243065,0.924948905491963,0.102298892376535,0.273044664135676
304f1938f48accf502dbde082cf6504d,8,0.205227017709539,0.893183335037815,0.0945088993410087,0.312670946751999,0.702709541911506,0.477016567971019,0.134895586039617,0.200325216976681,0.0466026427919353,0.758379611655028,0.000559413723568957,0.0444123498162884,0.759443554674697,0.000155173598711815,0.955942019479697,0.0821169949011179,1.98696047645263
37380c5aa07e3a9bb238e7ab7da93cfc,8,0.24316280771996,0.614273812795136,0.153990910921129,0.34417289823934,0.10315562214045,0.552675978444547,0.174124444760739,0.57505258638894,0.0401345765466729,0.710686889464418,0.000561718303433729,0.026380111899111,0.30136023522172,0.000468272877022819,0.887080543277462,0.0974055119810458,1.47716280283068
d591360bbb4faf631bf96f3fee192701,8,0.245056390659603,0.815761383959378,0.610827283164784,0.130798264673452,0.114428601536852,0.725574867521258,0.0940356244335538,1.15755804467815,0.038163984183771,0.826151315291983,0.000542243878525454,0.036820285436158,0.619712815270279,0.000557643110503398,0.842991908404566,0.0966570407048245,1.19771072435442
8a36f1819c9ddd8267918e4013a57c15,8,0.148139054380928,0.413077655727694,0.20681865654213,0.864647593020174,0.88418873268534,0.738065985589875,0.115546160656792,1.28358764608979,0.0292995669202316,0.755098613141364,0.000374425401483954,0.0348078697802563,0.731466964324032,0.000815980231004028,0.921691860445635,0.0983166918913708,1.05294134067514
e88b03783fcd31832eb00d3dab2b3e12,8,0.128812233920391,0.810517924802136,0.0856407788022668,0.155917875752767,0.569970284853548,0.466982246148897,0.146408003396319,1.84108359724958,0.0327100255705263,0.712443471133956,0.000418560451068362,0.0379756949666227,0.767073037755241,0.00100300796265194,0.711233077719957,0.0862866886211189,0.326010791730342
567ea03cafe62d56cbfe2ae6eb8f40fa,8,0.13685314122054,0.891826902128808,0.658716303199317,0.0871716270444278,0.516840218691813,0.900351649324155,0.155379630402471,0.782171406907779,0.0268252472324587,0.637006265374204,0.000471775307369774,0.052734061356066,0.706696492484388,0.000238442678481403,0.773351013613703,0.086549621052598,1.91502326288644
d08890801d3aa715be9cb6c6998749cf,8,0.174384618397759,0.516111509489182,0.0683208236395149,0.391267709183175,0.246097043928543,0.726234356544198,0.108640392379637,0.769484018561372,0.041051413734358,0.642410675803942,0.000342165630849048,0.0469040353180203,0.567808852948474,0.00111492299115769,0.694300112700751,0.0991414186648158,0.255592147685773
f5d62e96d81d7e5c5722b12a278b435a,8,0.197784611173333,0.679804843991678,0.943744981112044,0.14224221349437,0.446335447073267,0.864292808202855,0.104986086863104,1.38460448438724,0.0310689120860066,0.721056454787044,0.00034701366499573,0.0569483964707541,0.720402895247565,0.00105575816717744,0.659348056011726,0.0929142928304464,0.363760703233598
5c8c5b0e67856838475b90db0c4089a9,8,0.131776204973756,0.812640049113426,0.637502961216464,0.942996461751172,0.129320979279291,0.515875737106988,0.141408407395905,0.460930742397393,0.0411630951838084,0.701202640028607,0.000539880310793773,0.0481648652056783,0.870327310876137,0.00016994550468735,0.671656259193107,0.0791341262491488,1.59949296975059
8f96f81f12388ac7d55ebbb2b0a572e8,8,0.212541011336601,0.680879306309029,0.489082884108442,0.193751447729147,0.0281344843873761,0.701627612494731,0.143136842619257,1.64935217546497,0.0321892327348012,0.746151506727303,0.000508583801300438,0.0347461944133972,0.515072493248794,0.000477371073309062,0.709988592626144,0.104099737745588,0.249054478302302
9dc1f37c3f6483e03c525dac40490a4e,8,0.209733726317331,0.752633547528716,0.471141874951153,0.655066058024343,0.0574011129254872,0.683408891603695,0.11446280536699,1.3185048685192,0.0369258404873387,0.81322257676592,0.000409221564642757,0.0643347824738669,0.45409174678066,0.00109546134778288,0.771673630413109,0.0736718048921829,1.18972608311996
95d6e0d04683fa2c9aa1ab538bcd6ce3,8,0.245935563041651,0.874523616579502,0.52702503853683,0.456960442236159,0.0658317829520093,0.950453427849262,0.121692454149967,0.858133049295063,0.0454726772250269,0.687675011112917,0.000445367780282952,0.0484984918448905,0.886738199397864,0.000157732618470497,0.878521922442518,0.106981289848294,0.803941536706396
25dc79f02726df8cefd27747ec62695b,8,0.194901977047605,0.726935461083119,0.583977902909631,0.803979246757363,0.901536672605332,0.536772355370767,0.114596036470316,0.911016599153685,0.0453498823691311,0.756615416305542,0.000403575777118236,0.0653077373533558,0.555810017387542,0.00032384151372975,0.749205611428786,0.0731146165068977,0.294300265022014
a5faadbe8393f4a85464844b312174d9,8,0.226297836821952,0.777268088801376,0.336864023078935,0.211391919145775,0.248175833846788,0.55862424411004,0.167303232191368,1.68101360625561,0.0451036915342286,0.745975533315902,0.000556992452820843,0.0329809336248679,0.49329856189736,0.000661274839356918,0.628668053994515,0.107637072957601,1.35369305435503
693d1e3852fed6a69ff400dc8a341e33,8,0.206256663272937,0.839277928258014,0.362556522809832,0.0112279981872587,0.266410509825082,0.958649943469925,0.146935539629717,1.45798676426,0.0449801997074879,0.662255513231824,0.000479605342705056,0.0680933461359042,0.945200255788146,0.000403647804975061,0.653722477180268,0.0853195321130379,0.922551718414401
2cf86f82a94e6afafd23fc4f9e85275a,8,0.105518683600097,0.515519004293741,0.506919845668171,0.488202316743349,0.238044024428972,0.666036198493317,0.0664973834274848,1.4678573212348,0.0427707928609401,0.732369707665318,0.000352986414937769,0.0402077929056246,0.790002646616189,0.000157989142870578,0.73491812710509,0.0864716915343682,1.08090875207798
b5855e1362d5e69871695eb174289f60,8,0.132901781644203,0.520027110069554,0.118076554949152,0.395768064074509,0.965851592131572,0.48693087295029,0.151736036535094,0.954296491586279,0.0395225673370085,0.626461376036836,0.000364758159555826,0.0377131935063756,0.526498126664747,0.000496790291846747,0.625787164541349,0.102072182920061,0.61773333965112
7ee5e5b65241e747f935a2d218404217,8,0.217960529494289,0.965413246374672,0.422391977308982,0.62115989929024,0.2257174473569,0.772112914965942,0.138216868210038,1.57512453909984,0.0456357345951397,0.634114915503609,0.000425224389807969,0.0518142529155791,0.517778879706376,0.000299469306697086,0.773421338017688,0.0990648810330807,1.69736396109991
ed7f02babae3fb37656462ec71b19886,8,0.122718317980272,0.589662782795308,0.943158986900303,0.295873394244546,0.102396071739837,0.781348188508649,0.136472476221884,1.73629935125961,0.026357443861583,0.729283131170861,0.000410714305413921,0.0494099026615119,0.409221982954667,0.000435800336051116,0.746174387226752,0.0710484256981957,0.778215437256944
12e75d22a3b280afa5f7edd6b885c605,8,0.173177214073309,0.506463480083883,0.929014094183581,0.0647231977718868,0.349465251587561,0.630590551984581,0.100495632827457,1.36820262866648,0.0385613426631837,0.817075747593083,0.000399009319781453,0.0522633682715206,0.409029322069079,0.000873722757503127,0.737784276791651,0.0719930917739538,0.796099664353987
248f25cf39ee8129dc1e6eeb67c78e73,8,0.133835118723545,0.930201228074876,0.632714043527684,0.716338043959781,0.662980941581071,0.394180673656553,0.155159017229841,0.999946819009316,0.0350838340562384,0.74373233844102,0.000415969216799575,0.0581298031699429,0.943998606346435,0.0011005249744632,0.895835601313881,0.0832290970256034,0.900321252825485
de3c94bb74521edc6d5880188568b824,8,0.169675142391606,0.824990313132132,0.805431296958379,0.396332145171233,0.221634152463607,0.595245549758412,0.144938858338303,1.31811277876251,0.0396470935021339,0.717752954148947,0.000375639425561027,0.056648333141138,0.628108775233393,0.000908685648087678,0.85041098182194,0.0915382974796122,1.04637556521603
3554f70e86307dfee85056b0978951ca,8,0.108558218786269,0.845712900636092,0.505102119371963,0.530645701877999,0.15244321163439,0.300391823880392,0.107262786028494,0.694756212315346,0.0386655393837623,0.689702563938344,0.000338742137528726,0.0437641998677997,0.732488033917983,0.000719645226684147,0.854053943261817,0.0887597088422731,0.560209784304349
7af4299fac9f4febc91722c6ab228554,8,0.24696739381239,0.681122105217094,0.868266558531511,0.845679647468462,0.0900721574567861,0.404327305650969,0.05460681800535,1.52948418840342,0.0401830233398885,0.82908401838238,0.000536359603061053,0.0356912498886782,0.963299324418668,0.0011258352041046,0.660316997867944,0.0841421079014223,1.11844248484597
f0b55d21ad68834a87c1ac4a714b30e5,8,0.196061875046836,0.663350268734012,0.817778815742606,0.929064871761383,0.844128333909149,0.309397201563672,0.0450629558941403,0.476291921375455,0.0286314586589432,0.79109958088869,0.000362084158085816,0.0396107979248907,0.798558083850333,0.000629678185432218,0.831898035777822,0.0958072129277163,1.13783377014996
fc6e172878d17a8a53581d1e2475f0d6,8,0.109037871827549,0.475330605930596,0.373978158782788,0.910260857477431,0.470823421442371,0.883221042113744,0.144507735237028,1.43798938103108,0.0288914861589023,0.623368399535581,0.000275752787620583,0.05589974900159,0.34660270931722,0.000359364409553318,0.762065208545906,0.0943325623926496,0.910400772663179
a9997c11b685a1b92a92f7a33278ed99,8,0.116301267296381,0.581903633742925,0.247441050518332,0.30120505049823,0.327772840917751,0.440992895330339,0.101809746692931,1.56550649064231,0.042245747384126,0.738130500164103,0.000352110079992457,0.0470181395113419,0.500910103959754,0.000684267550211796,0.787441502714803,0.0759955823699158,0.807110793482077
bb8e8dbe87c31fa8c3881263e6d2571a,8,0.249820430120008,0.692210363061146,0.355774869670739,0.286923196317803,0.492148599176572,0.718106468907536,0.144684252907261,1.10087973389347,0.0433493363410587,0.652009389815173,0.000500449852285434,0.0501399045909672,0.548736972699125,0.000491280136983854,0.787671409281274,0.0814018609273985,1.70884847120313
5d3b8a008d3dcbfff6cb265fced88ddb,8,0.192203084212809,0.954049551148835,0.496913606107615,0.501065480585676,0.564945536286207,0.73581608113602,0.0442797681254843,1.35892973554629,0.0457091410139622,0.677994190051339,0.00033513919859113,0.0551802521062313,0.969615589837519,0.000422423425021741,0.733607758849468,0.102164265428537,1.31688543347946
ff6b508bdfc4d178584ef00b0130319f,8,0.214495919138035,0.781309524467352,0.405812712187951,0.880904334087784,0.67890691537244,0.614077579928723,0.0987308134177071,1.20978144302834,0.0346688518765264,0.666873703593605,0.000380583348913014,0.0596365307644232,0.761346847112661,0.000617823434693212,0.678598982372701,0.097999104783983,1.52862101525508
2e8a2dd13f751dd1266a44cca4833ebd,8,0.151421000236807,0.665541153318228,0.163313507526353,0.82971963258075,0.585761199288981,0.789635719525166,0.111659069377095,0.127771895679467,0.0319989558872498,0.79479363954849,0.000332558715959616,0.0574044255817689,0.684792189178675,0.00063111123493623,0.906052872725492,0.0968281069271618,0.649983539499767
3495f4dbeeabbf752af11bc0694adc5d,8,0.214253421098505,0.694748102037964,0.37443171891389,0.481420374827079,0.597266022077101,0.535952846741213,0.113624860627907,0.31274181316057,0.0460324895939229,0.624288057133954,0.000375206389693406,0.0586875204021065,0.893931015252218,0.000238187259746101,0.882723612918686,0.103622198035504,1.15645051324606
f19617600f0b7f5c76be848b932bed3a,8,0.175161512710143,0.995804042926469,0.0995501037715654,0.477527775513282,0.421303359736476,0.532699608749114,0.140266532684979,0.773929076930736,0.0307301384500339,0.691967276383186,0.000536010133444503,0.0420008418459613,0.783169744746676,0.000733492960704002,0.88575472420284,0.0855297028291549,1.89734049673742
92a132fabe3042b0f596a6705a734e0e,8,0.198541934762156,0.661168448331559,0.158775889104376,0.0409411779971218,0.498541126450993,0.973899370985367,0.139838794977149,1.00327537026973,0.0414748359495847,0.660501000901538,0.000397433517730522,0.051578941657304,0.451639155424348,0.000327335848101545,0.993261377909237,0.086343200809633,1.35584161348364
2445d5f4ee8d65125c443f7f2a592be8,8,0.115747423992169,0.989705240482226,0.824825555924617,0.157482673787796,0.312465766769361,0.27314994895199,0.159798190223927,1.08601820719791,0.0355160241645485,0.835136069946769,0.00039989908999789,0.0588230102751471,0.816361484753451,0.00029096208441557,0.62815422617308,0.105874240970525,1.01227817041803
06c98a8612be531cd388a7ebf7e8ce1b,8,0.114766652955087,0.832840929400986,0.408114097046166,0.733378898634983,0.28509336525576,0.662589061840977,0.16044665006684,1.11093590719542,0.0414776928610932,0.623833750288712,0.000349022024653814,0.0428254073664697,0.327045286180832,0.000215045735436554,0.837846727476081,0.0982369797711039,1.25798730643903
04b94a606656ddef8fa7a6071a5efb87,8,0.201174005381993,0.876357142141848,0.208086023938205,0.196293514205266,0.977897351061384,0.357827431861887,0.143394044536609,1.80648088116364,0.0276520245323318,0.782347834640403,0.000449019108504154,0.0569813462241295,0.363513185983331,0.000743233752117123,0.930064866179791,0.0703818273347932,1.49377460296492
cf91603675cfc9ffbf9efcb76ca207ff,8,0.143646853395295,0.906327905602067,0.953663223084021,0.0542566534151795,0.490577465586847,0.657984309096071,0.0690292724067605,0.894400648004757,0.0291938238043716,0.830272537831355,0.000297648998679479,0.0567279037412964,0.640321484357785,0.000856522988168417,0.636792907993712,0.0964986352318625,0.860142973676248
453784a29daba1d3e26e37fe3fa95012,8,0.248959886105101,0.567580947887993,0.323413594010276,0.847591291767929,0.748919118115446,0.592942083708961,0.131150458986061,0.377723724444898,0.0385064476603803,0.77189051527595,0.000388774816858753,0.0564580569632543,0.662987366674795,0.000341077173471926,0.861059758453121,0.104764876937042,0.488909903850454
2acb3fad67e5775c3c0a15ada61efa0b,8,0.190120463424568,0.879426560194825,0.154456944201888,0.842863100104561,0.746791818631447,0.566605866117818,0.145995982765209,0.811587380778173,0.0272176221662726,0.675896501742284,0.000490044340590224,0.0403741165506738,0.480591998998776,0.000204794845818657,0.943981066891123,0.0919740830260351,1.8827760299439
a83146d6a142facedfdeaec9edf078d6,8,0.176658190612703,0.615587462222024,0.334543257735221,0.00586207501232444,0.942065841142047,0.588491745250256,0.157230953664402,0.509086097797261,0.029727821942418,0.671858845169225,0.000386013232654485,0.0520952413745022,0.749806787436011,0.000353129193787056,0.976168581073035,0.0954859444233055,0.817781527881824
133b0ac28bd40c6e51094c5e6ca701a5,8,0.209779539800482,0.866146426802799,0.958621559144641,0.826362446371521,0.033322740291324,0.55841129190935,0.108102682245962,0.272965717982799,0.0385425366201318,0.723968979409542,0.000388716470031756,0.0678248251195774,0.682877966946346,0.000293165189601711,0.675771508399003,0.0890970647372516,1.36369040227915
84f8f0a3c356336ebaa0ad1de153f3d0,8,0.153419354394511,0.933826983171865,0.872212196080671,0.574255553310898,0.866669766025203,0.564452392543232,0.121677720137567,0.375754566706291,0.0350362054082169,0.789286368861867,0.000332387325059722,0.0590769578199733,0.630418166816384,0.00101044910945717,0.876081779458323,0.0883583661986298,0.646159351415699
5407d999582e99ebfdfc09985b1e6e40,8,0.153093751169454,0.52970961634039,0.964097948972845,0.789697531380259,0.184659761457998,0.408550557920645,0.0603258405104753,1.897300084306,0.0385848714003775,0.659529543804409,0.000317847591823149,0.0442630736604718,0.692540469315794,0.000729721474660244,0.695648206849969,0.0838527688558104,0.990376979331807
dba271e556efd7cd0e47c438724e53b1,8,0.162992237130292,0.652744137076636,0.682010841461957,0.104289040497045,0.473952602822306,0.492171495970033,0.130230512550447,0.544794218889789,0.0375460786344887,0.833964594532915,0.000408806055820458,0.0590800748090057,0.582223916359708,0.000156807824137629,0.725831858220157,0.0922283375262936,0.89741819927974
07b6956afb6a1ac94c938b7b0254b28a,8,0.178154491676638,0.655905689651591,0.0516140350553563,0.712823991179911,0.124513357597342,0.909577660698523,0.126707079850006,0.460181266537006,0.0382636393635172,0.604158056486301,0.000378480637182969,0.0504589031464769,0.651115209285953,0.000388051753143583,0.723453684259403,0.0969782700275913,0.403754100714048
75b136190303ecd466f254eddbc4f14e,8,0.189859279499417,0.928956894035866,0.675186820799495,0.403335322334999,0.463155111631786,0.384966474962153,0.109281409493007,0.303552244938958,0.0314535715343514,0.68738601563379,0.000466937465059794,0.0503670472487354,0.714563205720417,0.00041818814080109,0.654755701062141,0.090802081745754,1.75199562144885
ca707dc0fc56e3b272f2c937c359986c,8,0.1251914596381,0.722551792637329,0.296186417932793,0.243741681835518,0.133485264591205,0.638110207690805,0.0867602178537897,0.596419432234846,0.0447078544239463,0.740856442231058,0.00031180328825813,0.0667276242576007,0.605781364970521,0.000611585964882623,0.741669224555356,0.0826111372260508,0.585089943586756
77e888089fbf534c0e99cee547978f9a,8,0.130791950503413,0.400193579362367,0.160152969800162,0.207441783352765,0.426003563155502,0.872859457851718,0.163566910627228,1.50390662672356,0.0272300233347233,0.620449836431491,0.000290711720337202,0.0322755862236097,0.199038005118954,0.000886756087109481,0.827803992284518,0.103597589659208,0.277592273433248
316a142ea75e5631c5c3cc4cba42154e,8,0.128275031956716,0.600209542952211,0.396531369065907,0.916655637998997,0.0500166403792408,0.513146644080475,0.0656998753071808,1.86187690955443,0.0328465922497023,0.650017078076609,0.000377765719222213,0.0350438112314891,0.843576845691838,0.000147434638709509,0.766928883428522,0.094502132119658,1.08252339172051
0cbd8f2decff850c4bdc50f764b01a17,8,0.146113403881273,0.650432644424351,0.290167771962365,0.338924940510958,0.907663979410392,0.433256986762531,0.119932535246889,1.82456606248971,0.0430125604533666,0.700636150103374,0.000320922049037194,0.0504196264190432,0.920510132578067,0.000856039538746475,0.840599115761729,0.0951326451885551,0.247284090164993
ae896c8c75dc94e5e1cab33d4b5378f9,8,0.242935819845463,0.951598081271102,0.465913443000943,0.188214866122649,0.825249238303,0.59033115910755,0.107606279739153,1.41314815784359,0.040922728092428,0.720704096390627,0.000536885521451406,0.0354288588860463,0.657207603416113,0.000805565370683478,0.714400535741307,0.101124918669939,1.03368236785913
acef40d150c9612204fbc23ae1f1823e,8,0.220281133939908,0.572719106828931,0.90042950528025,0.886424742924282,0.376856644509295,0.714369221340769,0.146819574237719,1.65013647933982,0.0392224688150304,0.67374707711632,0.00040063174979494,0.0526629724113991,0.495026154298801,0.000657272823734526,0.692529688826865,0.08907042544325,0.422101532971301
0047e7436d0788b74eab2cfdf82c652a,8,0.237498542643026,0.438738156565911,0.169147336089432,0.905616315980801,0.641963007446046,0.801163608047616,0.0721793061487185,1.67701054709325,0.0446267866548415,0.730393098188831,0.000355840091445588,0.0646226363421649,0.683759040856545,0.000521518373757075,0.664945645552097,0.0952826549625116,0.521808045488468
4459c6c2ba362e6fe71191f4683d8474,8,0.120652373198536,0.827961545726147,0.692485843514561,0.794599342166535,0.478713145335924,0.298144816506276,0.123379038684546,0.861042867779713,0.0287867221116803,0.716289222707517,0.000345720645481375,0.0493842152974984,0.47627534393909,0.000444597804194702,0.678228520925579,0.0941856054744666,0.389887752035313
119ee9bc904f0d38c9dff566debbce16,8,0.165412191183002,0.996140465915017,0.869841824575766,0.880922677266336,0.0933153822841397,0.769049948047342,0.171128634299216,1.69949224042266,0.0404784327571129,0.685175894810857,0.000363081314352204,0.0646806157872706,0.734996372192605,0.00086833666332609,0.626540388496351,0.10702854072022,1.21481794249165
e63abcd4742938bf5b0521da61785a64,8,0.185446004751284,0.607837087008774,0.740524399203782,0.0268549667346387,0.712132864602968,0.494655279981607,0.152653881747639,1.82928456238363,0.0462681262428325,0.702444522644308,0.000376581242052604,0.0428287199436235,0.357378898911638,0.000729166142828623,0.698416261189083,0.102542847662081,1.38700006839278
fe0015169dcce4e2f53bda9a3aa72b6d,8,0.136254659545093,0.747961554661984,0.35730310001378,0.447131235437735,0.929002119269828,0.879720038107351,0.107747481470409,1.31589528254253,0.0366256886282346,0.81916092507331,0.00035318821820591,0.0515431557013162,0.46624011763422,0.000270795380101083,0.746974012936146,0.107787484446723,1.40418829595049
0f15bb73f8a3e46135b9ab56027f8d9a,8,0.232021765622859,0.964933988107442,0.476362387951744,0.98718627111911,0.300810269905949,0.630894858412815,0.150204314697606,0.428523349457184,0.0443412554989978,0.670460917540858,0.000453831865956228,0.0578240984935321,0.848044038172154,0.000270348185497893,0.921815532366705,0.103734443759329,1.38893492590443
04ec9493d97d6e6c997f410ebad09ae4,8,0.243142847742843,0.759135216699178,0.76877232256467,0.368124873216473,0.726729100573404,0.620534591335849,0.0940854089760653,0.101209259543482,0.0456316267769308,0.645318362698565,0.000427935622618049,0.0415285272083493,0.503553567932373,0.000637905694959009,0.995056055896947,0.0921132451882516,1.14330874949153
363e2812484ba49c8103757e1f69aaad,8,0.20138786544043,0.878155523170318,0.422791545972663,0.870285629849754,0.790884541820851,0.310555478254422,0.0977505525738787,0.461209152297695,0.0281901193978325,0.834672517731969,0.000436218217415962,0.0411682644680601,0.429119892494148,0.000651600114154515,0.868846895783353,0.105241097132566,1.79865593084326
52536d92b865bba0643898b2a8e693ab,8,0.200946397331359,0.502054913552665,0.391630496583872,0.418388228595842,0.133337115136828,0.641480704225806,0.0500394117457134,1.731208010782,0.0306399995195441,0.805366293000385,0.000344289076585282,0.0617675460313034,0.641790856401415,0.000270143312559926,0.730874782121329,0.0906644150945493,1.22791219990172
449896b2d9628312725b3bc362a810dd,8,0.151770748434758,0.429520470381767,0.578968963721007,0.976362609261209,0.215263726310548,0.500624375842337,0.0529174039816832,0.684739804184039,0.0459303459456358,0.769197561339324,0.000327753654111124,0.0470870578706479,0.745285798238855,0.000721386954154988,0.72981579589135,0.0892565091154766,0.720193113747875
beb38b1af09906bf08c02752605f45e6,8,0.170252211545578,0.671434260953782,0.688080465015681,0.0447940345768481,0.554010607526323,0.607423581490611,0.154669109139972,1.39546895093117,0.0339843636980266,0.624151751843165,0.000449323258738325,0.0349504180602428,0.358496336462471,0.000445787757388954,0.640148893687224,0.0954505768118641,0.818028922883081
b878c2c069593547b94b11240fb5bed3,8,0.102243234738622,0.528977773504752,0.800264756147055,0.112799526667804,0.530240315519006,0.572451187730576,0.0555331929241766,0.800202574919745,0.0255226989817745,0.681963081119029,0.000257406619336157,0.0441309595623468,0.930896068579991,0.00017103842628604,0.817221259287476,0.103805955414523,0.585518649312625
dc1437a77cab1977b59206d013fa155b,8,0.215918363739025,0.932674962282467,0.397421152514683,0.469963902925305,0.296955647336727,0.620452200178966,0.144510929363406,1.27697743072229,0.0308035502536218,0.633166956899153,0.000501882159028681,0.0391189630380386,0.492725219556857,0.000859881922769393,0.96124320676258,0.0872023543368693,1.79247276796525
27331a094aa21b1ba758251602ffcf6f,8,0.191832250425726,0.785185262045868,0.0381096692990703,0.676928934451237,0.134279283973566,0.900393187234709,0.0844409440962106,1.51665823252913,0.0440158635873722,0.722773381261453,0.000362598501056231,0.0669058343706979,0.507671430029971,0.000537967188083074,0.675663111906049,0.0862716934830143,0.469750265224624
053a8642a400386d79d66b255bfbe17c,8,0.148049836681943,0.538388167374107,0.358709667523337,0.921077064032519,0.123503423572932,0.712517607144044,0.110071271142727,1.5951714277996,0.0291094066435429,0.629806213324756,0.000370339856418573,0.0515118068601174,0.501938186174991,0.000589522357133777,0.894136303268599,0.0734404717090149,1.21822413965355
8da196a86ddf1a1cd0eb6dfe21800367,8,0.249214150454885,0.948398688928706,0.445893966034722,0.747138611519305,0.686025949957736,0.603672884807613,0.14535639453534,1.12994130592802,0.0315672845128178,0.710392027302976,0.000485082468613519,0.0612087737856995,0.661900844296313,0.000664806463110867,0.873390547500104,0.0825660357837322,1.36294215459386
c3f7ac15bb2df61448eff5bbe4bb5849,8,0.193774532202211,0.87281336575797,0.45335297665819,0.17634428311742,0.954278312419278,0.487850891010774,0.120974142144478,1.77038877754971,0.0305909638601256,0.706648283113887,0.00033021441588046,0.0617760980258386,0.574676838048669,0.000727780947038956,0.873738919739298,0.107815691430644,1.15393310344365
8ec50f8f3297e46cbce8bd603b374288,8,0.229213519454504,0.597698006471459,0.0637995566646329,0.756172766776547,0.707880918667823,0.581287456701455,0.107532725311717,1.74903573547273,0.0422272442701699,0.749677886722977,0.000379073386319294,0.0546674080012124,0.464230212965543,0.0004301567005127,0.679488165464219,0.105587109986304,0.735379607070599
a3b85d4afd47e76fb356865ef0f28acd,8,0.171811947548898,0.695674122805857,0.172333383023386,0.410087465535873,0.00435630381728785,0.637555604367316,0.0443095837917208,1.74300788757404,0.0303836803317761,0.738104284231205,0.000406321663319492,0.0405250886851708,0.943837249255243,0.000984268155903884,0.738657021193205,0.0909158208568911,1.54368330610214
47f8fd8eab1a4efc282349665e36add6,8,0.119249861075064,0.685761313332221,0.341820392959429,0.0238225361461724,0.560171715624695,0.460653428487671,0.172708115087086,0.419820148291219,0.0402942844662702,0.709045474200547,0.000356847689180188,0.0549512721726178,0.492263476231697,0.000876329264664793,0.937488168206755,0.0820779529521011,0.741348077127285
016c5eb72ede1da21ece5de4ac119c09,8,0.181958007561885,0.60410529009418,0.30245508779835,0.210964040305784,0.422690074026811,0.568941718003622,0.152448019251473,0.622036052232209,0.031832706100728,0.633540517213782,0.000346508135066421,0.0657649819544945,0.386271398597324,0.000521331910472675,0.907964590158418,0.0863749668240372,1.4345138562442
7d57910aea8e9bc419737dacb17f0bfe,8,0.162279799125138,0.502971688746056,0.443952739235007,0.382187074601962,0.234620107078072,0.729801799316927,0.131226561045719,1.79157604288924,0.0445179896428875,0.623952361694713,0.000301858492677083,0.0532703421273653,0.324944620440349,0.00104913927249932,0.645262624329627,0.100784988249282,0.701326515152866
3c64737724e3e94c36aa926f6d1b550e,8,0.12511559009752,0.554804285292145,0.755670888839129,0.188884007918943,0.222436643561266,0.397063602088967,0.0559475035753044,1.64255332596507,0.0378032864419129,0.605692167225498,0.00031674485870855,0.0322728688674524,0.88042367207645,0.000746660383449071,0.760244526582948,0.100612326561374,1.06670585056653
620a4c7fbde88780d453ee3e1ab8c75e,8,0.154616091140593,0.77195721428259,0.216018310201933,0.783323542530724,0.488875115259366,0.512169179513253,0.120007731431822,1.77119528776745,0.0357593433340785,0.612704272690115,0.000445446964025058,0.0379460851924471,0.589426869025971,0.000760993936598557,0.681155853041855,0.0875543330069262,1.30760873230971
418a3b1dbab0b7a1c99d3452c41fa025,8,0.237318197849926,0.693056028538284,0.366445855448324,0.248832647124449,0.956226111690236,0.577109629757856,0.0323906670167847,0.123766937749695,0.0377200212174572,0.782410640564618,0.000303834569050907,0.0614170116228367,0.850755618707439,0.000537163432557323,0.99508632114437,0.11064210268912,1.00145001217279
2061a3b519f65d335af6374db8af795e,8,0.163123943522081,0.652552527119105,0.762850826217584,0.0479529750218053,0.466331310831764,0.513834542062622,0.0499267929816638,1.10173670597908,0.0340941725959622,0.66994572588799,0.000322790131805496,0.0475178416335519,0.949285099210498,0.00045216158991688,0.801370854279378,0.0986357156936788,0.94998594465879
1eb481e366dc5f8d48d59b333e21371c,8,0.168939245781726,0.676056221767277,0.441865269335052,0.0440707144065527,0.793318411150009,0.919972229371426,0.130524740338135,1.29354680931569,0.0303944692827757,0.748145274316425,0.000336217016703783,0.0643189221124985,0.486603367792497,0.000860258981254807,0.794463227143353,0.100110910637941,1.48030517464102
0acd5e5718db39ec98d7aaa9a7e3888d,8,0.239531391604354,0.804149513751064,0.334927693732949,0.362593718754087,0.621231023100314,0.54087253832462,0.0410406679256621,0.350118392738529,0.0412843464927378,0.759708137856052,0.000439071364311577,0.0448018189152707,0.827453457445933,0.000786245360711451,0.939191297500917,0.0884366123447122,1.69718200485578
1704d180dba8e00e9d2032420d374022,8,0.224054817084357,0.446796350835452,0.773473810623468,0.502516719462686,0.982775300390905,0.75174618678609,0.0621315168879795,1.856273141909,0.0263344411433121,0.740916941303812,0.000311361883945743,0.055148193997682,0.831338643356889,0.00100294063349398,0.800732588795133,0.102459314227158,0.930909178688697
8c9d6b8356ecf83f9234ffbd6f85935d,8,0.233314901235841,0.646164991278716,0.897466128548121,0.279757607606452,0.666699457535082,0.653484444870038,0.0472572491644231,1.16099394551123,0.0328079261899289,0.682300050316378,0.000276280052051196,0.0669291786770577,0.718595330424588,0.000473879626657481,0.947011821917334,0.0951293136880328,0.547967999109853
c2fb40e28f770b98024bb0ed20e82064,8,0.173751881885389,0.919516598630823,0.888954756910577,0.974477114269976,0.0769758152994944,0.365933226444474,0.162643831411783,0.656011552817839,0.0334402343197609,0.767099314385915,0.000479354304193428,0.0611865381362927,0.758909289987978,0.000859366192372471,0.659495611200695,0.0884923362314525,1.52089920327229
3c47b3ad58a66912df92224ff4e59f24,8,0.159198507268327,0.720308485242358,0.506147800307817,0.575011538895573,0.580743664719579,0.59597663055797,0.17501275230305,0.941096463177755,0.0298322645601103,0.613979715470324,0.000369960881315603,0.0618078603334915,0.60875600849393,0.000893378659632968,0.838650661676166,0.0943167101520373,1.08558035416019
a21469cb52732109164e298ca4b2ac62,8,0.235671789552692,0.675509403743614,0.753570232999867,0.918791019207565,0.382526199048049,0.450138566399623,0.0925058607162048,1.468943498774,0.0404393043661576,0.735007247107526,0.000398326707614644,0.0594051362500273,0.566659036099161,0.000471932527468914,0.949915631504555,0.0877942651661296,1.64290363146816
30dd085a7af46078bef080e9f4653109,8,0.207537371777022,0.793042234191369,0.394192016778312,0.275598763030139,0.751682492813989,0.7204785533293,0.17243831270282,0.253462873622806,0.0454303567281397,0.624485733609772,0.000409238501495418,0.0558991888649715,0.49191228650937,0.000504134742931137,0.905640389167139,0.0976936157666454,1.32869118117982
2e3c138640fa62d5aa6963f5878ba5c5,8,0.247022907868437,0.669417382141605,0.485638790866411,0.158200945753162,0.806981387226449,0.830758296275965,0.0897781666725586,1.00462199454009,0.0320096294040843,0.747725339893856,0.000413533465062038,0.0632334612155697,0.879393289969933,0.000639269607307522,0.718319410550431,0.100688711460912,0.910753725635162
c5384794a19961e73d16dc3ed5d03c27,8,0.244000247855771,0.659516505155417,0.95629341101226,0.965352688746455,0.305336967025086,0.515877304401366,0.0534180885508376,0.365053887356578,0.0460003063889953,0.609434281585465,0.000362544849344466,0.0605636464903465,0.647131431168296,0.000944108633466883,0.869009301312619,0.0789333163943283,1.27834509020279
e0ad077775a7d5f7e08d02dba23668ad,8,0.237379069650572,0.77878694932537,0.783923926560297,0.434944324512018,0.410746311055263,0.334896700833939,0.0779941515530471,0.0999452904093144,0.0334611963222809,0.810134335200838,0.000399288251419504,0.0594663531615269,0.804534688156341,0.000910905961953378,0.654421421982016,0.104570259414269,0.781444046995872
